0 verbose cli C:\Program Files\nodejs\node.exe C:\Users\Venugopal K J\AppData\Roaming\npm\node_modules\npm\bin\npm-cli.js
1 info using npm@11.11.1
2 info using node@v24.16.0
3 silly config load:file:C:\Users\Venugopal K J\AppData\Roaming\npm\node_modules\npm\npmrc
4 silly config load:file:C:\Users\Venugopal K J\Downloads\new-deskribe-ai-merged\new-deskribe-ai-merged\.npmrc
5 silly config load:file:C:\Users\Venugopal K J\.npmrc
6 silly config load:file:C:\Users\Venugopal K J\AppData\Roaming\npm\etc\npmrc
7 verbose title npm install
8 verbose argv "install" "--cache" ".\\.npm-cache"
9 verbose logfile logs-max:10 dir:C:\Users\Venugopal K J\Downloads\new-deskribe-ai-merged\new-deskribe-ai-merged\.npm-cache\_logs\2026-07-05T08_12_07_519Z-
10 verbose logfile C:\Users\Venugopal K J\Downloads\new-deskribe-ai-merged\new-deskribe-ai-merged\.npm-cache\_logs\2026-07-05T08_12_07_519Z-debug-0.log
11 silly logfile done cleaning log files
12 silly packumentCache heap:4496293888 maxSize:1124073472 maxEntrySize:562036736
13 verbose shrinkwrap failed to load node_modules/.package-lock.json out of date, updated: node_modules
14 silly Conflicting override sets <ref *1> OverrideSet {
14 silly Conflicting override sets   parent: OverrideSet {
14 silly Conflicting override sets     parent: undefined,
14 silly Conflicting override sets     children: Map(5) {
14 silly Conflicting override sets       '@graphql-tools/url-loader' => [OverrideSet],
14 silly Conflicting override sets       '@graphql-codegen/client-preset' => [Circular *1],
14 silly Conflicting override sets       '@graphql-codegen/typescript-operations' => [OverrideSet],
14 silly Conflicting override sets       'minimatch' => [OverrideSet],
14 silly Conflicting override sets       'vite' => [OverrideSet]
14 silly Conflicting override sets     }
14 silly Conflicting override sets   },
14 silly Conflicting override sets   children: Map(0) {},
14 silly Conflicting override sets   name: '@graphql-codegen/client-preset',
14 silly Conflicting override sets   key: '@graphql-codegen/client-preset',
14 silly Conflicting override sets   keySpec: '*',
14 silly Conflicting override sets   value: '4.7.0'
14 silly Conflicting override sets } <ref *1> OverrideSet {
14 silly Conflicting override sets   parent: OverrideSet {
14 silly Conflicting override sets     parent: undefined,
14 silly Conflicting override sets     children: Map(5) {
14 silly Conflicting override sets       '@graphql-tools/url-loader' => [OverrideSet],
14 silly Conflicting override sets       '@graphql-codegen/client-preset' => [OverrideSet],
14 silly Conflicting override sets       '@graphql-codegen/typescript-operations' => [Circular *1],
14 silly Conflicting override sets       'minimatch' => [OverrideSet],
14 silly Conflicting override sets       'vite' => [OverrideSet]
14 silly Conflicting override sets     }
14 silly Conflicting override sets   },
14 silly Conflicting override sets   children: Map(0) {},
14 silly Conflicting override sets   name: '@graphql-codegen/typescript-operations',
14 silly Conflicting override sets   key: '@graphql-codegen/typescript-operations',
14 silly Conflicting override sets   keySpec: '*',
14 silly Conflicting override sets   value: '4.5.0'
14 silly Conflicting override sets }
15 silly Conflicting override sets @graphql-codegen/plugin-helpers
16 silly Conflicting override sets <ref *1> OverrideSet {
16 silly Conflicting override sets   parent: OverrideSet {
16 silly Conflicting override sets     parent: undefined,
16 silly Conflicting override sets     children: Map(5) {
16 silly Conflicting override sets       '@graphql-tools/url-loader' => [OverrideSet],
16 silly Conflicting override sets       '@graphql-codegen/client-preset' => [Circular *1],
16 silly Conflicting override sets       '@graphql-codegen/typescript-operations' => [OverrideSet],
16 silly Conflicting override sets       'minimatch' => [OverrideSet],
16 silly Conflicting override sets       'vite' => [OverrideSet]
16 silly Conflicting override sets     }
16 silly Conflicting override sets   },
16 silly Conflicting override sets   children: Map(0) {},
16 silly Conflicting override sets   name: '@graphql-codegen/client-preset',
16 silly Conflicting override sets   key: '@graphql-codegen/client-preset',
16 silly Conflicting override sets   keySpec: '*',
16 silly Conflicting override sets   value: '4.7.0'
16 silly Conflicting override sets } <ref *1> OverrideSet {
16 silly Conflicting override sets   parent: OverrideSet {
16 silly Conflicting override sets     parent: undefined,
16 silly Conflicting override sets     children: Map(5) {
16 silly Conflicting override sets       '@graphql-tools/url-loader' => [OverrideSet],
16 silly Conflicting override sets       '@graphql-codegen/client-preset' => [OverrideSet],
16 silly Conflicting override sets       '@graphql-codegen/typescript-operations' => [Circular *1],
16 silly Conflicting override sets       'minimatch' => [OverrideSet],
16 silly Conflicting override sets       'vite' => [OverrideSet]
16 silly Conflicting override sets     }
16 silly Conflicting override sets   },
16 silly Conflicting override sets   children: Map(0) {},
16 silly Conflicting override sets   name: '@graphql-codegen/typescript-operations',
16 silly Conflicting override sets   key: '@graphql-codegen/typescript-operations',
16 silly Conflicting override sets   keySpec: '*',
16 silly Conflicting override sets   value: '4.5.0'
16 silly Conflicting override sets }
17 silly Conflicting override sets @graphql-codegen/plugin-helpers
18 silly Conflicting override sets <ref *1> OverrideSet {
18 silly Conflicting override sets   parent: OverrideSet {
18 silly Conflicting override sets     parent: undefined,
18 silly Conflicting override sets     children: Map(5) {
18 silly Conflicting override sets       '@graphql-tools/url-loader' => [OverrideSet],
18 silly Conflicting override sets       '@graphql-codegen/client-preset' => [Circular *1],
18 silly Conflicting override sets       '@graphql-codegen/typescript-operations' => [OverrideSet],
18 silly Conflicting override sets       'minimatch' => [OverrideSet],
18 silly Conflicting override sets       'vite' => [OverrideSet]
18 silly Conflicting override sets     }
18 silly Conflicting override sets   },
18 silly Conflicting override sets   children: Map(0) {},
18 silly Conflicting override sets   name: '@graphql-codegen/client-preset',
18 silly Conflicting override sets   key: '@graphql-codegen/client-preset',
18 silly Conflicting override sets   keySpec: '*',
18 silly Conflicting override sets   value: '4.7.0'
18 silly Conflicting override sets } <ref *1> OverrideSet {
18 silly Conflicting override sets   parent: OverrideSet {
18 silly Conflicting override sets     parent: undefined,
18 silly Conflicting override sets     children: Map(5) {
18 silly Conflicting override sets       '@graphql-tools/url-loader' => [OverrideSet],
18 silly Conflicting override sets       '@graphql-codegen/client-preset' => [OverrideSet],
18 silly Conflicting override sets       '@graphql-codegen/typescript-operations' => [Circular *1],
18 silly Conflicting override sets       'minimatch' => [OverrideSet],
18 silly Conflicting override sets       'vite' => [OverrideSet]
18 silly Conflicting override sets     }
18 silly Conflicting override sets   },
18 silly Conflicting override sets   children: Map(0) {},
18 silly Conflicting override sets   name: '@graphql-codegen/typescript-operations',
18 silly Conflicting override sets   key: '@graphql-codegen/typescript-operations',
18 silly Conflicting override sets   keySpec: '*',
18 silly Conflicting override sets   value: '4.5.0'
18 silly Conflicting override sets }
19 silly Conflicting override sets @graphql-codegen/plugin-helpers
20 silly Conflicting override sets <ref *1> OverrideSet {
20 silly Conflicting override sets   parent: OverrideSet {
20 silly Conflicting override sets     parent: undefined,
20 silly Conflicting override sets     children: Map(5) {
20 silly Conflicting override sets       '@graphql-tools/url-loader' => [OverrideSet],
20 silly Conflicting override sets       '@graphql-codegen/client-preset' => [Circular *1],
20 silly Conflicting override sets       '@graphql-codegen/typescript-operations' => [OverrideSet],
20 silly Conflicting override sets       'minimatch' => [OverrideSet],
20 silly Conflicting override sets       'vite' => [OverrideSet]
20 silly Conflicting override sets     }
20 silly Conflicting override sets   },
20 silly Conflicting override sets   children: Map(0) {},
20 silly Conflicting override sets   name: '@graphql-codegen/client-preset',
20 silly Conflicting override sets   key: '@graphql-codegen/client-preset',
20 silly Conflicting override sets   keySpec: '*',
20 silly Conflicting override sets   value: '4.7.0'
20 silly Conflicting override sets } <ref *1> OverrideSet {
20 silly Conflicting override sets   parent: OverrideSet {
20 silly Conflicting override sets     parent: undefined,
20 silly Conflicting override sets     children: Map(5) {
20 silly Conflicting override sets       '@graphql-tools/url-loader' => [OverrideSet],
20 silly Conflicting override sets       '@graphql-codegen/client-preset' => [OverrideSet],
20 silly Conflicting override sets       '@graphql-codegen/typescript-operations' => [Circular *1],
20 silly Conflicting override sets       'minimatch' => [OverrideSet],
20 silly Conflicting override sets       'vite' => [OverrideSet]
20 silly Conflicting override sets     }
20 silly Conflicting override sets   },
20 silly Conflicting override sets   children: Map(0) {},
20 silly Conflicting override sets   name: '@graphql-codegen/typescript-operations',
20 silly Conflicting override sets   key: '@graphql-codegen/typescript-operations',
20 silly Conflicting override sets   keySpec: '*',
20 silly Conflicting override sets   value: '4.5.0'
20 silly Conflicting override sets }
21 silly Conflicting override sets @graphql-tools/utils
22 silly Conflicting override sets <ref *1> OverrideSet {
22 silly Conflicting override sets   parent: OverrideSet {
22 silly Conflicting override sets     parent: undefined,
22 silly Conflicting override sets     children: Map(5) {
22 silly Conflicting override sets       '@graphql-tools/url-loader' => [OverrideSet],
22 silly Conflicting override sets       '@graphql-codegen/client-preset' => [Circular *1],
22 silly Conflicting override sets       '@graphql-codegen/typescript-operations' => [OverrideSet],
22 silly Conflicting override sets       'minimatch' => [OverrideSet],
22 silly Conflicting override sets       'vite' => [OverrideSet]
22 silly Conflicting override sets     }
22 silly Conflicting override sets   },
22 silly Conflicting override sets   children: Map(0) {},
22 silly Conflicting override sets   name: '@graphql-codegen/client-preset',
22 silly Conflicting override sets   key: '@graphql-codegen/client-preset',
22 silly Conflicting override sets   keySpec: '*',
22 silly Conflicting override sets   value: '4.7.0'
22 silly Conflicting override sets } <ref *1> OverrideSet {
22 silly Conflicting override sets   parent: OverrideSet {
22 silly Conflicting override sets     parent: undefined,
22 silly Conflicting override sets     children: Map(5) {
22 silly Conflicting override sets       '@graphql-tools/url-loader' => [OverrideSet],
22 silly Conflicting override sets       '@graphql-codegen/client-preset' => [OverrideSet],
22 silly Conflicting override sets       '@graphql-codegen/typescript-operations' => [Circular *1],
22 silly Conflicting override sets       'minimatch' => [OverrideSet],
22 silly Conflicting override sets       'vite' => [OverrideSet]
22 silly Conflicting override sets     }
22 silly Conflicting override sets   },
22 silly Conflicting override sets   children: Map(0) {},
22 silly Conflicting override sets   name: '@graphql-codegen/typescript-operations',
22 silly Conflicting override sets   key: '@graphql-codegen/typescript-operations',
22 silly Conflicting override sets   keySpec: '*',
22 silly Conflicting override sets   value: '4.5.0'
22 silly Conflicting override sets }
23 silly Conflicting override sets @graphql-codegen/plugin-helpers
24 silly Conflicting override sets <ref *1> OverrideSet {
24 silly Conflicting override sets   parent: OverrideSet {
24 silly Conflicting override sets     parent: undefined,
24 silly Conflicting override sets     children: Map(5) {
24 silly Conflicting override sets       '@graphql-tools/url-loader' => [OverrideSet],
24 silly Conflicting override sets       '@graphql-codegen/client-preset' => [Circular *1],
24 silly Conflicting override sets       '@graphql-codegen/typescript-operations' => [OverrideSet],
24 silly Conflicting override sets       'minimatch' => [OverrideSet],
24 silly Conflicting override sets       'vite' => [OverrideSet]
24 silly Conflicting override sets     }
24 silly Conflicting override sets   },
24 silly Conflicting override sets   children: Map(0) {},
24 silly Conflicting override sets   name: '@graphql-codegen/client-preset',
24 silly Conflicting override sets   key: '@graphql-codegen/client-preset',
24 silly Conflicting override sets   keySpec: '*',
24 silly Conflicting override sets   value: '4.7.0'
24 silly Conflicting override sets } <ref *1> OverrideSet {
24 silly Conflicting override sets   parent: OverrideSet {
24 silly Conflicting override sets     parent: undefined,
24 silly Conflicting override sets     children: Map(5) {
24 silly Conflicting override sets       '@graphql-tools/url-loader' => [OverrideSet],
24 silly Conflicting override sets       '@graphql-codegen/client-preset' => [OverrideSet],
24 silly Conflicting override sets       '@graphql-codegen/typescript-operations' => [Circular *1],
24 silly Conflicting override sets       'minimatch' => [OverrideSet],
24 silly Conflicting override sets       'vite' => [OverrideSet]
24 silly Conflicting override sets     }
24 silly Conflicting override sets   },
24 silly Conflicting override sets   children: Map(0) {},
24 silly Conflicting override sets   name: '@graphql-codegen/typescript-operations',
24 silly Conflicting override sets   key: '@graphql-codegen/typescript-operations',
24 silly Conflicting override sets   keySpec: '*',
24 silly Conflicting override sets   value: '4.5.0'
24 silly Conflicting override sets }
25 silly Conflicting override sets @graphql-tools/optimize
26 silly Conflicting override sets <ref *1> OverrideSet {
26 silly Conflicting override sets   parent: OverrideSet {
26 silly Conflicting override sets     parent: undefined,
26 silly Conflicting override sets     children: Map(5) {
26 silly Conflicting override sets       '@graphql-tools/url-loader' => [OverrideSet],
26 silly Conflicting override sets       '@graphql-codegen/client-preset' => [Circular *1],
26 silly Conflicting override sets       '@graphql-codegen/typescript-operations' => [OverrideSet],
26 silly Conflicting override sets       'minimatch' => [OverrideSet],
26 silly Conflicting override sets       'vite' => [OverrideSet]
26 silly Conflicting override sets     }
26 silly Conflicting override sets   },
26 silly Conflicting override sets   children: Map(0) {},
26 silly Conflicting override sets   name: '@graphql-codegen/client-preset',
26 silly Conflicting override sets   key: '@graphql-codegen/client-preset',
26 silly Conflicting override sets   keySpec: '*',
26 silly Conflicting override sets   value: '4.7.0'
26 silly Conflicting override sets } <ref *1> OverrideSet {
26 silly Conflicting override sets   parent: OverrideSet {
26 silly Conflicting override sets     parent: undefined,
26 silly Conflicting override sets     children: Map(5) {
26 silly Conflicting override sets       '@graphql-tools/url-loader' => [OverrideSet],
26 silly Conflicting override sets       '@graphql-codegen/client-preset' => [OverrideSet],
26 silly Conflicting override sets       '@graphql-codegen/typescript-operations' => [Circular *1],
26 silly Conflicting override sets       'minimatch' => [OverrideSet],
26 silly Conflicting override sets       'vite' => [OverrideSet]
26 silly Conflicting override sets     }
26 silly Conflicting override sets   },
26 silly Conflicting override sets   children: Map(0) {},
26 silly Conflicting override sets   name: '@graphql-codegen/typescript-operations',
26 silly Conflicting override sets   key: '@graphql-codegen/typescript-operations',
26 silly Conflicting override sets   keySpec: '*',
26 silly Conflicting override sets   value: '4.5.0'
26 silly Conflicting override sets }
27 silly Conflicting override sets @graphql-tools/relay-operation-optimizer
28 silly Conflicting override sets <ref *1> OverrideSet {
28 silly Conflicting override sets   parent: OverrideSet {
28 silly Conflicting override sets     parent: undefined,
28 silly Conflicting override sets     children: Map(5) {
28 silly Conflicting override sets       '@graphql-tools/url-loader' => [OverrideSet],
28 silly Conflicting override sets       '@graphql-codegen/client-preset' => [Circular *1],
28 silly Conflicting override sets       '@graphql-codegen/typescript-operations' => [OverrideSet],
28 silly Conflicting override sets       'minimatch' => [OverrideSet],
28 silly Conflicting override sets       'vite' => [OverrideSet]
28 silly Conflicting override sets     }
28 silly Conflicting override sets   },
28 silly Conflicting override sets   children: Map(0) {},
28 silly Conflicting override sets   name: '@graphql-codegen/client-preset',
28 silly Conflicting override sets   key: '@graphql-codegen/client-preset',
28 silly Conflicting override sets   keySpec: '*',
28 silly Conflicting override sets   value: '4.7.0'
28 silly Conflicting override sets } <ref *1> OverrideSet {
28 silly Conflicting override sets   parent: OverrideSet {
28 silly Conflicting override sets     parent: undefined,
28 silly Conflicting override sets     children: Map(5) {
28 silly Conflicting override sets       '@graphql-tools/url-loader' => [OverrideSet],
28 silly Conflicting override sets       '@graphql-codegen/client-preset' => [OverrideSet],
28 silly Conflicting override sets       '@graphql-codegen/typescript-operations' => [Circular *1],
28 silly Conflicting override sets       'minimatch' => [OverrideSet],
28 silly Conflicting override sets       'vite' => [OverrideSet]
28 silly Conflicting override sets     }
28 silly Conflicting override sets   },
28 silly Conflicting override sets   children: Map(0) {},
28 silly Conflicting override sets   name: '@graphql-codegen/typescript-operations',
28 silly Conflicting override sets   key: '@graphql-codegen/typescript-operations',
28 silly Conflicting override sets   keySpec: '*',
28 silly Conflicting override sets   value: '4.5.0'
28 silly Conflicting override sets }
29 silly Conflicting override sets @graphql-tools/utils
30 silly Conflicting override sets <ref *1> OverrideSet {
30 silly Conflicting override sets   parent: OverrideSet {
30 silly Conflicting override sets     parent: undefined,
30 silly Conflicting override sets     children: Map(5) {
30 silly Conflicting override sets       '@graphql-tools/url-loader' => [OverrideSet],
30 silly Conflicting override sets       '@graphql-codegen/client-preset' => [Circular *1],
30 silly Conflicting override sets       '@graphql-codegen/typescript-operations' => [OverrideSet],
30 silly Conflicting override sets       'minimatch' => [OverrideSet],
30 silly Conflicting override sets       'vite' => [OverrideSet]
30 silly Conflicting override sets     }
30 silly Conflicting override sets   },
30 silly Conflicting override sets   children: Map(0) {},
30 silly Conflicting override sets   name: '@graphql-codegen/client-preset',
30 silly Conflicting override sets   key: '@graphql-codegen/client-preset',
30 silly Conflicting override sets   keySpec: '*',
30 silly Conflicting override sets   value: '4.7.0'
30 silly Conflicting override sets } <ref *1> OverrideSet {
30 silly Conflicting override sets   parent: OverrideSet {
30 silly Conflicting override sets     parent: undefined,
30 silly Conflicting override sets     children: Map(5) {
30 silly Conflicting override sets       '@graphql-tools/url-loader' => [OverrideSet],
30 silly Conflicting override sets       '@graphql-codegen/client-preset' => [OverrideSet],
30 silly Conflicting override sets       '@graphql-codegen/typescript-operations' => [Circular *1],
30 silly Conflicting override sets       'minimatch' => [OverrideSet],
30 silly Conflicting override sets       'vite' => [OverrideSet]
30 silly Conflicting override sets     }
30 silly Conflicting override sets   },
30 silly Conflicting override sets   children: Map(0) {},
30 silly Conflicting override sets   name: '@graphql-codegen/typescript-operations',
30 silly Conflicting override sets   key: '@graphql-codegen/typescript-operations',
30 silly Conflicting override sets   keySpec: '*',
30 silly Conflicting override sets   value: '4.5.0'
30 silly Conflicting override sets }
31 silly Conflicting override sets @graphql-codegen/plugin-helpers
32 silly Conflicting override sets <ref *1> OverrideSet {
32 silly Conflicting override sets   parent: OverrideSet {
32 silly Conflicting override sets     parent: undefined,
32 silly Conflicting override sets     children: Map(5) {
32 silly Conflicting override sets       '@graphql-tools/url-loader' => [OverrideSet],
32 silly Conflicting override sets       '@graphql-codegen/client-preset' => [Circular *1],
32 silly Conflicting override sets       '@graphql-codegen/typescript-operations' => [OverrideSet],
32 silly Conflicting override sets       'minimatch' => [OverrideSet],
32 silly Conflicting override sets       'vite' => [OverrideSet]
32 silly Conflicting override sets     }
32 silly Conflicting override sets   },
32 silly Conflicting override sets   children: Map(0) {},
32 silly Conflicting override sets   name: '@graphql-codegen/client-preset',
32 silly Conflicting override sets   key: '@graphql-codegen/client-preset',
32 silly Conflicting override sets   keySpec: '*',
32 silly Conflicting override sets   value: '4.7.0'
32 silly Conflicting override sets } <ref *1> OverrideSet {
32 silly Conflicting override sets   parent: OverrideSet {
32 silly Conflicting override sets     parent: undefined,
32 silly Conflicting override sets     children: Map(5) {
32 silly Conflicting override sets       '@graphql-tools/url-loader' => [OverrideSet],
32 silly Conflicting override sets       '@graphql-codegen/client-preset' => [OverrideSet],
32 silly Conflicting override sets       '@graphql-codegen/typescript-operations' => [Circular *1],
32 silly Conflicting override sets       'minimatch' => [OverrideSet],
32 silly Conflicting override sets       'vite' => [OverrideSet]
32 silly Conflicting override sets     }
32 silly Conflicting override sets   },
32 silly Conflicting override sets   children: Map(0) {},
32 silly Conflicting override sets   name: '@graphql-codegen/typescript-operations',
32 silly Conflicting override sets   key: '@graphql-codegen/typescript-operations',
32 silly Conflicting override sets   keySpec: '*',
32 silly Conflicting override sets   value: '4.5.0'
32 silly Conflicting override sets }
33 silly Conflicting override sets @graphql-tools/optimize
34 silly Conflicting override sets <ref *1> OverrideSet {
34 silly Conflicting override sets   parent: OverrideSet {
34 silly Conflicting override sets     parent: undefined,
34 silly Conflicting override sets     children: Map(5) {
34 silly Conflicting override sets       '@graphql-tools/url-loader' => [OverrideSet],
34 silly Conflicting override sets       '@graphql-codegen/client-preset' => [Circular *1],
34 silly Conflicting override sets       '@graphql-codegen/typescript-operations' => [OverrideSet],
34 silly Conflicting override sets       'minimatch' => [OverrideSet],
34 silly Conflicting override sets       'vite' => [OverrideSet]
34 silly Conflicting override sets     }
34 silly Conflicting override sets   },
34 silly Conflicting override sets   children: Map(0) {},
34 silly Conflicting override sets   name: '@graphql-codegen/client-preset',
34 silly Conflicting override sets   key: '@graphql-codegen/client-preset',
34 silly Conflicting override sets   keySpec: '*',
34 silly Conflicting override sets   value: '4.7.0'
34 silly Conflicting override sets } <ref *1> OverrideSet {
34 silly Conflicting override sets   parent: OverrideSet {
34 silly Conflicting override sets     parent: undefined,
34 silly Conflicting override sets     children: Map(5) {
34 silly Conflicting override sets       '@graphql-tools/url-loader' => [OverrideSet],
34 silly Conflicting override sets       '@graphql-codegen/client-preset' => [OverrideSet],
34 silly Conflicting override sets       '@graphql-codegen/typescript-operations' => [Circular *1],
34 silly Conflicting override sets       'minimatch' => [OverrideSet],
34 silly Conflicting override sets       'vite' => [OverrideSet]
34 silly Conflicting override sets     }
34 silly Conflicting override sets   },
34 silly Conflicting override sets   children: Map(0) {},
34 silly Conflicting override sets   name: '@graphql-codegen/typescript-operations',
34 silly Conflicting override sets   key: '@graphql-codegen/typescript-operations',
34 silly Conflicting override sets   keySpec: '*',
34 silly Conflicting override sets   value: '4.5.0'
34 silly Conflicting override sets }
35 silly Conflicting override sets @graphql-tools/relay-operation-optimizer
36 silly Conflicting override sets <ref *1> OverrideSet {
36 silly Conflicting override sets   parent: OverrideSet {
36 silly Conflicting override sets     parent: undefined,
36 silly Conflicting override sets     children: Map(5) {
36 silly Conflicting override sets       '@graphql-tools/url-loader' => [OverrideSet],
36 silly Conflicting override sets       '@graphql-codegen/client-preset' => [Circular *1],
36 silly Conflicting override sets       '@graphql-codegen/typescript-operations' => [OverrideSet],
36 silly Conflicting override sets       'minimatch' => [OverrideSet],
36 silly Conflicting override sets       'vite' => [OverrideSet]
36 silly Conflicting override sets     }
36 silly Conflicting override sets   },
36 silly Conflicting override sets   children: Map(0) {},
36 silly Conflicting override sets   name: '@graphql-codegen/client-preset',
36 silly Conflicting override sets   key: '@graphql-codegen/client-preset',
36 silly Conflicting override sets   keySpec: '*',
36 silly Conflicting override sets   value: '4.7.0'
36 silly Conflicting override sets } <ref *1> OverrideSet {
36 silly Conflicting override sets   parent: OverrideSet {
36 silly Conflicting override sets     parent: undefined,
36 silly Conflicting override sets     children: Map(5) {
36 silly Conflicting override sets       '@graphql-tools/url-loader' => [OverrideSet],
36 silly Conflicting override sets       '@graphql-codegen/client-preset' => [OverrideSet],
36 silly Conflicting override sets       '@graphql-codegen/typescript-operations' => [Circular *1],
36 silly Conflicting override sets       'minimatch' => [OverrideSet],
36 silly Conflicting override sets       'vite' => [OverrideSet]
36 silly Conflicting override sets     }
36 silly Conflicting override sets   },
36 silly Conflicting override sets   children: Map(0) {},
36 silly Conflicting override sets   name: '@graphql-codegen/typescript-operations',
36 silly Conflicting override sets   key: '@graphql-codegen/typescript-operations',
36 silly Conflicting override sets   keySpec: '*',
36 silly Conflicting override sets   value: '4.5.0'
36 silly Conflicting override sets }
37 silly Conflicting override sets @graphql-tools/utils
38 silly Conflicting override sets <ref *1> OverrideSet {
38 silly Conflicting override sets   parent: OverrideSet {
38 silly Conflicting override sets     parent: undefined,
38 silly Conflicting override sets     children: Map(5) {
38 silly Conflicting override sets       '@graphql-tools/url-loader' => [OverrideSet],
38 silly Conflicting override sets       '@graphql-codegen/client-preset' => [Circular *1],
38 silly Conflicting override sets       '@graphql-codegen/typescript-operations' => [OverrideSet],
38 silly Conflicting override sets       'minimatch' => [OverrideSet],
38 silly Conflicting override sets       'vite' => [OverrideSet]
38 silly Conflicting override sets     }
38 silly Conflicting override sets   },
38 silly Conflicting override sets   children: Map(0) {},
38 silly Conflicting override sets   name: '@graphql-codegen/client-preset',
38 silly Conflicting override sets   key: '@graphql-codegen/client-preset',
38 silly Conflicting override sets   keySpec: '*',
38 silly Conflicting override sets   value: '4.7.0'
38 silly Conflicting override sets } <ref *1> OverrideSet {
38 silly Conflicting override sets   parent: OverrideSet {
38 silly Conflicting override sets     parent: undefined,
38 silly Conflicting override sets     children: Map(5) {
38 silly Conflicting override sets       '@graphql-tools/url-loader' => [Circular *1],
38 silly Conflicting override sets       '@graphql-codegen/client-preset' => [OverrideSet],
38 silly Conflicting override sets       '@graphql-codegen/typescript-operations' => [OverrideSet],
38 silly Conflicting override sets       'minimatch' => [OverrideSet],
38 silly Conflicting override sets       'vite' => [OverrideSet]
38 silly Conflicting override sets     }
38 silly Conflicting override sets   },
38 silly Conflicting override sets   children: Map(0) {},
38 silly Conflicting override sets   name: '@graphql-tools/url-loader',
38 silly Conflicting override sets   key: '@graphql-tools/url-loader',
38 silly Conflicting override sets   keySpec: '*',
38 silly Conflicting override sets   value: '8.0.16'
38 silly Conflicting override sets }
39 silly Conflicting override sets @graphql-tools/utils
40 silly Conflicting override sets <ref *1> OverrideSet {
40 silly Conflicting override sets   parent: OverrideSet {
40 silly Conflicting override sets     parent: undefined,
40 silly Conflicting override sets     children: Map(5) {
40 silly Conflicting override sets       '@graphql-tools/url-loader' => [OverrideSet],
40 silly Conflicting override sets       '@graphql-codegen/client-preset' => [Circular *1],
40 silly Conflicting override sets       '@graphql-codegen/typescript-operations' => [OverrideSet],
40 silly Conflicting override sets       'minimatch' => [OverrideSet],
40 silly Conflicting override sets       'vite' => [OverrideSet]
40 silly Conflicting override sets     }
40 silly Conflicting override sets   },
40 silly Conflicting override sets   children: Map(0) {},
40 silly Conflicting override sets   name: '@graphql-codegen/client-preset',
40 silly Conflicting override sets   key: '@graphql-codegen/client-preset',
40 silly Conflicting override sets   keySpec: '*',
40 silly Conflicting override sets   value: '4.7.0'
40 silly Conflicting override sets } <ref *1> OverrideSet {
40 silly Conflicting override sets   parent: OverrideSet {
40 silly Conflicting override sets     parent: undefined,
40 silly Conflicting override sets     children: Map(5) {
40 silly Conflicting override sets       '@graphql-tools/url-loader' => [Circular *1],
40 silly Conflicting override sets       '@graphql-codegen/client-preset' => [OverrideSet],
40 silly Conflicting override sets       '@graphql-codegen/typescript-operations' => [OverrideSet],
40 silly Conflicting override sets       'minimatch' => [OverrideSet],
40 silly Conflicting override sets       'vite' => [OverrideSet]
40 silly Conflicting override sets     }
40 silly Conflicting override sets   },
40 silly Conflicting override sets   children: Map(0) {},
40 silly Conflicting override sets   name: '@graphql-tools/url-loader',
40 silly Conflicting override sets   key: '@graphql-tools/url-loader',
40 silly Conflicting override sets   keySpec: '*',
40 silly Conflicting override sets   value: '8.0.16'
40 silly Conflicting override sets }
41 silly Conflicting override sets @graphql-tools/utils
42 silly Conflicting override sets <ref *1> OverrideSet {
42 silly Conflicting override sets   parent: OverrideSet {
42 silly Conflicting override sets     parent: undefined,
42 silly Conflicting override sets     children: Map(5) {
42 silly Conflicting override sets       '@graphql-tools/url-loader' => [OverrideSet],
42 silly Conflicting override sets       '@graphql-codegen/client-preset' => [Circular *1],
42 silly Conflicting override sets       '@graphql-codegen/typescript-operations' => [OverrideSet],
42 silly Conflicting override sets       'minimatch' => [OverrideSet],
42 silly Conflicting override sets       'vite' => [OverrideSet]
42 silly Conflicting override sets     }
42 silly Conflicting override sets   },
42 silly Conflicting override sets   children: Map(0) {},
42 silly Conflicting override sets   name: '@graphql-codegen/client-preset',
42 silly Conflicting override sets   key: '@graphql-codegen/client-preset',
42 silly Conflicting override sets   keySpec: '*',
42 silly Conflicting override sets   value: '4.7.0'
42 silly Conflicting override sets } <ref *1> OverrideSet {
42 silly Conflicting override sets   parent: OverrideSet {
42 silly Conflicting override sets     parent: undefined,
42 silly Conflicting override sets     children: Map(5) {
42 silly Conflicting override sets       '@graphql-tools/url-loader' => [Circular *1],
42 silly Conflicting override sets       '@graphql-codegen/client-preset' => [OverrideSet],
42 silly Conflicting override sets       '@graphql-codegen/typescript-operations' => [OverrideSet],
42 silly Conflicting override sets       'minimatch' => [OverrideSet],
42 silly Conflicting override sets       'vite' => [OverrideSet]
42 silly Conflicting override sets     }
42 silly Conflicting override sets   },
42 silly Conflicting override sets   children: Map(0) {},
42 silly Conflicting override sets   name: '@graphql-tools/url-loader',
42 silly Conflicting override sets   key: '@graphql-tools/url-loader',
42 silly Conflicting override sets   keySpec: '*',
42 silly Conflicting override sets   value: '8.0.16'
42 silly Conflicting override sets }
43 silly Conflicting override sets @graphql-tools/utils
44 silly Conflicting override sets <ref *1> OverrideSet {
44 silly Conflicting override sets   parent: OverrideSet {
44 silly Conflicting override sets     parent: undefined,
44 silly Conflicting override sets     children: Map(5) {
44 silly Conflicting override sets       '@graphql-tools/url-loader' => [OverrideSet],
44 silly Conflicting override sets       '@graphql-codegen/client-preset' => [Circular *1],
44 silly Conflicting override sets       '@graphql-codegen/typescript-operations' => [OverrideSet],
44 silly Conflicting override sets       'minimatch' => [OverrideSet],
44 silly Conflicting override sets       'vite' => [OverrideSet]
44 silly Conflicting override sets     }
44 silly Conflicting override sets   },
44 silly Conflicting override sets   children: Map(0) {},
44 silly Conflicting override sets   name: '@graphql-codegen/client-preset',
44 silly Conflicting override sets   key: '@graphql-codegen/client-preset',
44 silly Conflicting override sets   keySpec: '*',
44 silly Conflicting override sets   value: '4.7.0'
44 silly Conflicting override sets } <ref *1> OverrideSet {
44 silly Conflicting override sets   parent: OverrideSet {
44 silly Conflicting override sets     parent: undefined,
44 silly Conflicting override sets     children: Map(5) {
44 silly Conflicting override sets       '@graphql-tools/url-loader' => [Circular *1],
44 silly Conflicting override sets       '@graphql-codegen/client-preset' => [OverrideSet],
44 silly Conflicting override sets       '@graphql-codegen/typescript-operations' => [OverrideSet],
44 silly Conflicting override sets       'minimatch' => [OverrideSet],
44 silly Conflicting override sets       'vite' => [OverrideSet]
44 silly Conflicting override sets     }
44 silly Conflicting override sets   },
44 silly Conflicting override sets   children: Map(0) {},
44 silly Conflicting override sets   name: '@graphql-tools/url-loader',
44 silly Conflicting override sets   key: '@graphql-tools/url-loader',
44 silly Conflicting override sets   keySpec: '*',
44 silly Conflicting override sets   value: '8.0.16'
44 silly Conflicting override sets }
45 silly Conflicting override sets @graphql-tools/utils
46 silly Conflicting override sets <ref *1> OverrideSet {
46 silly Conflicting override sets   parent: OverrideSet {
46 silly Conflicting override sets     parent: undefined,
46 silly Conflicting override sets     children: Map(5) {
46 silly Conflicting override sets       '@graphql-tools/url-loader' => [OverrideSet],
46 silly Conflicting override sets       '@graphql-codegen/client-preset' => [Circular *1],
46 silly Conflicting override sets       '@graphql-codegen/typescript-operations' => [OverrideSet],
46 silly Conflicting override sets       'minimatch' => [OverrideSet],
46 silly Conflicting override sets       'vite' => [OverrideSet]
46 silly Conflicting override sets     }
46 silly Conflicting override sets   },
46 silly Conflicting override sets   children: Map(0) {},
46 silly Conflicting override sets   name: '@graphql-codegen/client-preset',
46 silly Conflicting override sets   key: '@graphql-codegen/client-preset',
46 silly Conflicting override sets   keySpec: '*',
46 silly Conflicting override sets   value: '4.7.0'
46 silly Conflicting override sets } <ref *1> OverrideSet {
46 silly Conflicting override sets   parent: OverrideSet {
46 silly Conflicting override sets     parent: undefined,
46 silly Conflicting override sets     children: Map(5) {
46 silly Conflicting override sets       '@graphql-tools/url-loader' => [Circular *1],
46 silly Conflicting override sets       '@graphql-codegen/client-preset' => [OverrideSet],
46 silly Conflicting override sets       '@graphql-codegen/typescript-operations' => [OverrideSet],
46 silly Conflicting override sets       'minimatch' => [OverrideSet],
46 silly Conflicting override sets       'vite' => [OverrideSet]
46 silly Conflicting override sets     }
46 silly Conflicting override sets   },
46 silly Conflicting override sets   children: Map(0) {},
46 silly Conflicting override sets   name: '@graphql-tools/url-loader',
46 silly Conflicting override sets   key: '@graphql-tools/url-loader',
46 silly Conflicting override sets   keySpec: '*',
46 silly Conflicting override sets   value: '8.0.16'
46 silly Conflicting override sets }
47 silly Conflicting override sets @graphql-typed-document-node/core
48 silly Conflicting override sets <ref *1> OverrideSet {
48 silly Conflicting override sets   parent: OverrideSet {
48 silly Conflicting override sets     parent: undefined,
48 silly Conflicting override sets     children: Map(5) {
48 silly Conflicting override sets       '@graphql-tools/url-loader' => [OverrideSet],
48 silly Conflicting override sets       '@graphql-codegen/client-preset' => [Circular *1],
48 silly Conflicting override sets       '@graphql-codegen/typescript-operations' => [OverrideSet],
48 silly Conflicting override sets       'minimatch' => [OverrideSet],
48 silly Conflicting override sets       'vite' => [OverrideSet]
48 silly Conflicting override sets     }
48 silly Conflicting override sets   },
48 silly Conflicting override sets   children: Map(0) {},
48 silly Conflicting override sets   name: '@graphql-codegen/client-preset',
48 silly Conflicting override sets   key: '@graphql-codegen/client-preset',
48 silly Conflicting override sets   keySpec: '*',
48 silly Conflicting override sets   value: '4.7.0'
48 silly Conflicting override sets } <ref *1> OverrideSet {
48 silly Conflicting override sets   parent: OverrideSet {
48 silly Conflicting override sets     parent: undefined,
48 silly Conflicting override sets     children: Map(5) {
48 silly Conflicting override sets       '@graphql-tools/url-loader' => [Circular *1],
48 silly Conflicting override sets       '@graphql-codegen/client-preset' => [OverrideSet],
48 silly Conflicting override sets       '@graphql-codegen/typescript-operations' => [OverrideSet],
48 silly Conflicting override sets       'minimatch' => [OverrideSet],
48 silly Conflicting override sets       'vite' => [OverrideSet]
48 silly Conflicting override sets     }
48 silly Conflicting override sets   },
48 silly Conflicting override sets   children: Map(0) {},
48 silly Conflicting override sets   name: '@graphql-tools/url-loader',
48 silly Conflicting override sets   key: '@graphql-tools/url-loader',
48 silly Conflicting override sets   keySpec: '*',
48 silly Conflicting override sets   value: '8.0.16'
48 silly Conflicting override sets }
49 silly Conflicting override sets @graphql-tools/utils
50 silly Conflicting override sets <ref *1> OverrideSet {
50 silly Conflicting override sets   parent: OverrideSet {
50 silly Conflicting override sets     parent: undefined,
50 silly Conflicting override sets     children: Map(5) {
50 silly Conflicting override sets       '@graphql-tools/url-loader' => [OverrideSet],
50 silly Conflicting override sets       '@graphql-codegen/client-preset' => [Circular *1],
50 silly Conflicting override sets       '@graphql-codegen/typescript-operations' => [OverrideSet],
50 silly Conflicting override sets       'minimatch' => [OverrideSet],
50 silly Conflicting override sets       'vite' => [OverrideSet]
50 silly Conflicting override sets     }
50 silly Conflicting override sets   },
50 silly Conflicting override sets   children: Map(0) {},
50 silly Conflicting override sets   name: '@graphql-codegen/client-preset',
50 silly Conflicting override sets   key: '@graphql-codegen/client-preset',
50 silly Conflicting override sets   keySpec: '*',
50 silly Conflicting override sets   value: '4.7.0'
50 silly Conflicting override sets } <ref *1> OverrideSet {
50 silly Conflicting override sets   parent: OverrideSet {
50 silly Conflicting override sets     parent: undefined,
50 silly Conflicting override sets     children: Map(5) {
50 silly Conflicting override sets       '@graphql-tools/url-loader' => [Circular *1],
50 silly Conflicting override sets       '@graphql-codegen/client-preset' => [OverrideSet],
50 silly Conflicting override sets       '@graphql-codegen/typescript-operations' => [OverrideSet],
50 silly Conflicting override sets       'minimatch' => [OverrideSet],
50 silly Conflicting override sets       'vite' => [OverrideSet]
50 silly Conflicting override sets     }
50 silly Conflicting override sets   },
50 silly Conflicting override sets   children: Map(0) {},
50 silly Conflicting override sets   name: '@graphql-tools/url-loader',
50 silly Conflicting override sets   key: '@graphql-tools/url-loader',
50 silly Conflicting override sets   keySpec: '*',
50 silly Conflicting override sets   value: '8.0.16'
50 silly Conflicting override sets }
51 silly Conflicting override sets @graphql-tools/utils
52 silly Conflicting override sets <ref *1> OverrideSet {
52 silly Conflicting override sets   parent: OverrideSet {
52 silly Conflicting override sets     parent: undefined,
52 silly Conflicting override sets     children: Map(5) {
52 silly Conflicting override sets       '@graphql-tools/url-loader' => [OverrideSet],
52 silly Conflicting override sets       '@graphql-codegen/client-preset' => [Circular *1],
52 silly Conflicting override sets       '@graphql-codegen/typescript-operations' => [OverrideSet],
52 silly Conflicting override sets       'minimatch' => [OverrideSet],
52 silly Conflicting override sets       'vite' => [OverrideSet]
52 silly Conflicting override sets     }
52 silly Conflicting override sets   },
52 silly Conflicting override sets   children: Map(0) {},
52 silly Conflicting override sets   name: '@graphql-codegen/client-preset',
52 silly Conflicting override sets   key: '@graphql-codegen/client-preset',
52 silly Conflicting override sets   keySpec: '*',
52 silly Conflicting override sets   value: '4.7.0'
52 silly Conflicting override sets } <ref *1> OverrideSet {
52 silly Conflicting override sets   parent: OverrideSet {
52 silly Conflicting override sets     parent: undefined,
52 silly Conflicting override sets     children: Map(5) {
52 silly Conflicting override sets       '@graphql-tools/url-loader' => [Circular *1],
52 silly Conflicting override sets       '@graphql-codegen/client-preset' => [OverrideSet],
52 silly Conflicting override sets       '@graphql-codegen/typescript-operations' => [OverrideSet],
52 silly Conflicting override sets       'minimatch' => [OverrideSet],
52 silly Conflicting override sets       'vite' => [OverrideSet]
52 silly Conflicting override sets     }
52 silly Conflicting override sets   },
52 silly Conflicting override sets   children: Map(0) {},
52 silly Conflicting override sets   name: '@graphql-tools/url-loader',
52 silly Conflicting override sets   key: '@graphql-tools/url-loader',
52 silly Conflicting override sets   keySpec: '*',
52 silly Conflicting override sets   value: '8.0.16'
52 silly Conflicting override sets }
53 silly Conflicting override sets @graphql-typed-document-node/core
54 silly Conflicting override sets <ref *1> OverrideSet {
54 silly Conflicting override sets   parent: OverrideSet {
54 silly Conflicting override sets     parent: undefined,
54 silly Conflicting override sets     children: Map(5) {
54 silly Conflicting override sets       '@graphql-tools/url-loader' => [OverrideSet],
54 silly Conflicting override sets       '@graphql-codegen/client-preset' => [Circular *1],
54 silly Conflicting override sets       '@graphql-codegen/typescript-operations' => [OverrideSet],
54 silly Conflicting override sets       'minimatch' => [OverrideSet],
54 silly Conflicting override sets       'vite' => [OverrideSet]
54 silly Conflicting override sets     }
54 silly Conflicting override sets   },
54 silly Conflicting override sets   children: Map(0) {},
54 silly Conflicting override sets   name: '@graphql-codegen/client-preset',
54 silly Conflicting override sets   key: '@graphql-codegen/client-preset',
54 silly Conflicting override sets   keySpec: '*',
54 silly Conflicting override sets   value: '4.7.0'
54 silly Conflicting override sets } <ref *1> OverrideSet {
54 silly Conflicting override sets   parent: OverrideSet {
54 silly Conflicting override sets     parent: undefined,
54 silly Conflicting override sets     children: Map(5) {
54 silly Conflicting override sets       '@graphql-tools/url-loader' => [Circular *1],
54 silly Conflicting override sets       '@graphql-codegen/client-preset' => [OverrideSet],
54 silly Conflicting override sets       '@graphql-codegen/typescript-operations' => [OverrideSet],
54 silly Conflicting override sets       'minimatch' => [OverrideSet],
54 silly Conflicting override sets       'vite' => [OverrideSet]
54 silly Conflicting override sets     }
54 silly Conflicting override sets   },
54 silly Conflicting override sets   children: Map(0) {},
54 silly Conflicting override sets   name: '@graphql-tools/url-loader',
54 silly Conflicting override sets   key: '@graphql-tools/url-loader',
54 silly Conflicting override sets   keySpec: '*',
54 silly Conflicting override sets   value: '8.0.16'
54 silly Conflicting override sets }
55 silly Conflicting override sets @graphql-typed-document-node/core
56 silly Conflicting override sets <ref *1> OverrideSet {
56 silly Conflicting override sets   parent: OverrideSet {
56 silly Conflicting override sets     parent: undefined,
56 silly Conflicting override sets     children: Map(5) {
56 silly Conflicting override sets       '@graphql-tools/url-loader' => [OverrideSet],
56 silly Conflicting override sets       '@graphql-codegen/client-preset' => [Circular *1],
56 silly Conflicting override sets       '@graphql-codegen/typescript-operations' => [OverrideSet],
56 silly Conflicting override sets       'minimatch' => [OverrideSet],
56 silly Conflicting override sets       'vite' => [OverrideSet]
56 silly Conflicting override sets     }
56 silly Conflicting override sets   },
56 silly Conflicting override sets   children: Map(0) {},
56 silly Conflicting override sets   name: '@graphql-codegen/client-preset',
56 silly Conflicting override sets   key: '@graphql-codegen/client-preset',
56 silly Conflicting override sets   keySpec: '*',
56 silly Conflicting override sets   value: '4.7.0'
56 silly Conflicting override sets } <ref *1> OverrideSet {
56 silly Conflicting override sets   parent: OverrideSet {
56 silly Conflicting override sets     parent: undefined,
56 silly Conflicting override sets     children: Map(5) {
56 silly Conflicting override sets       '@graphql-tools/url-loader' => [Circular *1],
56 silly Conflicting override sets       '@graphql-codegen/client-preset' => [OverrideSet],
56 silly Conflicting override sets       '@graphql-codegen/typescript-operations' => [OverrideSet],
56 silly Conflicting override sets       'minimatch' => [OverrideSet],
56 silly Conflicting override sets       'vite' => [OverrideSet]
56 silly Conflicting override sets     }
56 silly Conflicting override sets   },
56 silly Conflicting override sets   children: Map(0) {},
56 silly Conflicting override sets   name: '@graphql-tools/url-loader',
56 silly Conflicting override sets   key: '@graphql-tools/url-loader',
56 silly Conflicting override sets   keySpec: '*',
56 silly Conflicting override sets   value: '8.0.16'
56 silly Conflicting override sets }
57 silly Conflicting override sets @graphql-typed-document-node/core
58 silly Conflicting override sets <ref *1> OverrideSet {
58 silly Conflicting override sets   parent: OverrideSet {
58 silly Conflicting override sets     parent: undefined,
58 silly Conflicting override sets     children: Map(5) {
58 silly Conflicting override sets       '@graphql-tools/url-loader' => [OverrideSet],
58 silly Conflicting override sets       '@graphql-codegen/client-preset' => [Circular *1],
58 silly Conflicting override sets       '@graphql-codegen/typescript-operations' => [OverrideSet],
58 silly Conflicting override sets       'minimatch' => [OverrideSet],
58 silly Conflicting override sets       'vite' => [OverrideSet]
58 silly Conflicting override sets     }
58 silly Conflicting override sets   },
58 silly Conflicting override sets   children: Map(0) {},
58 silly Conflicting override sets   name: '@graphql-codegen/client-preset',
58 silly Conflicting override sets   key: '@graphql-codegen/client-preset',
58 silly Conflicting override sets   keySpec: '*',
58 silly Conflicting override sets   value: '4.7.0'
58 silly Conflicting override sets } <ref *1> OverrideSet {
58 silly Conflicting override sets   parent: OverrideSet {
58 silly Conflicting override sets     parent: undefined,
58 silly Conflicting override sets     children: Map(5) {
58 silly Conflicting override sets       '@graphql-tools/url-loader' => [Circular *1],
58 silly Conflicting override sets       '@graphql-codegen/client-preset' => [OverrideSet],
58 silly Conflicting override sets       '@graphql-codegen/typescript-operations' => [OverrideSet],
58 silly Conflicting override sets       'minimatch' => [OverrideSet],
58 silly Conflicting override sets       'vite' => [OverrideSet]
58 silly Conflicting override sets     }
58 silly Conflicting override sets   },
58 silly Conflicting override sets   children: Map(0) {},
58 silly Conflicting override sets   name: '@graphql-tools/url-loader',
58 silly Conflicting override sets   key: '@graphql-tools/url-loader',
58 silly Conflicting override sets   keySpec: '*',
58 silly Conflicting override sets   value: '8.0.16'
58 silly Conflicting override sets }
59 silly Conflicting override sets @graphql-typed-document-node/core
60 silly Conflicting override sets <ref *1> OverrideSet {
60 silly Conflicting override sets   parent: OverrideSet {
60 silly Conflicting override sets     parent: undefined,
60 silly Conflicting override sets     children: Map(5) {
60 silly Conflicting override sets       '@graphql-tools/url-loader' => [OverrideSet],
60 silly Conflicting override sets       '@graphql-codegen/client-preset' => [Circular *1],
60 silly Conflicting override sets       '@graphql-codegen/typescript-operations' => [OverrideSet],
60 silly Conflicting override sets       'minimatch' => [OverrideSet],
60 silly Conflicting override sets       'vite' => [OverrideSet]
60 silly Conflicting override sets     }
60 silly Conflicting override sets   },
60 silly Conflicting override sets   children: Map(0) {},
60 silly Conflicting override sets   name: '@graphql-codegen/client-preset',
60 silly Conflicting override sets   key: '@graphql-codegen/client-preset',
60 silly Conflicting override sets   keySpec: '*',
60 silly Conflicting override sets   value: '4.7.0'
60 silly Conflicting override sets } <ref *1> OverrideSet {
60 silly Conflicting override sets   parent: OverrideSet {
60 silly Conflicting override sets     parent: undefined,
60 silly Conflicting override sets     children: Map(5) {
60 silly Conflicting override sets       '@graphql-tools/url-loader' => [Circular *1],
60 silly Conflicting override sets       '@graphql-codegen/client-preset' => [OverrideSet],
60 silly Conflicting override sets       '@graphql-codegen/typescript-operations' => [OverrideSet],
60 silly Conflicting override sets       'minimatch' => [OverrideSet],
60 silly Conflicting override sets       'vite' => [OverrideSet]
60 silly Conflicting override sets     }
60 silly Conflicting override sets   },
60 silly Conflicting override sets   children: Map(0) {},
60 silly Conflicting override sets   name: '@graphql-tools/url-loader',
60 silly Conflicting override sets   key: '@graphql-tools/url-loader',
60 silly Conflicting override sets   keySpec: '*',
60 silly Conflicting override sets   value: '8.0.16'
60 silly Conflicting override sets }
61 silly Conflicting override sets @graphql-tools/utils
62 silly Conflicting override sets <ref *1> OverrideSet {
62 silly Conflicting override sets   parent: OverrideSet {
62 silly Conflicting override sets     parent: undefined,
62 silly Conflicting override sets     children: Map(5) {
62 silly Conflicting override sets       '@graphql-tools/url-loader' => [OverrideSet],
62 silly Conflicting override sets       '@graphql-codegen/client-preset' => [Circular *1],
62 silly Conflicting override sets       '@graphql-codegen/typescript-operations' => [OverrideSet],
62 silly Conflicting override sets       'minimatch' => [OverrideSet],
62 silly Conflicting override sets       'vite' => [OverrideSet]
62 silly Conflicting override sets     }
62 silly Conflicting override sets   },
62 silly Conflicting override sets   children: Map(0) {},
62 silly Conflicting override sets   name: '@graphql-codegen/client-preset',
62 silly Conflicting override sets   key: '@graphql-codegen/client-preset',
62 silly Conflicting override sets   keySpec: '*',
62 silly Conflicting override sets   value: '4.7.0'
62 silly Conflicting override sets } <ref *1> OverrideSet {
62 silly Conflicting override sets   parent: OverrideSet {
62 silly Conflicting override sets     parent: undefined,
62 silly Conflicting override sets     children: Map(5) {
62 silly Conflicting override sets       '@graphql-tools/url-loader' => [Circular *1],
62 silly Conflicting override sets       '@graphql-codegen/client-preset' => [OverrideSet],
62 silly Conflicting override sets       '@graphql-codegen/typescript-operations' => [OverrideSet],
62 silly Conflicting override sets       'minimatch' => [OverrideSet],
62 silly Conflicting override sets       'vite' => [OverrideSet]
62 silly Conflicting override sets     }
62 silly Conflicting override sets   },
62 silly Conflicting override sets   children: Map(0) {},
62 silly Conflicting override sets   name: '@graphql-tools/url-loader',
62 silly Conflicting override sets   key: '@graphql-tools/url-loader',
62 silly Conflicting override sets   keySpec: '*',
62 silly Conflicting override sets   value: '8.0.16'
62 silly Conflicting override sets }
63 silly Conflicting override sets @graphql-tools/utils
64 silly Conflicting override sets <ref *1> OverrideSet {
64 silly Conflicting override sets   parent: OverrideSet {
64 silly Conflicting override sets     parent: undefined,
64 silly Conflicting override sets     children: Map(5) {
64 silly Conflicting override sets       '@graphql-tools/url-loader' => [Circular *1],
64 silly Conflicting override sets       '@graphql-codegen/client-preset' => [OverrideSet],
64 silly Conflicting override sets       '@graphql-codegen/typescript-operations' => [OverrideSet],
64 silly Conflicting override sets       'minimatch' => [OverrideSet],
64 silly Conflicting override sets       'vite' => [OverrideSet]
64 silly Conflicting override sets     }
64 silly Conflicting override sets   },
64 silly Conflicting override sets   children: Map(0) {},
64 silly Conflicting override sets   name: '@graphql-tools/url-loader',
64 silly Conflicting override sets   key: '@graphql-tools/url-loader',
64 silly Conflicting override sets   keySpec: '*',
64 silly Conflicting override sets   value: '8.0.16'
64 silly Conflicting override sets } <ref *1> OverrideSet {
64 silly Conflicting override sets   parent: OverrideSet {
64 silly Conflicting override sets     parent: undefined,
64 silly Conflicting override sets     children: Map(5) {
64 silly Conflicting override sets       '@graphql-tools/url-loader' => [OverrideSet],
64 silly Conflicting override sets       '@graphql-codegen/client-preset' => [Circular *1],
64 silly Conflicting override sets       '@graphql-codegen/typescript-operations' => [OverrideSet],
64 silly Conflicting override sets       'minimatch' => [OverrideSet],
64 silly Conflicting override sets       'vite' => [OverrideSet]
64 silly Conflicting override sets     }
64 silly Conflicting override sets   },
64 silly Conflicting override sets   children: Map(0) {},
64 silly Conflicting override sets   name: '@graphql-codegen/client-preset',
64 silly Conflicting override sets   key: '@graphql-codegen/client-preset',
64 silly Conflicting override sets   keySpec: '*',
64 silly Conflicting override sets   value: '4.7.0'
64 silly Conflicting override sets }
65 silly Conflicting override sets @whatwg-node/promise-helpers
66 silly Conflicting override sets <ref *1> OverrideSet {
66 silly Conflicting override sets   parent: OverrideSet {
66 silly Conflicting override sets     parent: undefined,
66 silly Conflicting override sets     children: Map(5) {
66 silly Conflicting override sets       '@graphql-tools/url-loader' => [Circular *1],
66 silly Conflicting override sets       '@graphql-codegen/client-preset' => [OverrideSet],
66 silly Conflicting override sets       '@graphql-codegen/typescript-operations' => [OverrideSet],
66 silly Conflicting override sets       'minimatch' => [OverrideSet],
66 silly Conflicting override sets       'vite' => [OverrideSet]
66 silly Conflicting override sets     }
66 silly Conflicting override sets   },
66 silly Conflicting override sets   children: Map(0) {},
66 silly Conflicting override sets   name: '@graphql-tools/url-loader',
66 silly Conflicting override sets   key: '@graphql-tools/url-loader',
66 silly Conflicting override sets   keySpec: '*',
66 silly Conflicting override sets   value: '8.0.16'
66 silly Conflicting override sets } <ref *1> OverrideSet {
66 silly Conflicting override sets   parent: OverrideSet {
66 silly Conflicting override sets     parent: undefined,
66 silly Conflicting override sets     children: Map(5) {
66 silly Conflicting override sets       '@graphql-tools/url-loader' => [OverrideSet],
66 silly Conflicting override sets       '@graphql-codegen/client-preset' => [Circular *1],
66 silly Conflicting override sets       '@graphql-codegen/typescript-operations' => [OverrideSet],
66 silly Conflicting override sets       'minimatch' => [OverrideSet],
66 silly Conflicting override sets       'vite' => [OverrideSet]
66 silly Conflicting override sets     }
66 silly Conflicting override sets   },
66 silly Conflicting override sets   children: Map(0) {},
66 silly Conflicting override sets   name: '@graphql-codegen/client-preset',
66 silly Conflicting override sets   key: '@graphql-codegen/client-preset',
66 silly Conflicting override sets   keySpec: '*',
66 silly Conflicting override sets   value: '4.7.0'
66 silly Conflicting override sets }
67 silly Conflicting override sets @whatwg-node/promise-helpers
68 silly Conflicting override sets <ref *1> OverrideSet {
68 silly Conflicting override sets   parent: OverrideSet {
68 silly Conflicting override sets     parent: undefined,
68 silly Conflicting override sets     children: Map(5) {
68 silly Conflicting override sets       '@graphql-tools/url-loader' => [OverrideSet],
68 silly Conflicting override sets       '@graphql-codegen/client-preset' => [Circular *1],
68 silly Conflicting override sets       '@graphql-codegen/typescript-operations' => [OverrideSet],
68 silly Conflicting override sets       'minimatch' => [OverrideSet],
68 silly Conflicting override sets       'vite' => [OverrideSet]
68 silly Conflicting override sets     }
68 silly Conflicting override sets   },
68 silly Conflicting override sets   children: Map(0) {},
68 silly Conflicting override sets   name: '@graphql-codegen/client-preset',
68 silly Conflicting override sets   key: '@graphql-codegen/client-preset',
68 silly Conflicting override sets   keySpec: '*',
68 silly Conflicting override sets   value: '4.7.0'
68 silly Conflicting override sets } <ref *1> OverrideSet {
68 silly Conflicting override sets   parent: OverrideSet {
68 silly Conflicting override sets     parent: undefined,
68 silly Conflicting override sets     children: Map(5) {
68 silly Conflicting override sets       '@graphql-tools/url-loader' => [OverrideSet],
68 silly Conflicting override sets       '@graphql-codegen/client-preset' => [OverrideSet],
68 silly Conflicting override sets       '@graphql-codegen/typescript-operations' => [Circular *1],
68 silly Conflicting override sets       'minimatch' => [OverrideSet],
68 silly Conflicting override sets       'vite' => [OverrideSet]
68 silly Conflicting override sets     }
68 silly Conflicting override sets   },
68 silly Conflicting override sets   children: Map(0) {},
68 silly Conflicting override sets   name: '@graphql-codegen/typescript-operations',
68 silly Conflicting override sets   key: '@graphql-codegen/typescript-operations',
68 silly Conflicting override sets   keySpec: '*',
68 silly Conflicting override sets   value: '4.5.0'
68 silly Conflicting override sets }
69 silly Conflicting override sets auto-bind
70 silly Conflicting override sets <ref *1> OverrideSet {
70 silly Conflicting override sets   parent: OverrideSet {
70 silly Conflicting override sets     parent: undefined,
70 silly Conflicting override sets     children: Map(5) {
70 silly Conflicting override sets       '@graphql-tools/url-loader' => [OverrideSet],
70 silly Conflicting override sets       '@graphql-codegen/client-preset' => [Circular *1],
70 silly Conflicting override sets       '@graphql-codegen/typescript-operations' => [OverrideSet],
70 silly Conflicting override sets       'minimatch' => [OverrideSet],
70 silly Conflicting override sets       'vite' => [OverrideSet]
70 silly Conflicting override sets     }
70 silly Conflicting override sets   },
70 silly Conflicting override sets   children: Map(0) {},
70 silly Conflicting override sets   name: '@graphql-codegen/client-preset',
70 silly Conflicting override sets   key: '@graphql-codegen/client-preset',
70 silly Conflicting override sets   keySpec: '*',
70 silly Conflicting override sets   value: '4.7.0'
70 silly Conflicting override sets } <ref *1> OverrideSet {
70 silly Conflicting override sets   parent: OverrideSet {
70 silly Conflicting override sets     parent: undefined,
70 silly Conflicting override sets     children: Map(5) {
70 silly Conflicting override sets       '@graphql-tools/url-loader' => [OverrideSet],
70 silly Conflicting override sets       '@graphql-codegen/client-preset' => [OverrideSet],
70 silly Conflicting override sets       '@graphql-codegen/typescript-operations' => [Circular *1],
70 silly Conflicting override sets       'minimatch' => [OverrideSet],
70 silly Conflicting override sets       'vite' => [OverrideSet]
70 silly Conflicting override sets     }
70 silly Conflicting override sets   },
70 silly Conflicting override sets   children: Map(0) {},
70 silly Conflicting override sets   name: '@graphql-codegen/typescript-operations',
70 silly Conflicting override sets   key: '@graphql-codegen/typescript-operations',
70 silly Conflicting override sets   keySpec: '*',
70 silly Conflicting override sets   value: '4.5.0'
70 silly Conflicting override sets }
71 silly Conflicting override sets auto-bind
72 silly Conflicting override sets <ref *1> OverrideSet {
72 silly Conflicting override sets   parent: OverrideSet {
72 silly Conflicting override sets     parent: undefined,
72 silly Conflicting override sets     children: Map(5) {
72 silly Conflicting override sets       '@graphql-tools/url-loader' => [OverrideSet],
72 silly Conflicting override sets       '@graphql-codegen/client-preset' => [Circular *1],
72 silly Conflicting override sets       '@graphql-codegen/typescript-operations' => [OverrideSet],
72 silly Conflicting override sets       'minimatch' => [OverrideSet],
72 silly Conflicting override sets       'vite' => [OverrideSet]
72 silly Conflicting override sets     }
72 silly Conflicting override sets   },
72 silly Conflicting override sets   children: Map(0) {},
72 silly Conflicting override sets   name: '@graphql-codegen/client-preset',
72 silly Conflicting override sets   key: '@graphql-codegen/client-preset',
72 silly Conflicting override sets   keySpec: '*',
72 silly Conflicting override sets   value: '4.7.0'
72 silly Conflicting override sets } <ref *1> OverrideSet {
72 silly Conflicting override sets   parent: OverrideSet {
72 silly Conflicting override sets     parent: undefined,
72 silly Conflicting override sets     children: Map(5) {
72 silly Conflicting override sets       '@graphql-tools/url-loader' => [OverrideSet],
72 silly Conflicting override sets       '@graphql-codegen/client-preset' => [OverrideSet],
72 silly Conflicting override sets       '@graphql-codegen/typescript-operations' => [Circular *1],
72 silly Conflicting override sets       'minimatch' => [OverrideSet],
72 silly Conflicting override sets       'vite' => [OverrideSet]
72 silly Conflicting override sets     }
72 silly Conflicting override sets   },
72 silly Conflicting override sets   children: Map(0) {},
72 silly Conflicting override sets   name: '@graphql-codegen/typescript-operations',
72 silly Conflicting override sets   key: '@graphql-codegen/typescript-operations',
72 silly Conflicting override sets   keySpec: '*',
72 silly Conflicting override sets   value: '4.5.0'
72 silly Conflicting override sets }
73 silly Conflicting override sets auto-bind
74 silly Conflicting override sets <ref *1> OverrideSet {
74 silly Conflicting override sets   parent: OverrideSet {
74 silly Conflicting override sets     parent: undefined,
74 silly Conflicting override sets     children: Map(5) {
74 silly Conflicting override sets       '@graphql-tools/url-loader' => [OverrideSet],
74 silly Conflicting override sets       '@graphql-codegen/client-preset' => [Circular *1],
74 silly Conflicting override sets       '@graphql-codegen/typescript-operations' => [OverrideSet],
74 silly Conflicting override sets       'minimatch' => [OverrideSet],
74 silly Conflicting override sets       'vite' => [OverrideSet]
74 silly Conflicting override sets     }
74 silly Conflicting override sets   },
74 silly Conflicting override sets   children: Map(0) {},
74 silly Conflicting override sets   name: '@graphql-codegen/client-preset',
74 silly Conflicting override sets   key: '@graphql-codegen/client-preset',
74 silly Conflicting override sets   keySpec: '*',
74 silly Conflicting override sets   value: '4.7.0'
74 silly Conflicting override sets } <ref *1> OverrideSet {
74 silly Conflicting override sets   parent: OverrideSet {
74 silly Conflicting override sets     parent: undefined,
74 silly Conflicting override sets     children: Map(5) {
74 silly Conflicting override sets       '@graphql-tools/url-loader' => [OverrideSet],
74 silly Conflicting override sets       '@graphql-codegen/client-preset' => [OverrideSet],
74 silly Conflicting override sets       '@graphql-codegen/typescript-operations' => [Circular *1],
74 silly Conflicting override sets       'minimatch' => [OverrideSet],
74 silly Conflicting override sets       'vite' => [OverrideSet]
74 silly Conflicting override sets     }
74 silly Conflicting override sets   },
74 silly Conflicting override sets   children: Map(0) {},
74 silly Conflicting override sets   name: '@graphql-codegen/typescript-operations',
74 silly Conflicting override sets   key: '@graphql-codegen/typescript-operations',
74 silly Conflicting override sets   keySpec: '*',
74 silly Conflicting override sets   value: '4.5.0'
74 silly Conflicting override sets }
75 silly Conflicting override sets auto-bind
76 silly Conflicting override sets <ref *1> OverrideSet {
76 silly Conflicting override sets   parent: OverrideSet {
76 silly Conflicting override sets     parent: undefined,
76 silly Conflicting override sets     children: Map(5) {
76 silly Conflicting override sets       '@graphql-tools/url-loader' => [OverrideSet],
76 silly Conflicting override sets       '@graphql-codegen/client-preset' => [Circular *1],
76 silly Conflicting override sets       '@graphql-codegen/typescript-operations' => [OverrideSet],
76 silly Conflicting override sets       'minimatch' => [OverrideSet],
76 silly Conflicting override sets       'vite' => [OverrideSet]
76 silly Conflicting override sets     }
76 silly Conflicting override sets   },
76 silly Conflicting override sets   children: Map(0) {},
76 silly Conflicting override sets   name: '@graphql-codegen/client-preset',
76 silly Conflicting override sets   key: '@graphql-codegen/client-preset',
76 silly Conflicting override sets   keySpec: '*',
76 silly Conflicting override sets   value: '4.7.0'
76 silly Conflicting override sets } <ref *1> OverrideSet {
76 silly Conflicting override sets   parent: OverrideSet {
76 silly Conflicting override sets     parent: undefined,
76 silly Conflicting override sets     children: Map(5) {
76 silly Conflicting override sets       '@graphql-tools/url-loader' => [OverrideSet],
76 silly Conflicting override sets       '@graphql-codegen/client-preset' => [OverrideSet],
76 silly Conflicting override sets       '@graphql-codegen/typescript-operations' => [Circular *1],
76 silly Conflicting override sets       'minimatch' => [OverrideSet],
76 silly Conflicting override sets       'vite' => [OverrideSet]
76 silly Conflicting override sets     }
76 silly Conflicting override sets   },
76 silly Conflicting override sets   children: Map(0) {},
76 silly Conflicting override sets   name: '@graphql-codegen/typescript-operations',
76 silly Conflicting override sets   key: '@graphql-codegen/typescript-operations',
76 silly Conflicting override sets   keySpec: '*',
76 silly Conflicting override sets   value: '4.5.0'
76 silly Conflicting override sets }
77 silly Conflicting override sets change-case-all
78 silly Conflicting override sets <ref *1> OverrideSet {
78 silly Conflicting override sets   parent: OverrideSet {
78 silly Conflicting override sets     parent: undefined,
78 silly Conflicting override sets     children: Map(5) {
78 silly Conflicting override sets       '@graphql-tools/url-loader' => [OverrideSet],
78 silly Conflicting override sets       '@graphql-codegen/client-preset' => [Circular *1],
78 silly Conflicting override sets       '@graphql-codegen/typescript-operations' => [OverrideSet],
78 silly Conflicting override sets       'minimatch' => [OverrideSet],
78 silly Conflicting override sets       'vite' => [OverrideSet]
78 silly Conflicting override sets     }
78 silly Conflicting override sets   },
78 silly Conflicting override sets   children: Map(0) {},
78 silly Conflicting override sets   name: '@graphql-codegen/client-preset',
78 silly Conflicting override sets   key: '@graphql-codegen/client-preset',
78 silly Conflicting override sets   keySpec: '*',
78 silly Conflicting override sets   value: '4.7.0'
78 silly Conflicting override sets } <ref *1> OverrideSet {
78 silly Conflicting override sets   parent: OverrideSet {
78 silly Conflicting override sets     parent: undefined,
78 silly Conflicting override sets     children: Map(5) {
78 silly Conflicting override sets       '@graphql-tools/url-loader' => [OverrideSet],
78 silly Conflicting override sets       '@graphql-codegen/client-preset' => [OverrideSet],
78 silly Conflicting override sets       '@graphql-codegen/typescript-operations' => [Circular *1],
78 silly Conflicting override sets       'minimatch' => [OverrideSet],
78 silly Conflicting override sets       'vite' => [OverrideSet]
78 silly Conflicting override sets     }
78 silly Conflicting override sets   },
78 silly Conflicting override sets   children: Map(0) {},
78 silly Conflicting override sets   name: '@graphql-codegen/typescript-operations',
78 silly Conflicting override sets   key: '@graphql-codegen/typescript-operations',
78 silly Conflicting override sets   keySpec: '*',
78 silly Conflicting override sets   value: '4.5.0'
78 silly Conflicting override sets }
79 silly Conflicting override sets change-case-all
80 silly Conflicting override sets <ref *1> OverrideSet {
80 silly Conflicting override sets   parent: OverrideSet {
80 silly Conflicting override sets     parent: undefined,
80 silly Conflicting override sets     children: Map(5) {
80 silly Conflicting override sets       '@graphql-tools/url-loader' => [Circular *1],
80 silly Conflicting override sets       '@graphql-codegen/client-preset' => [OverrideSet],
80 silly Conflicting override sets       '@graphql-codegen/typescript-operations' => [OverrideSet],
80 silly Conflicting override sets       'minimatch' => [OverrideSet],
80 silly Conflicting override sets       'vite' => [OverrideSet]
80 silly Conflicting override sets     }
80 silly Conflicting override sets   },
80 silly Conflicting override sets   children: Map(0) {},
80 silly Conflicting override sets   name: '@graphql-tools/url-loader',
80 silly Conflicting override sets   key: '@graphql-tools/url-loader',
80 silly Conflicting override sets   keySpec: '*',
80 silly Conflicting override sets   value: '8.0.16'
80 silly Conflicting override sets } <ref *1> OverrideSet {
80 silly Conflicting override sets   parent: OverrideSet {
80 silly Conflicting override sets     parent: undefined,
80 silly Conflicting override sets     children: Map(5) {
80 silly Conflicting override sets       '@graphql-tools/url-loader' => [OverrideSet],
80 silly Conflicting override sets       '@graphql-codegen/client-preset' => [Circular *1],
80 silly Conflicting override sets       '@graphql-codegen/typescript-operations' => [OverrideSet],
80 silly Conflicting override sets       'minimatch' => [OverrideSet],
80 silly Conflicting override sets       'vite' => [OverrideSet]
80 silly Conflicting override sets     }
80 silly Conflicting override sets   },
80 silly Conflicting override sets   children: Map(0) {},
80 silly Conflicting override sets   name: '@graphql-codegen/client-preset',
80 silly Conflicting override sets   key: '@graphql-codegen/client-preset',
80 silly Conflicting override sets   keySpec: '*',
80 silly Conflicting override sets   value: '4.7.0'
80 silly Conflicting override sets }
81 silly Conflicting override sets cross-inspect
82 silly Conflicting override sets <ref *1> OverrideSet {
82 silly Conflicting override sets   parent: OverrideSet {
82 silly Conflicting override sets     parent: undefined,
82 silly Conflicting override sets     children: Map(5) {
82 silly Conflicting override sets       '@graphql-tools/url-loader' => [Circular *1],
82 silly Conflicting override sets       '@graphql-codegen/client-preset' => [OverrideSet],
82 silly Conflicting override sets       '@graphql-codegen/typescript-operations' => [OverrideSet],
82 silly Conflicting override sets       'minimatch' => [OverrideSet],
82 silly Conflicting override sets       'vite' => [OverrideSet]
82 silly Conflicting override sets     }
82 silly Conflicting override sets   },
82 silly Conflicting override sets   children: Map(0) {},
82 silly Conflicting override sets   name: '@graphql-tools/url-loader',
82 silly Conflicting override sets   key: '@graphql-tools/url-loader',
82 silly Conflicting override sets   keySpec: '*',
82 silly Conflicting override sets   value: '8.0.16'
82 silly Conflicting override sets } <ref *1> OverrideSet {
82 silly Conflicting override sets   parent: OverrideSet {
82 silly Conflicting override sets     parent: undefined,
82 silly Conflicting override sets     children: Map(5) {
82 silly Conflicting override sets       '@graphql-tools/url-loader' => [OverrideSet],
82 silly Conflicting override sets       '@graphql-codegen/client-preset' => [Circular *1],
82 silly Conflicting override sets       '@graphql-codegen/typescript-operations' => [OverrideSet],
82 silly Conflicting override sets       'minimatch' => [OverrideSet],
82 silly Conflicting override sets       'vite' => [OverrideSet]
82 silly Conflicting override sets     }
82 silly Conflicting override sets   },
82 silly Conflicting override sets   children: Map(0) {},
82 silly Conflicting override sets   name: '@graphql-codegen/client-preset',
82 silly Conflicting override sets   key: '@graphql-codegen/client-preset',
82 silly Conflicting override sets   keySpec: '*',
82 silly Conflicting override sets   value: '4.7.0'
82 silly Conflicting override sets }
83 silly Conflicting override sets cross-inspect
84 silly Conflicting override sets <ref *1> OverrideSet {
84 silly Conflicting override sets   parent: OverrideSet {
84 silly Conflicting override sets     parent: undefined,
84 silly Conflicting override sets     children: Map(5) {
84 silly Conflicting override sets       '@graphql-tools/url-loader' => [OverrideSet],
84 silly Conflicting override sets       '@graphql-codegen/client-preset' => [Circular *1],
84 silly Conflicting override sets       '@graphql-codegen/typescript-operations' => [OverrideSet],
84 silly Conflicting override sets       'minimatch' => [OverrideSet],
84 silly Conflicting override sets       'vite' => [OverrideSet]
84 silly Conflicting override sets     }
84 silly Conflicting override sets   },
84 silly Conflicting override sets   children: Map(0) {},
84 silly Conflicting override sets   name: '@graphql-codegen/client-preset',
84 silly Conflicting override sets   key: '@graphql-codegen/client-preset',
84 silly Conflicting override sets   keySpec: '*',
84 silly Conflicting override sets   value: '4.7.0'
84 silly Conflicting override sets } <ref *1> OverrideSet {
84 silly Conflicting override sets   parent: OverrideSet {
84 silly Conflicting override sets     parent: undefined,
84 silly Conflicting override sets     children: Map(5) {
84 silly Conflicting override sets       '@graphql-tools/url-loader' => [OverrideSet],
84 silly Conflicting override sets       '@graphql-codegen/client-preset' => [OverrideSet],
84 silly Conflicting override sets       '@graphql-codegen/typescript-operations' => [Circular *1],
84 silly Conflicting override sets       'minimatch' => [OverrideSet],
84 silly Conflicting override sets       'vite' => [OverrideSet]
84 silly Conflicting override sets     }
84 silly Conflicting override sets   },
84 silly Conflicting override sets   children: Map(0) {},
84 silly Conflicting override sets   name: '@graphql-codegen/typescript-operations',
84 silly Conflicting override sets   key: '@graphql-codegen/typescript-operations',
84 silly Conflicting override sets   keySpec: '*',
84 silly Conflicting override sets   value: '4.5.0'
84 silly Conflicting override sets }
85 silly Conflicting override sets dependency-graph
86 silly Conflicting override sets <ref *1> OverrideSet {
86 silly Conflicting override sets   parent: OverrideSet {
86 silly Conflicting override sets     parent: undefined,
86 silly Conflicting override sets     children: Map(5) {
86 silly Conflicting override sets       '@graphql-tools/url-loader' => [OverrideSet],
86 silly Conflicting override sets       '@graphql-codegen/client-preset' => [Circular *1],
86 silly Conflicting override sets       '@graphql-codegen/typescript-operations' => [OverrideSet],
86 silly Conflicting override sets       'minimatch' => [OverrideSet],
86 silly Conflicting override sets       'vite' => [OverrideSet]
86 silly Conflicting override sets     }
86 silly Conflicting override sets   },
86 silly Conflicting override sets   children: Map(0) {},
86 silly Conflicting override sets   name: '@graphql-codegen/client-preset',
86 silly Conflicting override sets   key: '@graphql-codegen/client-preset',
86 silly Conflicting override sets   keySpec: '*',
86 silly Conflicting override sets   value: '4.7.0'
86 silly Conflicting override sets } <ref *1> OverrideSet {
86 silly Conflicting override sets   parent: OverrideSet {
86 silly Conflicting override sets     parent: undefined,
86 silly Conflicting override sets     children: Map(5) {
86 silly Conflicting override sets       '@graphql-tools/url-loader' => [OverrideSet],
86 silly Conflicting override sets       '@graphql-codegen/client-preset' => [OverrideSet],
86 silly Conflicting override sets       '@graphql-codegen/typescript-operations' => [Circular *1],
86 silly Conflicting override sets       'minimatch' => [OverrideSet],
86 silly Conflicting override sets       'vite' => [OverrideSet]
86 silly Conflicting override sets     }
86 silly Conflicting override sets   },
86 silly Conflicting override sets   children: Map(0) {},
86 silly Conflicting override sets   name: '@graphql-codegen/typescript-operations',
86 silly Conflicting override sets   key: '@graphql-codegen/typescript-operations',
86 silly Conflicting override sets   keySpec: '*',
86 silly Conflicting override sets   value: '4.5.0'
86 silly Conflicting override sets }
87 silly Conflicting override sets dependency-graph
88 silly Conflicting override sets <ref *1> OverrideSet {
88 silly Conflicting override sets   parent: OverrideSet {
88 silly Conflicting override sets     parent: undefined,
88 silly Conflicting override sets     children: Map(5) {
88 silly Conflicting override sets       '@graphql-tools/url-loader' => [OverrideSet],
88 silly Conflicting override sets       '@graphql-codegen/client-preset' => [Circular *1],
88 silly Conflicting override sets       '@graphql-codegen/typescript-operations' => [OverrideSet],
88 silly Conflicting override sets       'minimatch' => [OverrideSet],
88 silly Conflicting override sets       'vite' => [OverrideSet]
88 silly Conflicting override sets     }
88 silly Conflicting override sets   },
88 silly Conflicting override sets   children: Map(0) {},
88 silly Conflicting override sets   name: '@graphql-codegen/client-preset',
88 silly Conflicting override sets   key: '@graphql-codegen/client-preset',
88 silly Conflicting override sets   keySpec: '*',
88 silly Conflicting override sets   value: '4.7.0'
88 silly Conflicting override sets } <ref *1> OverrideSet {
88 silly Conflicting override sets   parent: OverrideSet {
88 silly Conflicting override sets     parent: undefined,
88 silly Conflicting override sets     children: Map(5) {
88 silly Conflicting override sets       '@graphql-tools/url-loader' => [OverrideSet],
88 silly Conflicting override sets       '@graphql-codegen/client-preset' => [OverrideSet],
88 silly Conflicting override sets       '@graphql-codegen/typescript-operations' => [Circular *1],
88 silly Conflicting override sets       'minimatch' => [OverrideSet],
88 silly Conflicting override sets       'vite' => [OverrideSet]
88 silly Conflicting override sets     }
88 silly Conflicting override sets   },
88 silly Conflicting override sets   children: Map(0) {},
88 silly Conflicting override sets   name: '@graphql-codegen/typescript-operations',
88 silly Conflicting override sets   key: '@graphql-codegen/typescript-operations',
88 silly Conflicting override sets   keySpec: '*',
88 silly Conflicting override sets   value: '4.5.0'
88 silly Conflicting override sets }
89 silly Conflicting override sets graphql
90 silly Conflicting override sets <ref *1> OverrideSet {
90 silly Conflicting override sets   parent: OverrideSet {
90 silly Conflicting override sets     parent: undefined,
90 silly Conflicting override sets     children: Map(5) {
90 silly Conflicting override sets       '@graphql-tools/url-loader' => [OverrideSet],
90 silly Conflicting override sets       '@graphql-codegen/client-preset' => [Circular *1],
90 silly Conflicting override sets       '@graphql-codegen/typescript-operations' => [OverrideSet],
90 silly Conflicting override sets       'minimatch' => [OverrideSet],
90 silly Conflicting override sets       'vite' => [OverrideSet]
90 silly Conflicting override sets     }
90 silly Conflicting override sets   },
90 silly Conflicting override sets   children: Map(0) {},
90 silly Conflicting override sets   name: '@graphql-codegen/client-preset',
90 silly Conflicting override sets   key: '@graphql-codegen/client-preset',
90 silly Conflicting override sets   keySpec: '*',
90 silly Conflicting override sets   value: '4.7.0'
90 silly Conflicting override sets } <ref *1> OverrideSet {
90 silly Conflicting override sets   parent: OverrideSet {
90 silly Conflicting override sets     parent: undefined,
90 silly Conflicting override sets     children: Map(5) {
90 silly Conflicting override sets       '@graphql-tools/url-loader' => [OverrideSet],
90 silly Conflicting override sets       '@graphql-codegen/client-preset' => [OverrideSet],
90 silly Conflicting override sets       '@graphql-codegen/typescript-operations' => [Circular *1],
90 silly Conflicting override sets       'minimatch' => [OverrideSet],
90 silly Conflicting override sets       'vite' => [OverrideSet]
90 silly Conflicting override sets     }
90 silly Conflicting override sets   },
90 silly Conflicting override sets   children: Map(0) {},
90 silly Conflicting override sets   name: '@graphql-codegen/typescript-operations',
90 silly Conflicting override sets   key: '@graphql-codegen/typescript-operations',
90 silly Conflicting override sets   keySpec: '*',
90 silly Conflicting override sets   value: '4.5.0'
90 silly Conflicting override sets }
91 silly Conflicting override sets graphql
92 silly Conflicting override sets <ref *1> OverrideSet {
92 silly Conflicting override sets   parent: OverrideSet {
92 silly Conflicting override sets     parent: undefined,
92 silly Conflicting override sets     children: Map(5) {
92 silly Conflicting override sets       '@graphql-tools/url-loader' => [OverrideSet],
92 silly Conflicting override sets       '@graphql-codegen/client-preset' => [Circular *1],
92 silly Conflicting override sets       '@graphql-codegen/typescript-operations' => [OverrideSet],
92 silly Conflicting override sets       'minimatch' => [OverrideSet],
92 silly Conflicting override sets       'vite' => [OverrideSet]
92 silly Conflicting override sets     }
92 silly Conflicting override sets   },
92 silly Conflicting override sets   children: Map(0) {},
92 silly Conflicting override sets   name: '@graphql-codegen/client-preset',
92 silly Conflicting override sets   key: '@graphql-codegen/client-preset',
92 silly Conflicting override sets   keySpec: '*',
92 silly Conflicting override sets   value: '4.7.0'
92 silly Conflicting override sets } <ref *1> OverrideSet {
92 silly Conflicting override sets   parent: OverrideSet {
92 silly Conflicting override sets     parent: undefined,
92 silly Conflicting override sets     children: Map(5) {
92 silly Conflicting override sets       '@graphql-tools/url-loader' => [OverrideSet],
92 silly Conflicting override sets       '@graphql-codegen/client-preset' => [OverrideSet],
92 silly Conflicting override sets       '@graphql-codegen/typescript-operations' => [Circular *1],
92 silly Conflicting override sets       'minimatch' => [OverrideSet],
92 silly Conflicting override sets       'vite' => [OverrideSet]
92 silly Conflicting override sets     }
92 silly Conflicting override sets   },
92 silly Conflicting override sets   children: Map(0) {},
92 silly Conflicting override sets   name: '@graphql-codegen/typescript-operations',
92 silly Conflicting override sets   key: '@graphql-codegen/typescript-operations',
92 silly Conflicting override sets   keySpec: '*',
92 silly Conflicting override sets   value: '4.5.0'
92 silly Conflicting override sets }
93 silly Conflicting override sets graphql
94 silly Conflicting override sets <ref *1> OverrideSet {
94 silly Conflicting override sets   parent: OverrideSet {
94 silly Conflicting override sets     parent: undefined,
94 silly Conflicting override sets     children: Map(5) {
94 silly Conflicting override sets       '@graphql-tools/url-loader' => [OverrideSet],
94 silly Conflicting override sets       '@graphql-codegen/client-preset' => [Circular *1],
94 silly Conflicting override sets       '@graphql-codegen/typescript-operations' => [OverrideSet],
94 silly Conflicting override sets       'minimatch' => [OverrideSet],
94 silly Conflicting override sets       'vite' => [OverrideSet]
94 silly Conflicting override sets     }
94 silly Conflicting override sets   },
94 silly Conflicting override sets   children: Map(0) {},
94 silly Conflicting override sets   name: '@graphql-codegen/client-preset',
94 silly Conflicting override sets   key: '@graphql-codegen/client-preset',
94 silly Conflicting override sets   keySpec: '*',
94 silly Conflicting override sets   value: '4.7.0'
94 silly Conflicting override sets } <ref *1> OverrideSet {
94 silly Conflicting override sets   parent: OverrideSet {
94 silly Conflicting override sets     parent: undefined,
94 silly Conflicting override sets     children: Map(5) {
94 silly Conflicting override sets       '@graphql-tools/url-loader' => [OverrideSet],
94 silly Conflicting override sets       '@graphql-codegen/client-preset' => [OverrideSet],
94 silly Conflicting override sets       '@graphql-codegen/typescript-operations' => [Circular *1],
94 silly Conflicting override sets       'minimatch' => [OverrideSet],
94 silly Conflicting override sets       'vite' => [OverrideSet]
94 silly Conflicting override sets     }
94 silly Conflicting override sets   },
94 silly Conflicting override sets   children: Map(0) {},
94 silly Conflicting override sets   name: '@graphql-codegen/typescript-operations',
94 silly Conflicting override sets   key: '@graphql-codegen/typescript-operations',
94 silly Conflicting override sets   keySpec: '*',
94 silly Conflicting override sets   value: '4.5.0'
94 silly Conflicting override sets }
95 silly Conflicting override sets graphql
96 silly Conflicting override sets <ref *1> OverrideSet {
96 silly Conflicting override sets   parent: OverrideSet {
96 silly Conflicting override sets     parent: undefined,
96 silly Conflicting override sets     children: Map(5) {
96 silly Conflicting override sets       '@graphql-tools/url-loader' => [OverrideSet],
96 silly Conflicting override sets       '@graphql-codegen/client-preset' => [Circular *1],
96 silly Conflicting override sets       '@graphql-codegen/typescript-operations' => [OverrideSet],
96 silly Conflicting override sets       'minimatch' => [OverrideSet],
96 silly Conflicting override sets       'vite' => [OverrideSet]
96 silly Conflicting override sets     }
96 silly Conflicting override sets   },
96 silly Conflicting override sets   children: Map(0) {},
96 silly Conflicting override sets   name: '@graphql-codegen/client-preset',
96 silly Conflicting override sets   key: '@graphql-codegen/client-preset',
96 silly Conflicting override sets   keySpec: '*',
96 silly Conflicting override sets   value: '4.7.0'
96 silly Conflicting override sets } <ref *1> OverrideSet {
96 silly Conflicting override sets   parent: OverrideSet {
96 silly Conflicting override sets     parent: undefined,
96 silly Conflicting override sets     children: Map(5) {
96 silly Conflicting override sets       '@graphql-tools/url-loader' => [OverrideSet],
96 silly Conflicting override sets       '@graphql-codegen/client-preset' => [OverrideSet],
96 silly Conflicting override sets       '@graphql-codegen/typescript-operations' => [Circular *1],
96 silly Conflicting override sets       'minimatch' => [OverrideSet],
96 silly Conflicting override sets       'vite' => [OverrideSet]
96 silly Conflicting override sets     }
96 silly Conflicting override sets   },
96 silly Conflicting override sets   children: Map(0) {},
96 silly Conflicting override sets   name: '@graphql-codegen/typescript-operations',
96 silly Conflicting override sets   key: '@graphql-codegen/typescript-operations',
96 silly Conflicting override sets   keySpec: '*',
96 silly Conflicting override sets   value: '4.5.0'
96 silly Conflicting override sets }
97 silly Conflicting override sets graphql
98 silly Conflicting override sets <ref *1> OverrideSet {
98 silly Conflicting override sets   parent: OverrideSet {
98 silly Conflicting override sets     parent: undefined,
98 silly Conflicting override sets     children: Map(5) {
98 silly Conflicting override sets       '@graphql-tools/url-loader' => [OverrideSet],
98 silly Conflicting override sets       '@graphql-codegen/client-preset' => [Circular *1],
98 silly Conflicting override sets       '@graphql-codegen/typescript-operations' => [OverrideSet],
98 silly Conflicting override sets       'minimatch' => [OverrideSet],
98 silly Conflicting override sets       'vite' => [OverrideSet]
98 silly Conflicting override sets     }
98 silly Conflicting override sets   },
98 silly Conflicting override sets   children: Map(0) {},
98 silly Conflicting override sets   name: '@graphql-codegen/client-preset',
98 silly Conflicting override sets   key: '@graphql-codegen/client-preset',
98 silly Conflicting override sets   keySpec: '*',
98 silly Conflicting override sets   value: '4.7.0'
98 silly Conflicting override sets } <ref *1> OverrideSet {
98 silly Conflicting override sets   parent: OverrideSet {
98 silly Conflicting override sets     parent: undefined,
98 silly Conflicting override sets     children: Map(5) {
98 silly Conflicting override sets       '@graphql-tools/url-loader' => [Circular *1],
98 silly Conflicting override sets       '@graphql-codegen/client-preset' => [OverrideSet],
98 silly Conflicting override sets       '@graphql-codegen/typescript-operations' => [OverrideSet],
98 silly Conflicting override sets       'minimatch' => [OverrideSet],
98 silly Conflicting override sets       'vite' => [OverrideSet]
98 silly Conflicting override sets     }
98 silly Conflicting override sets   },
98 silly Conflicting override sets   children: Map(0) {},
98 silly Conflicting override sets   name: '@graphql-tools/url-loader',
98 silly Conflicting override sets   key: '@graphql-tools/url-loader',
98 silly Conflicting override sets   keySpec: '*',
98 silly Conflicting override sets   value: '8.0.16'
98 silly Conflicting override sets }
99 silly Conflicting override sets graphql
100 silly Conflicting override sets <ref *1> OverrideSet {
100 silly Conflicting override sets   parent: OverrideSet {
100 silly Conflicting override sets     parent: undefined,
100 silly Conflicting override sets     children: Map(5) {
100 silly Conflicting override sets       '@graphql-tools/url-loader' => [OverrideSet],
100 silly Conflicting override sets       '@graphql-codegen/client-preset' => [Circular *1],
100 silly Conflicting override sets       '@graphql-codegen/typescript-operations' => [OverrideSet],
100 silly Conflicting override sets       'minimatch' => [OverrideSet],
100 silly Conflicting override sets       'vite' => [OverrideSet]
100 silly Conflicting override sets     }
100 silly Conflicting override sets   },
100 silly Conflicting override sets   children: Map(0) {},
100 silly Conflicting override sets   name: '@graphql-codegen/client-preset',
100 silly Conflicting override sets   key: '@graphql-codegen/client-preset',
100 silly Conflicting override sets   keySpec: '*',
100 silly Conflicting override sets   value: '4.7.0'
100 silly Conflicting override sets } <ref *1> OverrideSet {
100 silly Conflicting override sets   parent: OverrideSet {
100 silly Conflicting override sets     parent: undefined,
100 silly Conflicting override sets     children: Map(5) {
100 silly Conflicting override sets       '@graphql-tools/url-loader' => [Circular *1],
100 silly Conflicting override sets       '@graphql-codegen/client-preset' => [OverrideSet],
100 silly Conflicting override sets       '@graphql-codegen/typescript-operations' => [OverrideSet],
100 silly Conflicting override sets       'minimatch' => [OverrideSet],
100 silly Conflicting override sets       'vite' => [OverrideSet]
100 silly Conflicting override sets     }
100 silly Conflicting override sets   },
100 silly Conflicting override sets   children: Map(0) {},
100 silly Conflicting override sets   name: '@graphql-tools/url-loader',
100 silly Conflicting override sets   key: '@graphql-tools/url-loader',
100 silly Conflicting override sets   keySpec: '*',
100 silly Conflicting override sets   value: '8.0.16'
100 silly Conflicting override sets }
101 silly Conflicting override sets graphql
102 silly Conflicting override sets <ref *1> OverrideSet {
102 silly Conflicting override sets   parent: OverrideSet {
102 silly Conflicting override sets     parent: undefined,
102 silly Conflicting override sets     children: Map(5) {
102 silly Conflicting override sets       '@graphql-tools/url-loader' => [OverrideSet],
102 silly Conflicting override sets       '@graphql-codegen/client-preset' => [Circular *1],
102 silly Conflicting override sets       '@graphql-codegen/typescript-operations' => [OverrideSet],
102 silly Conflicting override sets       'minimatch' => [OverrideSet],
102 silly Conflicting override sets       'vite' => [OverrideSet]
102 silly Conflicting override sets     }
102 silly Conflicting override sets   },
102 silly Conflicting override sets   children: Map(0) {},
102 silly Conflicting override sets   name: '@graphql-codegen/client-preset',
102 silly Conflicting override sets   key: '@graphql-codegen/client-preset',
102 silly Conflicting override sets   keySpec: '*',
102 silly Conflicting override sets   value: '4.7.0'
102 silly Conflicting override sets } <ref *1> OverrideSet {
102 silly Conflicting override sets   parent: OverrideSet {
102 silly Conflicting override sets     parent: undefined,
102 silly Conflicting override sets     children: Map(5) {
102 silly Conflicting override sets       '@graphql-tools/url-loader' => [Circular *1],
102 silly Conflicting override sets       '@graphql-codegen/client-preset' => [OverrideSet],
102 silly Conflicting override sets       '@graphql-codegen/typescript-operations' => [OverrideSet],
102 silly Conflicting override sets       'minimatch' => [OverrideSet],
102 silly Conflicting override sets       'vite' => [OverrideSet]
102 silly Conflicting override sets     }
102 silly Conflicting override sets   },
102 silly Conflicting override sets   children: Map(0) {},
102 silly Conflicting override sets   name: '@graphql-tools/url-loader',
102 silly Conflicting override sets   key: '@graphql-tools/url-loader',
102 silly Conflicting override sets   keySpec: '*',
102 silly Conflicting override sets   value: '8.0.16'
102 silly Conflicting override sets }
103 silly Conflicting override sets graphql
104 silly Conflicting override sets <ref *1> OverrideSet {
104 silly Conflicting override sets   parent: OverrideSet {
104 silly Conflicting override sets     parent: undefined,
104 silly Conflicting override sets     children: Map(5) {
104 silly Conflicting override sets       '@graphql-tools/url-loader' => [OverrideSet],
104 silly Conflicting override sets       '@graphql-codegen/client-preset' => [Circular *1],
104 silly Conflicting override sets       '@graphql-codegen/typescript-operations' => [OverrideSet],
104 silly Conflicting override sets       'minimatch' => [OverrideSet],
104 silly Conflicting override sets       'vite' => [OverrideSet]
104 silly Conflicting override sets     }
104 silly Conflicting override sets   },
104 silly Conflicting override sets   children: Map(0) {},
104 silly Conflicting override sets   name: '@graphql-codegen/client-preset',
104 silly Conflicting override sets   key: '@graphql-codegen/client-preset',
104 silly Conflicting override sets   keySpec: '*',
104 silly Conflicting override sets   value: '4.7.0'
104 silly Conflicting override sets } <ref *1> OverrideSet {
104 silly Conflicting override sets   parent: OverrideSet {
104 silly Conflicting override sets     parent: undefined,
104 silly Conflicting override sets     children: Map(5) {
104 silly Conflicting override sets       '@graphql-tools/url-loader' => [Circular *1],
104 silly Conflicting override sets       '@graphql-codegen/client-preset' => [OverrideSet],
104 silly Conflicting override sets       '@graphql-codegen/typescript-operations' => [OverrideSet],
104 silly Conflicting override sets       'minimatch' => [OverrideSet],
104 silly Conflicting override sets       'vite' => [OverrideSet]
104 silly Conflicting override sets     }
104 silly Conflicting override sets   },
104 silly Conflicting override sets   children: Map(0) {},
104 silly Conflicting override sets   name: '@graphql-tools/url-loader',
104 silly Conflicting override sets   key: '@graphql-tools/url-loader',
104 silly Conflicting override sets   keySpec: '*',
104 silly Conflicting override sets   value: '8.0.16'
104 silly Conflicting override sets }
105 silly Conflicting override sets graphql
106 silly Conflicting override sets <ref *1> OverrideSet {
106 silly Conflicting override sets   parent: OverrideSet {
106 silly Conflicting override sets     parent: undefined,
106 silly Conflicting override sets     children: Map(5) {
106 silly Conflicting override sets       '@graphql-tools/url-loader' => [OverrideSet],
106 silly Conflicting override sets       '@graphql-codegen/client-preset' => [Circular *1],
106 silly Conflicting override sets       '@graphql-codegen/typescript-operations' => [OverrideSet],
106 silly Conflicting override sets       'minimatch' => [OverrideSet],
106 silly Conflicting override sets       'vite' => [OverrideSet]
106 silly Conflicting override sets     }
106 silly Conflicting override sets   },
106 silly Conflicting override sets   children: Map(0) {},
106 silly Conflicting override sets   name: '@graphql-codegen/client-preset',
106 silly Conflicting override sets   key: '@graphql-codegen/client-preset',
106 silly Conflicting override sets   keySpec: '*',
106 silly Conflicting override sets   value: '4.7.0'
106 silly Conflicting override sets } <ref *1> OverrideSet {
106 silly Conflicting override sets   parent: OverrideSet {
106 silly Conflicting override sets     parent: undefined,
106 silly Conflicting override sets     children: Map(5) {
106 silly Conflicting override sets       '@graphql-tools/url-loader' => [Circular *1],
106 silly Conflicting override sets       '@graphql-codegen/client-preset' => [OverrideSet],
106 silly Conflicting override sets       '@graphql-codegen/typescript-operations' => [OverrideSet],
106 silly Conflicting override sets       'minimatch' => [OverrideSet],
106 silly Conflicting override sets       'vite' => [OverrideSet]
106 silly Conflicting override sets     }
106 silly Conflicting override sets   },
106 silly Conflicting override sets   children: Map(0) {},
106 silly Conflicting override sets   name: '@graphql-tools/url-loader',
106 silly Conflicting override sets   key: '@graphql-tools/url-loader',
106 silly Conflicting override sets   keySpec: '*',
106 silly Conflicting override sets   value: '8.0.16'
106 silly Conflicting override sets }
107 silly Conflicting override sets graphql
108 silly Conflicting override sets <ref *1> OverrideSet {
108 silly Conflicting override sets   parent: OverrideSet {
108 silly Conflicting override sets     parent: undefined,
108 silly Conflicting override sets     children: Map(5) {
108 silly Conflicting override sets       '@graphql-tools/url-loader' => [OverrideSet],
108 silly Conflicting override sets       '@graphql-codegen/client-preset' => [Circular *1],
108 silly Conflicting override sets       '@graphql-codegen/typescript-operations' => [OverrideSet],
108 silly Conflicting override sets       'minimatch' => [OverrideSet],
108 silly Conflicting override sets       'vite' => [OverrideSet]
108 silly Conflicting override sets     }
108 silly Conflicting override sets   },
108 silly Conflicting override sets   children: Map(0) {},
108 silly Conflicting override sets   name: '@graphql-codegen/client-preset',
108 silly Conflicting override sets   key: '@graphql-codegen/client-preset',
108 silly Conflicting override sets   keySpec: '*',
108 silly Conflicting override sets   value: '4.7.0'
108 silly Conflicting override sets } <ref *1> OverrideSet {
108 silly Conflicting override sets   parent: OverrideSet {
108 silly Conflicting override sets     parent: undefined,
108 silly Conflicting override sets     children: Map(5) {
108 silly Conflicting override sets       '@graphql-tools/url-loader' => [Circular *1],
108 silly Conflicting override sets       '@graphql-codegen/client-preset' => [OverrideSet],
108 silly Conflicting override sets       '@graphql-codegen/typescript-operations' => [OverrideSet],
108 silly Conflicting override sets       'minimatch' => [OverrideSet],
108 silly Conflicting override sets       'vite' => [OverrideSet]
108 silly Conflicting override sets     }
108 silly Conflicting override sets   },
108 silly Conflicting override sets   children: Map(0) {},
108 silly Conflicting override sets   name: '@graphql-tools/url-loader',
108 silly Conflicting override sets   key: '@graphql-tools/url-loader',
108 silly Conflicting override sets   keySpec: '*',
108 silly Conflicting override sets   value: '8.0.16'
108 silly Conflicting override sets }
109 silly Conflicting override sets graphql
110 silly Conflicting override sets <ref *1> OverrideSet {
110 silly Conflicting override sets   parent: OverrideSet {
110 silly Conflicting override sets     parent: undefined,
110 silly Conflicting override sets     children: Map(5) {
110 silly Conflicting override sets       '@graphql-tools/url-loader' => [OverrideSet],
110 silly Conflicting override sets       '@graphql-codegen/client-preset' => [Circular *1],
110 silly Conflicting override sets       '@graphql-codegen/typescript-operations' => [OverrideSet],
110 silly Conflicting override sets       'minimatch' => [OverrideSet],
110 silly Conflicting override sets       'vite' => [OverrideSet]
110 silly Conflicting override sets     }
110 silly Conflicting override sets   },
110 silly Conflicting override sets   children: Map(0) {},
110 silly Conflicting override sets   name: '@graphql-codegen/client-preset',
110 silly Conflicting override sets   key: '@graphql-codegen/client-preset',
110 silly Conflicting override sets   keySpec: '*',
110 silly Conflicting override sets   value: '4.7.0'
110 silly Conflicting override sets } <ref *1> OverrideSet {
110 silly Conflicting override sets   parent: OverrideSet {
110 silly Conflicting override sets     parent: undefined,
110 silly Conflicting override sets     children: Map(5) {
110 silly Conflicting override sets       '@graphql-tools/url-loader' => [Circular *1],
110 silly Conflicting override sets       '@graphql-codegen/client-preset' => [OverrideSet],
110 silly Conflicting override sets       '@graphql-codegen/typescript-operations' => [OverrideSet],
110 silly Conflicting override sets       'minimatch' => [OverrideSet],
110 silly Conflicting override sets       'vite' => [OverrideSet]
110 silly Conflicting override sets     }
110 silly Conflicting override sets   },
110 silly Conflicting override sets   children: Map(0) {},
110 silly Conflicting override sets   name: '@graphql-tools/url-loader',
110 silly Conflicting override sets   key: '@graphql-tools/url-loader',
110 silly Conflicting override sets   keySpec: '*',
110 silly Conflicting override sets   value: '8.0.16'
110 silly Conflicting override sets }
111 silly Conflicting override sets graphql
112 silly Conflicting override sets <ref *1> OverrideSet {
112 silly Conflicting override sets   parent: OverrideSet {
112 silly Conflicting override sets     parent: undefined,
112 silly Conflicting override sets     children: Map(5) {
112 silly Conflicting override sets       '@graphql-tools/url-loader' => [OverrideSet],
112 silly Conflicting override sets       '@graphql-codegen/client-preset' => [Circular *1],
112 silly Conflicting override sets       '@graphql-codegen/typescript-operations' => [OverrideSet],
112 silly Conflicting override sets       'minimatch' => [OverrideSet],
112 silly Conflicting override sets       'vite' => [OverrideSet]
112 silly Conflicting override sets     }
112 silly Conflicting override sets   },
112 silly Conflicting override sets   children: Map(0) {},
112 silly Conflicting override sets   name: '@graphql-codegen/client-preset',
112 silly Conflicting override sets   key: '@graphql-codegen/client-preset',
112 silly Conflicting override sets   keySpec: '*',
112 silly Conflicting override sets   value: '4.7.0'
112 silly Conflicting override sets } <ref *1> OverrideSet {
112 silly Conflicting override sets   parent: OverrideSet {
112 silly Conflicting override sets     parent: undefined,
112 silly Conflicting override sets     children: Map(5) {
112 silly Conflicting override sets       '@graphql-tools/url-loader' => [Circular *1],
112 silly Conflicting override sets       '@graphql-codegen/client-preset' => [OverrideSet],
112 silly Conflicting override sets       '@graphql-codegen/typescript-operations' => [OverrideSet],
112 silly Conflicting override sets       'minimatch' => [OverrideSet],
112 silly Conflicting override sets       'vite' => [OverrideSet]
112 silly Conflicting override sets     }
112 silly Conflicting override sets   },
112 silly Conflicting override sets   children: Map(0) {},
112 silly Conflicting override sets   name: '@graphql-tools/url-loader',
112 silly Conflicting override sets   key: '@graphql-tools/url-loader',
112 silly Conflicting override sets   keySpec: '*',
112 silly Conflicting override sets   value: '8.0.16'
112 silly Conflicting override sets }
113 silly Conflicting override sets graphql
114 silly Conflicting override sets <ref *1> OverrideSet {
114 silly Conflicting override sets   parent: OverrideSet {
114 silly Conflicting override sets     parent: undefined,
114 silly Conflicting override sets     children: Map(5) {
114 silly Conflicting override sets       '@graphql-tools/url-loader' => [OverrideSet],
114 silly Conflicting override sets       '@graphql-codegen/client-preset' => [Circular *1],
114 silly Conflicting override sets       '@graphql-codegen/typescript-operations' => [OverrideSet],
114 silly Conflicting override sets       'minimatch' => [OverrideSet],
114 silly Conflicting override sets       'vite' => [OverrideSet]
114 silly Conflicting override sets     }
114 silly Conflicting override sets   },
114 silly Conflicting override sets   children: Map(0) {},
114 silly Conflicting override sets   name: '@graphql-codegen/client-preset',
114 silly Conflicting override sets   key: '@graphql-codegen/client-preset',
114 silly Conflicting override sets   keySpec: '*',
114 silly Conflicting override sets   value: '4.7.0'
114 silly Conflicting override sets } <ref *1> OverrideSet {
114 silly Conflicting override sets   parent: OverrideSet {
114 silly Conflicting override sets     parent: undefined,
114 silly Conflicting override sets     children: Map(5) {
114 silly Conflicting override sets       '@graphql-tools/url-loader' => [Circular *1],
114 silly Conflicting override sets       '@graphql-codegen/client-preset' => [OverrideSet],
114 silly Conflicting override sets       '@graphql-codegen/typescript-operations' => [OverrideSet],
114 silly Conflicting override sets       'minimatch' => [OverrideSet],
114 silly Conflicting override sets       'vite' => [OverrideSet]
114 silly Conflicting override sets     }
114 silly Conflicting override sets   },
114 silly Conflicting override sets   children: Map(0) {},
114 silly Conflicting override sets   name: '@graphql-tools/url-loader',
114 silly Conflicting override sets   key: '@graphql-tools/url-loader',
114 silly Conflicting override sets   keySpec: '*',
114 silly Conflicting override sets   value: '8.0.16'
114 silly Conflicting override sets }
115 silly Conflicting override sets graphql
116 silly Conflicting override sets <ref *1> OverrideSet {
116 silly Conflicting override sets   parent: OverrideSet {
116 silly Conflicting override sets     parent: undefined,
116 silly Conflicting override sets     children: Map(5) {
116 silly Conflicting override sets       '@graphql-tools/url-loader' => [OverrideSet],
116 silly Conflicting override sets       '@graphql-codegen/client-preset' => [Circular *1],
116 silly Conflicting override sets       '@graphql-codegen/typescript-operations' => [OverrideSet],
116 silly Conflicting override sets       'minimatch' => [OverrideSet],
116 silly Conflicting override sets       'vite' => [OverrideSet]
116 silly Conflicting override sets     }
116 silly Conflicting override sets   },
116 silly Conflicting override sets   children: Map(0) {},
116 silly Conflicting override sets   name: '@graphql-codegen/client-preset',
116 silly Conflicting override sets   key: '@graphql-codegen/client-preset',
116 silly Conflicting override sets   keySpec: '*',
116 silly Conflicting override sets   value: '4.7.0'
116 silly Conflicting override sets } <ref *1> OverrideSet {
116 silly Conflicting override sets   parent: OverrideSet {
116 silly Conflicting override sets     parent: undefined,
116 silly Conflicting override sets     children: Map(5) {
116 silly Conflicting override sets       '@graphql-tools/url-loader' => [Circular *1],
116 silly Conflicting override sets       '@graphql-codegen/client-preset' => [OverrideSet],
116 silly Conflicting override sets       '@graphql-codegen/typescript-operations' => [OverrideSet],
116 silly Conflicting override sets       'minimatch' => [OverrideSet],
116 silly Conflicting override sets       'vite' => [OverrideSet]
116 silly Conflicting override sets     }
116 silly Conflicting override sets   },
116 silly Conflicting override sets   children: Map(0) {},
116 silly Conflicting override sets   name: '@graphql-tools/url-loader',
116 silly Conflicting override sets   key: '@graphql-tools/url-loader',
116 silly Conflicting override sets   keySpec: '*',
116 silly Conflicting override sets   value: '8.0.16'
116 silly Conflicting override sets }
117 silly Conflicting override sets graphql
118 silly Conflicting override sets <ref *1> OverrideSet {
118 silly Conflicting override sets   parent: OverrideSet {
118 silly Conflicting override sets     parent: undefined,
118 silly Conflicting override sets     children: Map(5) {
118 silly Conflicting override sets       '@graphql-tools/url-loader' => [OverrideSet],
118 silly Conflicting override sets       '@graphql-codegen/client-preset' => [Circular *1],
118 silly Conflicting override sets       '@graphql-codegen/typescript-operations' => [OverrideSet],
118 silly Conflicting override sets       'minimatch' => [OverrideSet],
118 silly Conflicting override sets       'vite' => [OverrideSet]
118 silly Conflicting override sets     }
118 silly Conflicting override sets   },
118 silly Conflicting override sets   children: Map(0) {},
118 silly Conflicting override sets   name: '@graphql-codegen/client-preset',
118 silly Conflicting override sets   key: '@graphql-codegen/client-preset',
118 silly Conflicting override sets   keySpec: '*',
118 silly Conflicting override sets   value: '4.7.0'
118 silly Conflicting override sets } <ref *1> OverrideSet {
118 silly Conflicting override sets   parent: OverrideSet {
118 silly Conflicting override sets     parent: undefined,
118 silly Conflicting override sets     children: Map(5) {
118 silly Conflicting override sets       '@graphql-tools/url-loader' => [Circular *1],
118 silly Conflicting override sets       '@graphql-codegen/client-preset' => [OverrideSet],
118 silly Conflicting override sets       '@graphql-codegen/typescript-operations' => [OverrideSet],
118 silly Conflicting override sets       'minimatch' => [OverrideSet],
118 silly Conflicting override sets       'vite' => [OverrideSet]
118 silly Conflicting override sets     }
118 silly Conflicting override sets   },
118 silly Conflicting override sets   children: Map(0) {},
118 silly Conflicting override sets   name: '@graphql-tools/url-loader',
118 silly Conflicting override sets   key: '@graphql-tools/url-loader',
118 silly Conflicting override sets   keySpec: '*',
118 silly Conflicting override sets   value: '8.0.16'
118 silly Conflicting override sets }
119 silly Conflicting override sets graphql
120 silly Conflicting override sets <ref *1> OverrideSet {
120 silly Conflicting override sets   parent: OverrideSet {
120 silly Conflicting override sets     parent: undefined,
120 silly Conflicting override sets     children: Map(5) {
120 silly Conflicting override sets       '@graphql-tools/url-loader' => [OverrideSet],
120 silly Conflicting override sets       '@graphql-codegen/client-preset' => [Circular *1],
120 silly Conflicting override sets       '@graphql-codegen/typescript-operations' => [OverrideSet],
120 silly Conflicting override sets       'minimatch' => [OverrideSet],
120 silly Conflicting override sets       'vite' => [OverrideSet]
120 silly Conflicting override sets     }
120 silly Conflicting override sets   },
120 silly Conflicting override sets   children: Map(0) {},
120 silly Conflicting override sets   name: '@graphql-codegen/client-preset',
120 silly Conflicting override sets   key: '@graphql-codegen/client-preset',
120 silly Conflicting override sets   keySpec: '*',
120 silly Conflicting override sets   value: '4.7.0'
120 silly Conflicting override sets } <ref *1> OverrideSet {
120 silly Conflicting override sets   parent: OverrideSet {
120 silly Conflicting override sets     parent: undefined,
120 silly Conflicting override sets     children: Map(5) {
120 silly Conflicting override sets       '@graphql-tools/url-loader' => [Circular *1],
120 silly Conflicting override sets       '@graphql-codegen/client-preset' => [OverrideSet],
120 silly Conflicting override sets       '@graphql-codegen/typescript-operations' => [OverrideSet],
120 silly Conflicting override sets       'minimatch' => [OverrideSet],
120 silly Conflicting override sets       'vite' => [OverrideSet]
120 silly Conflicting override sets     }
120 silly Conflicting override sets   },
120 silly Conflicting override sets   children: Map(0) {},
120 silly Conflicting override sets   name: '@graphql-tools/url-loader',
120 silly Conflicting override sets   key: '@graphql-tools/url-loader',
120 silly Conflicting override sets   keySpec: '*',
120 silly Conflicting override sets   value: '8.0.16'
120 silly Conflicting override sets }
121 silly Conflicting override sets graphql
122 silly Conflicting override sets <ref *1> OverrideSet {
122 silly Conflicting override sets   parent: OverrideSet {
122 silly Conflicting override sets     parent: undefined,
122 silly Conflicting override sets     children: Map(5) {
122 silly Conflicting override sets       '@graphql-tools/url-loader' => [OverrideSet],
122 silly Conflicting override sets       '@graphql-codegen/client-preset' => [Circular *1],
122 silly Conflicting override sets       '@graphql-codegen/typescript-operations' => [OverrideSet],
122 silly Conflicting override sets       'minimatch' => [OverrideSet],
122 silly Conflicting override sets       'vite' => [OverrideSet]
122 silly Conflicting override sets     }
122 silly Conflicting override sets   },
122 silly Conflicting override sets   children: Map(0) {},
122 silly Conflicting override sets   name: '@graphql-codegen/client-preset',
122 silly Conflicting override sets   key: '@graphql-codegen/client-preset',
122 silly Conflicting override sets   keySpec: '*',
122 silly Conflicting override sets   value: '4.7.0'
122 silly Conflicting override sets } <ref *1> OverrideSet {
122 silly Conflicting override sets   parent: OverrideSet {
122 silly Conflicting override sets     parent: undefined,
122 silly Conflicting override sets     children: Map(5) {
122 silly Conflicting override sets       '@graphql-tools/url-loader' => [Circular *1],
122 silly Conflicting override sets       '@graphql-codegen/client-preset' => [OverrideSet],
122 silly Conflicting override sets       '@graphql-codegen/typescript-operations' => [OverrideSet],
122 silly Conflicting override sets       'minimatch' => [OverrideSet],
122 silly Conflicting override sets       'vite' => [OverrideSet]
122 silly Conflicting override sets     }
122 silly Conflicting override sets   },
122 silly Conflicting override sets   children: Map(0) {},
122 silly Conflicting override sets   name: '@graphql-tools/url-loader',
122 silly Conflicting override sets   key: '@graphql-tools/url-loader',
122 silly Conflicting override sets   keySpec: '*',
122 silly Conflicting override sets   value: '8.0.16'
122 silly Conflicting override sets }
123 silly Conflicting override sets graphql
124 silly Conflicting override sets <ref *1> OverrideSet {
124 silly Conflicting override sets   parent: OverrideSet {
124 silly Conflicting override sets     parent: undefined,
124 silly Conflicting override sets     children: Map(5) {
124 silly Conflicting override sets       '@graphql-tools/url-loader' => [OverrideSet],
124 silly Conflicting override sets       '@graphql-codegen/client-preset' => [Circular *1],
124 silly Conflicting override sets       '@graphql-codegen/typescript-operations' => [OverrideSet],
124 silly Conflicting override sets       'minimatch' => [OverrideSet],
124 silly Conflicting override sets       'vite' => [OverrideSet]
124 silly Conflicting override sets     }
124 silly Conflicting override sets   },
124 silly Conflicting override sets   children: Map(0) {},
124 silly Conflicting override sets   name: '@graphql-codegen/client-preset',
124 silly Conflicting override sets   key: '@graphql-codegen/client-preset',
124 silly Conflicting override sets   keySpec: '*',
124 silly Conflicting override sets   value: '4.7.0'
124 silly Conflicting override sets } <ref *1> OverrideSet {
124 silly Conflicting override sets   parent: OverrideSet {
124 silly Conflicting override sets     parent: undefined,
124 silly Conflicting override sets     children: Map(5) {
124 silly Conflicting override sets       '@graphql-tools/url-loader' => [Circular *1],
124 silly Conflicting override sets       '@graphql-codegen/client-preset' => [OverrideSet],
124 silly Conflicting override sets       '@graphql-codegen/typescript-operations' => [OverrideSet],
124 silly Conflicting override sets       'minimatch' => [OverrideSet],
124 silly Conflicting override sets       'vite' => [OverrideSet]
124 silly Conflicting override sets     }
124 silly Conflicting override sets   },
124 silly Conflicting override sets   children: Map(0) {},
124 silly Conflicting override sets   name: '@graphql-tools/url-loader',
124 silly Conflicting override sets   key: '@graphql-tools/url-loader',
124 silly Conflicting override sets   keySpec: '*',
124 silly Conflicting override sets   value: '8.0.16'
124 silly Conflicting override sets }
125 silly Conflicting override sets graphql
126 silly Conflicting override sets <ref *1> OverrideSet {
126 silly Conflicting override sets   parent: OverrideSet {
126 silly Conflicting override sets     parent: undefined,
126 silly Conflicting override sets     children: Map(5) {
126 silly Conflicting override sets       '@graphql-tools/url-loader' => [OverrideSet],
126 silly Conflicting override sets       '@graphql-codegen/client-preset' => [Circular *1],
126 silly Conflicting override sets       '@graphql-codegen/typescript-operations' => [OverrideSet],
126 silly Conflicting override sets       'minimatch' => [OverrideSet],
126 silly Conflicting override sets       'vite' => [OverrideSet]
126 silly Conflicting override sets     }
126 silly Conflicting override sets   },
126 silly Conflicting override sets   children: Map(0) {},
126 silly Conflicting override sets   name: '@graphql-codegen/client-preset',
126 silly Conflicting override sets   key: '@graphql-codegen/client-preset',
126 silly Conflicting override sets   keySpec: '*',
126 silly Conflicting override sets   value: '4.7.0'
126 silly Conflicting override sets } <ref *1> OverrideSet {
126 silly Conflicting override sets   parent: OverrideSet {
126 silly Conflicting override sets     parent: undefined,
126 silly Conflicting override sets     children: Map(5) {
126 silly Conflicting override sets       '@graphql-tools/url-loader' => [Circular *1],
126 silly Conflicting override sets       '@graphql-codegen/client-preset' => [OverrideSet],
126 silly Conflicting override sets       '@graphql-codegen/typescript-operations' => [OverrideSet],
126 silly Conflicting override sets       'minimatch' => [OverrideSet],
126 silly Conflicting override sets       'vite' => [OverrideSet]
126 silly Conflicting override sets     }
126 silly Conflicting override sets   },
126 silly Conflicting override sets   children: Map(0) {},
126 silly Conflicting override sets   name: '@graphql-tools/url-loader',
126 silly Conflicting override sets   key: '@graphql-tools/url-loader',
126 silly Conflicting override sets   keySpec: '*',
126 silly Conflicting override sets   value: '8.0.16'
126 silly Conflicting override sets }
127 silly Conflicting override sets graphql
128 silly Conflicting override sets <ref *1> OverrideSet {
128 silly Conflicting override sets   parent: OverrideSet {
128 silly Conflicting override sets     parent: undefined,
128 silly Conflicting override sets     children: Map(5) {
128 silly Conflicting override sets       '@graphql-tools/url-loader' => [OverrideSet],
128 silly Conflicting override sets       '@graphql-codegen/client-preset' => [Circular *1],
128 silly Conflicting override sets       '@graphql-codegen/typescript-operations' => [OverrideSet],
128 silly Conflicting override sets       'minimatch' => [OverrideSet],
128 silly Conflicting override sets       'vite' => [OverrideSet]
128 silly Conflicting override sets     }
128 silly Conflicting override sets   },
128 silly Conflicting override sets   children: Map(0) {},
128 silly Conflicting override sets   name: '@graphql-codegen/client-preset',
128 silly Conflicting override sets   key: '@graphql-codegen/client-preset',
128 silly Conflicting override sets   keySpec: '*',
128 silly Conflicting override sets   value: '4.7.0'
128 silly Conflicting override sets } <ref *1> OverrideSet {
128 silly Conflicting override sets   parent: OverrideSet {
128 silly Conflicting override sets     parent: undefined,
128 silly Conflicting override sets     children: Map(5) {
128 silly Conflicting override sets       '@graphql-tools/url-loader' => [Circular *1],
128 silly Conflicting override sets       '@graphql-codegen/client-preset' => [OverrideSet],
128 silly Conflicting override sets       '@graphql-codegen/typescript-operations' => [OverrideSet],
128 silly Conflicting override sets       'minimatch' => [OverrideSet],
128 silly Conflicting override sets       'vite' => [OverrideSet]
128 silly Conflicting override sets     }
128 silly Conflicting override sets   },
128 silly Conflicting override sets   children: Map(0) {},
128 silly Conflicting override sets   name: '@graphql-tools/url-loader',
128 silly Conflicting override sets   key: '@graphql-tools/url-loader',
128 silly Conflicting override sets   keySpec: '*',
128 silly Conflicting override sets   value: '8.0.16'
128 silly Conflicting override sets }
129 silly Conflicting override sets graphql
130 silly Conflicting override sets <ref *1> OverrideSet {
130 silly Conflicting override sets   parent: OverrideSet {
130 silly Conflicting override sets     parent: undefined,
130 silly Conflicting override sets     children: Map(5) {
130 silly Conflicting override sets       '@graphql-tools/url-loader' => [OverrideSet],
130 silly Conflicting override sets       '@graphql-codegen/client-preset' => [Circular *1],
130 silly Conflicting override sets       '@graphql-codegen/typescript-operations' => [OverrideSet],
130 silly Conflicting override sets       'minimatch' => [OverrideSet],
130 silly Conflicting override sets       'vite' => [OverrideSet]
130 silly Conflicting override sets     }
130 silly Conflicting override sets   },
130 silly Conflicting override sets   children: Map(0) {},
130 silly Conflicting override sets   name: '@graphql-codegen/client-preset',
130 silly Conflicting override sets   key: '@graphql-codegen/client-preset',
130 silly Conflicting override sets   keySpec: '*',
130 silly Conflicting override sets   value: '4.7.0'
130 silly Conflicting override sets } <ref *1> OverrideSet {
130 silly Conflicting override sets   parent: OverrideSet {
130 silly Conflicting override sets     parent: undefined,
130 silly Conflicting override sets     children: Map(5) {
130 silly Conflicting override sets       '@graphql-tools/url-loader' => [OverrideSet],
130 silly Conflicting override sets       '@graphql-codegen/client-preset' => [OverrideSet],
130 silly Conflicting override sets       '@graphql-codegen/typescript-operations' => [Circular *1],
130 silly Conflicting override sets       'minimatch' => [OverrideSet],
130 silly Conflicting override sets       'vite' => [OverrideSet]
130 silly Conflicting override sets     }
130 silly Conflicting override sets   },
130 silly Conflicting override sets   children: Map(0) {},
130 silly Conflicting override sets   name: '@graphql-codegen/typescript-operations',
130 silly Conflicting override sets   key: '@graphql-codegen/typescript-operations',
130 silly Conflicting override sets   keySpec: '*',
130 silly Conflicting override sets   value: '4.5.0'
130 silly Conflicting override sets }
131 silly Conflicting override sets graphql-tag
132 silly Conflicting override sets <ref *1> OverrideSet {
132 silly Conflicting override sets   parent: OverrideSet {
132 silly Conflicting override sets     parent: undefined,
132 silly Conflicting override sets     children: Map(5) {
132 silly Conflicting override sets       '@graphql-tools/url-loader' => [OverrideSet],
132 silly Conflicting override sets       '@graphql-codegen/client-preset' => [Circular *1],
132 silly Conflicting override sets       '@graphql-codegen/typescript-operations' => [OverrideSet],
132 silly Conflicting override sets       'minimatch' => [OverrideSet],
132 silly Conflicting override sets       'vite' => [OverrideSet]
132 silly Conflicting override sets     }
132 silly Conflicting override sets   },
132 silly Conflicting override sets   children: Map(0) {},
132 silly Conflicting override sets   name: '@graphql-codegen/client-preset',
132 silly Conflicting override sets   key: '@graphql-codegen/client-preset',
132 silly Conflicting override sets   keySpec: '*',
132 silly Conflicting override sets   value: '4.7.0'
132 silly Conflicting override sets } <ref *1> OverrideSet {
132 silly Conflicting override sets   parent: OverrideSet {
132 silly Conflicting override sets     parent: undefined,
132 silly Conflicting override sets     children: Map(5) {
132 silly Conflicting override sets       '@graphql-tools/url-loader' => [OverrideSet],
132 silly Conflicting override sets       '@graphql-codegen/client-preset' => [OverrideSet],
132 silly Conflicting override sets       '@graphql-codegen/typescript-operations' => [Circular *1],
132 silly Conflicting override sets       'minimatch' => [OverrideSet],
132 silly Conflicting override sets       'vite' => [OverrideSet]
132 silly Conflicting override sets     }
132 silly Conflicting override sets   },
132 silly Conflicting override sets   children: Map(0) {},
132 silly Conflicting override sets   name: '@graphql-codegen/typescript-operations',
132 silly Conflicting override sets   key: '@graphql-codegen/typescript-operations',
132 silly Conflicting override sets   keySpec: '*',
132 silly Conflicting override sets   value: '4.5.0'
132 silly Conflicting override sets }
133 silly Conflicting override sets graphql-tag
134 silly Conflicting override sets <ref *1> OverrideSet {
134 silly Conflicting override sets   parent: OverrideSet {
134 silly Conflicting override sets     parent: undefined,
134 silly Conflicting override sets     children: Map(5) {
134 silly Conflicting override sets       '@graphql-tools/url-loader' => [OverrideSet],
134 silly Conflicting override sets       '@graphql-codegen/client-preset' => [Circular *1],
134 silly Conflicting override sets       '@graphql-codegen/typescript-operations' => [OverrideSet],
134 silly Conflicting override sets       'minimatch' => [OverrideSet],
134 silly Conflicting override sets       'vite' => [OverrideSet]
134 silly Conflicting override sets     }
134 silly Conflicting override sets   },
134 silly Conflicting override sets   children: Map(0) {},
134 silly Conflicting override sets   name: '@graphql-codegen/client-preset',
134 silly Conflicting override sets   key: '@graphql-codegen/client-preset',
134 silly Conflicting override sets   keySpec: '*',
134 silly Conflicting override sets   value: '4.7.0'
134 silly Conflicting override sets } <ref *1> OverrideSet {
134 silly Conflicting override sets   parent: OverrideSet {
134 silly Conflicting override sets     parent: undefined,
134 silly Conflicting override sets     children: Map(5) {
134 silly Conflicting override sets       '@graphql-tools/url-loader' => [Circular *1],
134 silly Conflicting override sets       '@graphql-codegen/client-preset' => [OverrideSet],
134 silly Conflicting override sets       '@graphql-codegen/typescript-operations' => [OverrideSet],
134 silly Conflicting override sets       'minimatch' => [OverrideSet],
134 silly Conflicting override sets       'vite' => [OverrideSet]
134 silly Conflicting override sets     }
134 silly Conflicting override sets   },
134 silly Conflicting override sets   children: Map(0) {},
134 silly Conflicting override sets   name: '@graphql-tools/url-loader',
134 silly Conflicting override sets   key: '@graphql-tools/url-loader',
134 silly Conflicting override sets   keySpec: '*',
134 silly Conflicting override sets   value: '8.0.16'
134 silly Conflicting override sets }
135 silly Conflicting override sets graphql
136 silly Conflicting override sets <ref *1> OverrideSet {
136 silly Conflicting override sets   parent: OverrideSet {
136 silly Conflicting override sets     parent: undefined,
136 silly Conflicting override sets     children: Map(5) {
136 silly Conflicting override sets       '@graphql-tools/url-loader' => [OverrideSet],
136 silly Conflicting override sets       '@graphql-codegen/client-preset' => [Circular *1],
136 silly Conflicting override sets       '@graphql-codegen/typescript-operations' => [OverrideSet],
136 silly Conflicting override sets       'minimatch' => [OverrideSet],
136 silly Conflicting override sets       'vite' => [OverrideSet]
136 silly Conflicting override sets     }
136 silly Conflicting override sets   },
136 silly Conflicting override sets   children: Map(0) {},
136 silly Conflicting override sets   name: '@graphql-codegen/client-preset',
136 silly Conflicting override sets   key: '@graphql-codegen/client-preset',
136 silly Conflicting override sets   keySpec: '*',
136 silly Conflicting override sets   value: '4.7.0'
136 silly Conflicting override sets } <ref *1> OverrideSet {
136 silly Conflicting override sets   parent: OverrideSet {
136 silly Conflicting override sets     parent: undefined,
136 silly Conflicting override sets     children: Map(5) {
136 silly Conflicting override sets       '@graphql-tools/url-loader' => [OverrideSet],
136 silly Conflicting override sets       '@graphql-codegen/client-preset' => [OverrideSet],
136 silly Conflicting override sets       '@graphql-codegen/typescript-operations' => [Circular *1],
136 silly Conflicting override sets       'minimatch' => [OverrideSet],
136 silly Conflicting override sets       'vite' => [OverrideSet]
136 silly Conflicting override sets     }
136 silly Conflicting override sets   },
136 silly Conflicting override sets   children: Map(0) {},
136 silly Conflicting override sets   name: '@graphql-codegen/typescript-operations',
136 silly Conflicting override sets   key: '@graphql-codegen/typescript-operations',
136 silly Conflicting override sets   keySpec: '*',
136 silly Conflicting override sets   value: '4.5.0'
136 silly Conflicting override sets }
137 silly Conflicting override sets parse-filepath
138 silly Conflicting override sets <ref *1> OverrideSet {
138 silly Conflicting override sets   parent: OverrideSet {
138 silly Conflicting override sets     parent: undefined,
138 silly Conflicting override sets     children: Map(5) {
138 silly Conflicting override sets       '@graphql-tools/url-loader' => [OverrideSet],
138 silly Conflicting override sets       '@graphql-codegen/client-preset' => [Circular *1],
138 silly Conflicting override sets       '@graphql-codegen/typescript-operations' => [OverrideSet],
138 silly Conflicting override sets       'minimatch' => [OverrideSet],
138 silly Conflicting override sets       'vite' => [OverrideSet]
138 silly Conflicting override sets     }
138 silly Conflicting override sets   },
138 silly Conflicting override sets   children: Map(0) {},
138 silly Conflicting override sets   name: '@graphql-codegen/client-preset',
138 silly Conflicting override sets   key: '@graphql-codegen/client-preset',
138 silly Conflicting override sets   keySpec: '*',
138 silly Conflicting override sets   value: '4.7.0'
138 silly Conflicting override sets } <ref *1> OverrideSet {
138 silly Conflicting override sets   parent: OverrideSet {
138 silly Conflicting override sets     parent: undefined,
138 silly Conflicting override sets     children: Map(5) {
138 silly Conflicting override sets       '@graphql-tools/url-loader' => [OverrideSet],
138 silly Conflicting override sets       '@graphql-codegen/client-preset' => [OverrideSet],
138 silly Conflicting override sets       '@graphql-codegen/typescript-operations' => [Circular *1],
138 silly Conflicting override sets       'minimatch' => [OverrideSet],
138 silly Conflicting override sets       'vite' => [OverrideSet]
138 silly Conflicting override sets     }
138 silly Conflicting override sets   },
138 silly Conflicting override sets   children: Map(0) {},
138 silly Conflicting override sets   name: '@graphql-codegen/typescript-operations',
138 silly Conflicting override sets   key: '@graphql-codegen/typescript-operations',
138 silly Conflicting override sets   keySpec: '*',
138 silly Conflicting override sets   value: '4.5.0'
138 silly Conflicting override sets }
139 silly Conflicting override sets parse-filepath
140 silly Conflicting override sets <ref *1> OverrideSet {
140 silly Conflicting override sets   parent: OverrideSet {
140 silly Conflicting override sets     parent: undefined,
140 silly Conflicting override sets     children: Map(5) {
140 silly Conflicting override sets       '@graphql-tools/url-loader' => [Circular *1],
140 silly Conflicting override sets       '@graphql-codegen/client-preset' => [OverrideSet],
140 silly Conflicting override sets       '@graphql-codegen/typescript-operations' => [OverrideSet],
140 silly Conflicting override sets       'minimatch' => [OverrideSet],
140 silly Conflicting override sets       'vite' => [OverrideSet]
140 silly Conflicting override sets     }
140 silly Conflicting override sets   },
140 silly Conflicting override sets   children: Map(0) {},
140 silly Conflicting override sets   name: '@graphql-tools/url-loader',
140 silly Conflicting override sets   key: '@graphql-tools/url-loader',
140 silly Conflicting override sets   keySpec: '*',
140 silly Conflicting override sets   value: '8.0.16'
140 silly Conflicting override sets } <ref *1> OverrideSet {
140 silly Conflicting override sets   parent: OverrideSet {
140 silly Conflicting override sets     parent: undefined,
140 silly Conflicting override sets     children: Map(5) {
140 silly Conflicting override sets       '@graphql-tools/url-loader' => [OverrideSet],
140 silly Conflicting override sets       '@graphql-codegen/client-preset' => [Circular *1],
140 silly Conflicting override sets       '@graphql-codegen/typescript-operations' => [OverrideSet],
140 silly Conflicting override sets       'minimatch' => [OverrideSet],
140 silly Conflicting override sets       'vite' => [OverrideSet]
140 silly Conflicting override sets     }
140 silly Conflicting override sets   },
140 silly Conflicting override sets   children: Map(0) {},
140 silly Conflicting override sets   name: '@graphql-codegen/client-preset',
140 silly Conflicting override sets   key: '@graphql-codegen/client-preset',
140 silly Conflicting override sets   keySpec: '*',
140 silly Conflicting override sets   value: '4.7.0'
140 silly Conflicting override sets }
141 silly Conflicting override sets tslib
142 silly Conflicting override sets <ref *1> OverrideSet {
142 silly Conflicting override sets   parent: OverrideSet {
142 silly Conflicting override sets     parent: undefined,
142 silly Conflicting override sets     children: Map(5) {
142 silly Conflicting override sets       '@graphql-tools/url-loader' => [Circular *1],
142 silly Conflicting override sets       '@graphql-codegen/client-preset' => [OverrideSet],
142 silly Conflicting override sets       '@graphql-codegen/typescript-operations' => [OverrideSet],
142 silly Conflicting override sets       'minimatch' => [OverrideSet],
142 silly Conflicting override sets       'vite' => [OverrideSet]
142 silly Conflicting override sets     }
142 silly Conflicting override sets   },
142 silly Conflicting override sets   children: Map(0) {},
142 silly Conflicting override sets   name: '@graphql-tools/url-loader',
142 silly Conflicting override sets   key: '@graphql-tools/url-loader',
142 silly Conflicting override sets   keySpec: '*',
142 silly Conflicting override sets   value: '8.0.16'
142 silly Conflicting override sets } <ref *1> OverrideSet {
142 silly Conflicting override sets   parent: OverrideSet {
142 silly Conflicting override sets     parent: undefined,
142 silly Conflicting override sets     children: Map(5) {
142 silly Conflicting override sets       '@graphql-tools/url-loader' => [OverrideSet],
142 silly Conflicting override sets       '@graphql-codegen/client-preset' => [Circular *1],
142 silly Conflicting override sets       '@graphql-codegen/typescript-operations' => [OverrideSet],
142 silly Conflicting override sets       'minimatch' => [OverrideSet],
142 silly Conflicting override sets       'vite' => [OverrideSet]
142 silly Conflicting override sets     }
142 silly Conflicting override sets   },
142 silly Conflicting override sets   children: Map(0) {},
142 silly Conflicting override sets   name: '@graphql-codegen/client-preset',
142 silly Conflicting override sets   key: '@graphql-codegen/client-preset',
142 silly Conflicting override sets   keySpec: '*',
142 silly Conflicting override sets   value: '4.7.0'
142 silly Conflicting override sets }
143 silly Conflicting override sets tslib
144 silly Conflicting override sets <ref *1> OverrideSet {
144 silly Conflicting override sets   parent: OverrideSet {
144 silly Conflicting override sets     parent: undefined,
144 silly Conflicting override sets     children: Map(5) {
144 silly Conflicting override sets       '@graphql-tools/url-loader' => [Circular *1],
144 silly Conflicting override sets       '@graphql-codegen/client-preset' => [OverrideSet],
144 silly Conflicting override sets       '@graphql-codegen/typescript-operations' => [OverrideSet],
144 silly Conflicting override sets       'minimatch' => [OverrideSet],
144 silly Conflicting override sets       'vite' => [OverrideSet]
144 silly Conflicting override sets     }
144 silly Conflicting override sets   },
144 silly Conflicting override sets   children: Map(0) {},
144 silly Conflicting override sets   name: '@graphql-tools/url-loader',
144 silly Conflicting override sets   key: '@graphql-tools/url-loader',
144 silly Conflicting override sets   keySpec: '*',
144 silly Conflicting override sets   value: '8.0.16'
144 silly Conflicting override sets } <ref *1> OverrideSet {
144 silly Conflicting override sets   parent: OverrideSet {
144 silly Conflicting override sets     parent: undefined,
144 silly Conflicting override sets     children: Map(5) {
144 silly Conflicting override sets       '@graphql-tools/url-loader' => [OverrideSet],
144 silly Conflicting override sets       '@graphql-codegen/client-preset' => [Circular *1],
144 silly Conflicting override sets       '@graphql-codegen/typescript-operations' => [OverrideSet],
144 silly Conflicting override sets       'minimatch' => [OverrideSet],
144 silly Conflicting override sets       'vite' => [OverrideSet]
144 silly Conflicting override sets     }
144 silly Conflicting override sets   },
144 silly Conflicting override sets   children: Map(0) {},
144 silly Conflicting override sets   name: '@graphql-codegen/client-preset',
144 silly Conflicting override sets   key: '@graphql-codegen/client-preset',
144 silly Conflicting override sets   keySpec: '*',
144 silly Conflicting override sets   value: '4.7.0'
144 silly Conflicting override sets }
145 silly Conflicting override sets tslib
146 silly Conflicting override sets <ref *1> OverrideSet {
146 silly Conflicting override sets   parent: OverrideSet {
146 silly Conflicting override sets     parent: undefined,
146 silly Conflicting override sets     children: Map(5) {
146 silly Conflicting override sets       '@graphql-tools/url-loader' => [Circular *1],
146 silly Conflicting override sets       '@graphql-codegen/client-preset' => [OverrideSet],
146 silly Conflicting override sets       '@graphql-codegen/typescript-operations' => [OverrideSet],
146 silly Conflicting override sets       'minimatch' => [OverrideSet],
146 silly Conflicting override sets       'vite' => [OverrideSet]
146 silly Conflicting override sets     }
146 silly Conflicting override sets   },
146 silly Conflicting override sets   children: Map(0) {},
146 silly Conflicting override sets   name: '@graphql-tools/url-loader',
146 silly Conflicting override sets   key: '@graphql-tools/url-loader',
146 silly Conflicting override sets   keySpec: '*',
146 silly Conflicting override sets   value: '8.0.16'
146 silly Conflicting override sets } <ref *1> OverrideSet {
146 silly Conflicting override sets   parent: OverrideSet {
146 silly Conflicting override sets     parent: undefined,
146 silly Conflicting override sets     children: Map(5) {
146 silly Conflicting override sets       '@graphql-tools/url-loader' => [OverrideSet],
146 silly Conflicting override sets       '@graphql-codegen/client-preset' => [Circular *1],
146 silly Conflicting override sets       '@graphql-codegen/typescript-operations' => [OverrideSet],
146 silly Conflicting override sets       'minimatch' => [OverrideSet],
146 silly Conflicting override sets       'vite' => [OverrideSet]
146 silly Conflicting override sets     }
146 silly Conflicting override sets   },
146 silly Conflicting override sets   children: Map(0) {},
146 silly Conflicting override sets   name: '@graphql-codegen/client-preset',
146 silly Conflicting override sets   key: '@graphql-codegen/client-preset',
146 silly Conflicting override sets   keySpec: '*',
146 silly Conflicting override sets   value: '4.7.0'
146 silly Conflicting override sets }
147 silly Conflicting override sets tslib
148 silly Conflicting override sets <ref *1> OverrideSet {
148 silly Conflicting override sets   parent: OverrideSet {
148 silly Conflicting override sets     parent: undefined,
148 silly Conflicting override sets     children: Map(5) {
148 silly Conflicting override sets       '@graphql-tools/url-loader' => [Circular *1],
148 silly Conflicting override sets       '@graphql-codegen/client-preset' => [OverrideSet],
148 silly Conflicting override sets       '@graphql-codegen/typescript-operations' => [OverrideSet],
148 silly Conflicting override sets       'minimatch' => [OverrideSet],
148 silly Conflicting override sets       'vite' => [OverrideSet]
148 silly Conflicting override sets     }
148 silly Conflicting override sets   },
148 silly Conflicting override sets   children: Map(0) {},
148 silly Conflicting override sets   name: '@graphql-tools/url-loader',
148 silly Conflicting override sets   key: '@graphql-tools/url-loader',
148 silly Conflicting override sets   keySpec: '*',
148 silly Conflicting override sets   value: '8.0.16'
148 silly Conflicting override sets } <ref *1> OverrideSet {
148 silly Conflicting override sets   parent: OverrideSet {
148 silly Conflicting override sets     parent: undefined,
148 silly Conflicting override sets     children: Map(5) {
148 silly Conflicting override sets       '@graphql-tools/url-loader' => [OverrideSet],
148 silly Conflicting override sets       '@graphql-codegen/client-preset' => [Circular *1],
148 silly Conflicting override sets       '@graphql-codegen/typescript-operations' => [OverrideSet],
148 silly Conflicting override sets       'minimatch' => [OverrideSet],
148 silly Conflicting override sets       'vite' => [OverrideSet]
148 silly Conflicting override sets     }
148 silly Conflicting override sets   },
148 silly Conflicting override sets   children: Map(0) {},
148 silly Conflicting override sets   name: '@graphql-codegen/client-preset',
148 silly Conflicting override sets   key: '@graphql-codegen/client-preset',
148 silly Conflicting override sets   keySpec: '*',
148 silly Conflicting override sets   value: '4.7.0'
148 silly Conflicting override sets }
149 silly Conflicting override sets tslib
150 silly Conflicting override sets <ref *1> OverrideSet {
150 silly Conflicting override sets   parent: OverrideSet {
150 silly Conflicting override sets     parent: undefined,
150 silly Conflicting override sets     children: Map(5) {
150 silly Conflicting override sets       '@graphql-tools/url-loader' => [Circular *1],
150 silly Conflicting override sets       '@graphql-codegen/client-preset' => [OverrideSet],
150 silly Conflicting override sets       '@graphql-codegen/typescript-operations' => [OverrideSet],
150 silly Conflicting override sets       'minimatch' => [OverrideSet],
150 silly Conflicting override sets       'vite' => [OverrideSet]
150 silly Conflicting override sets     }
150 silly Conflicting override sets   },
150 silly Conflicting override sets   children: Map(0) {},
150 silly Conflicting override sets   name: '@graphql-tools/url-loader',
150 silly Conflicting override sets   key: '@graphql-tools/url-loader',
150 silly Conflicting override sets   keySpec: '*',
150 silly Conflicting override sets   value: '8.0.16'
150 silly Conflicting override sets } <ref *1> OverrideSet {
150 silly Conflicting override sets   parent: OverrideSet {
150 silly Conflicting override sets     parent: undefined,
150 silly Conflicting override sets     children: Map(5) {
150 silly Conflicting override sets       '@graphql-tools/url-loader' => [OverrideSet],
150 silly Conflicting override sets       '@graphql-codegen/client-preset' => [Circular *1],
150 silly Conflicting override sets       '@graphql-codegen/typescript-operations' => [OverrideSet],
150 silly Conflicting override sets       'minimatch' => [OverrideSet],
150 silly Conflicting override sets       'vite' => [OverrideSet]
150 silly Conflicting override sets     }
150 silly Conflicting override sets   },
150 silly Conflicting override sets   children: Map(0) {},
150 silly Conflicting override sets   name: '@graphql-codegen/client-preset',
150 silly Conflicting override sets   key: '@graphql-codegen/client-preset',
150 silly Conflicting override sets   keySpec: '*',
150 silly Conflicting override sets   value: '4.7.0'
150 silly Conflicting override sets }
151 silly Conflicting override sets tslib
152 silly Conflicting override sets <ref *1> OverrideSet {
152 silly Conflicting override sets   parent: OverrideSet {
152 silly Conflicting override sets     parent: undefined,
152 silly Conflicting override sets     children: Map(5) {
152 silly Conflicting override sets       '@graphql-tools/url-loader' => [Circular *1],
152 silly Conflicting override sets       '@graphql-codegen/client-preset' => [OverrideSet],
152 silly Conflicting override sets       '@graphql-codegen/typescript-operations' => [OverrideSet],
152 silly Conflicting override sets       'minimatch' => [OverrideSet],
152 silly Conflicting override sets       'vite' => [OverrideSet]
152 silly Conflicting override sets     }
152 silly Conflicting override sets   },
152 silly Conflicting override sets   children: Map(0) {},
152 silly Conflicting override sets   name: '@graphql-tools/url-loader',
152 silly Conflicting override sets   key: '@graphql-tools/url-loader',
152 silly Conflicting override sets   keySpec: '*',
152 silly Conflicting override sets   value: '8.0.16'
152 silly Conflicting override sets } <ref *1> OverrideSet {
152 silly Conflicting override sets   parent: OverrideSet {
152 silly Conflicting override sets     parent: undefined,
152 silly Conflicting override sets     children: Map(5) {
152 silly Conflicting override sets       '@graphql-tools/url-loader' => [OverrideSet],
152 silly Conflicting override sets       '@graphql-codegen/client-preset' => [Circular *1],
152 silly Conflicting override sets       '@graphql-codegen/typescript-operations' => [OverrideSet],
152 silly Conflicting override sets       'minimatch' => [OverrideSet],
152 silly Conflicting override sets       'vite' => [OverrideSet]
152 silly Conflicting override sets     }
152 silly Conflicting override sets   },
152 silly Conflicting override sets   children: Map(0) {},
152 silly Conflicting override sets   name: '@graphql-codegen/client-preset',
152 silly Conflicting override sets   key: '@graphql-codegen/client-preset',
152 silly Conflicting override sets   keySpec: '*',
152 silly Conflicting override sets   value: '4.7.0'
152 silly Conflicting override sets }
153 silly Conflicting override sets tslib
154 silly Conflicting override sets <ref *1> OverrideSet {
154 silly Conflicting override sets   parent: OverrideSet {
154 silly Conflicting override sets     parent: undefined,
154 silly Conflicting override sets     children: Map(5) {
154 silly Conflicting override sets       '@graphql-tools/url-loader' => [Circular *1],
154 silly Conflicting override sets       '@graphql-codegen/client-preset' => [OverrideSet],
154 silly Conflicting override sets       '@graphql-codegen/typescript-operations' => [OverrideSet],
154 silly Conflicting override sets       'minimatch' => [OverrideSet],
154 silly Conflicting override sets       'vite' => [OverrideSet]
154 silly Conflicting override sets     }
154 silly Conflicting override sets   },
154 silly Conflicting override sets   children: Map(0) {},
154 silly Conflicting override sets   name: '@graphql-tools/url-loader',
154 silly Conflicting override sets   key: '@graphql-tools/url-loader',
154 silly Conflicting override sets   keySpec: '*',
154 silly Conflicting override sets   value: '8.0.16'
154 silly Conflicting override sets } <ref *1> OverrideSet {
154 silly Conflicting override sets   parent: OverrideSet {
154 silly Conflicting override sets     parent: undefined,
154 silly Conflicting override sets     children: Map(5) {
154 silly Conflicting override sets       '@graphql-tools/url-loader' => [OverrideSet],
154 silly Conflicting override sets       '@graphql-codegen/client-preset' => [Circular *1],
154 silly Conflicting override sets       '@graphql-codegen/typescript-operations' => [OverrideSet],
154 silly Conflicting override sets       'minimatch' => [OverrideSet],
154 silly Conflicting override sets       'vite' => [OverrideSet]
154 silly Conflicting override sets     }
154 silly Conflicting override sets   },
154 silly Conflicting override sets   children: Map(0) {},
154 silly Conflicting override sets   name: '@graphql-codegen/client-preset',
154 silly Conflicting override sets   key: '@graphql-codegen/client-preset',
154 silly Conflicting override sets   keySpec: '*',
154 silly Conflicting override sets   value: '4.7.0'
154 silly Conflicting override sets }
155 silly Conflicting override sets tslib
156 silly Conflicting override sets <ref *1> OverrideSet {
156 silly Conflicting override sets   parent: OverrideSet {
156 silly Conflicting override sets     parent: undefined,
156 silly Conflicting override sets     children: Map(5) {
156 silly Conflicting override sets       '@graphql-tools/url-loader' => [Circular *1],
156 silly Conflicting override sets       '@graphql-codegen/client-preset' => [OverrideSet],
156 silly Conflicting override sets       '@graphql-codegen/typescript-operations' => [OverrideSet],
156 silly Conflicting override sets       'minimatch' => [OverrideSet],
156 silly Conflicting override sets       'vite' => [OverrideSet]
156 silly Conflicting override sets     }
156 silly Conflicting override sets   },
156 silly Conflicting override sets   children: Map(0) {},
156 silly Conflicting override sets   name: '@graphql-tools/url-loader',
156 silly Conflicting override sets   key: '@graphql-tools/url-loader',
156 silly Conflicting override sets   keySpec: '*',
156 silly Conflicting override sets   value: '8.0.16'
156 silly Conflicting override sets } <ref *1> OverrideSet {
156 silly Conflicting override sets   parent: OverrideSet {
156 silly Conflicting override sets     parent: undefined,
156 silly Conflicting override sets     children: Map(5) {
156 silly Conflicting override sets       '@graphql-tools/url-loader' => [OverrideSet],
156 silly Conflicting override sets       '@graphql-codegen/client-preset' => [Circular *1],
156 silly Conflicting override sets       '@graphql-codegen/typescript-operations' => [OverrideSet],
156 silly Conflicting override sets       'minimatch' => [OverrideSet],
156 silly Conflicting override sets       'vite' => [OverrideSet]
156 silly Conflicting override sets     }
156 silly Conflicting override sets   },
156 silly Conflicting override sets   children: Map(0) {},
156 silly Conflicting override sets   name: '@graphql-codegen/client-preset',
156 silly Conflicting override sets   key: '@graphql-codegen/client-preset',
156 silly Conflicting override sets   keySpec: '*',
156 silly Conflicting override sets   value: '4.7.0'
156 silly Conflicting override sets }
157 silly Conflicting override sets tslib
158 silly Conflicting override sets <ref *1> OverrideSet {
158 silly Conflicting override sets   parent: OverrideSet {
158 silly Conflicting override sets     parent: undefined,
158 silly Conflicting override sets     children: Map(5) {
158 silly Conflicting override sets       '@graphql-tools/url-loader' => [Circular *1],
158 silly Conflicting override sets       '@graphql-codegen/client-preset' => [OverrideSet],
158 silly Conflicting override sets       '@graphql-codegen/typescript-operations' => [OverrideSet],
158 silly Conflicting override sets       'minimatch' => [OverrideSet],
158 silly Conflicting override sets       'vite' => [OverrideSet]
158 silly Conflicting override sets     }
158 silly Conflicting override sets   },
158 silly Conflicting override sets   children: Map(0) {},
158 silly Conflicting override sets   name: '@graphql-tools/url-loader',
158 silly Conflicting override sets   key: '@graphql-tools/url-loader',
158 silly Conflicting override sets   keySpec: '*',
158 silly Conflicting override sets   value: '8.0.16'
158 silly Conflicting override sets } <ref *1> OverrideSet {
158 silly Conflicting override sets   parent: OverrideSet {
158 silly Conflicting override sets     parent: undefined,
158 silly Conflicting override sets     children: Map(5) {
158 silly Conflicting override sets       '@graphql-tools/url-loader' => [OverrideSet],
158 silly Conflicting override sets       '@graphql-codegen/client-preset' => [Circular *1],
158 silly Conflicting override sets       '@graphql-codegen/typescript-operations' => [OverrideSet],
158 silly Conflicting override sets       'minimatch' => [OverrideSet],
158 silly Conflicting override sets       'vite' => [OverrideSet]
158 silly Conflicting override sets     }
158 silly Conflicting override sets   },
158 silly Conflicting override sets   children: Map(0) {},
158 silly Conflicting override sets   name: '@graphql-codegen/client-preset',
158 silly Conflicting override sets   key: '@graphql-codegen/client-preset',
158 silly Conflicting override sets   keySpec: '*',
158 silly Conflicting override sets   value: '4.7.0'
158 silly Conflicting override sets }
159 silly Conflicting override sets tslib
160 silly Conflicting override sets <ref *1> OverrideSet {
160 silly Conflicting override sets   parent: OverrideSet {
160 silly Conflicting override sets     parent: undefined,
160 silly Conflicting override sets     children: Map(5) {
160 silly Conflicting override sets       '@graphql-tools/url-loader' => [Circular *1],
160 silly Conflicting override sets       '@graphql-codegen/client-preset' => [OverrideSet],
160 silly Conflicting override sets       '@graphql-codegen/typescript-operations' => [OverrideSet],
160 silly Conflicting override sets       'minimatch' => [OverrideSet],
160 silly Conflicting override sets       'vite' => [OverrideSet]
160 silly Conflicting override sets     }
160 silly Conflicting override sets   },
160 silly Conflicting override sets   children: Map(0) {},
160 silly Conflicting override sets   name: '@graphql-tools/url-loader',
160 silly Conflicting override sets   key: '@graphql-tools/url-loader',
160 silly Conflicting override sets   keySpec: '*',
160 silly Conflicting override sets   value: '8.0.16'
160 silly Conflicting override sets } <ref *1> OverrideSet {
160 silly Conflicting override sets   parent: OverrideSet {
160 silly Conflicting override sets     parent: undefined,
160 silly Conflicting override sets     children: Map(5) {
160 silly Conflicting override sets       '@graphql-tools/url-loader' => [OverrideSet],
160 silly Conflicting override sets       '@graphql-codegen/client-preset' => [Circular *1],
160 silly Conflicting override sets       '@graphql-codegen/typescript-operations' => [OverrideSet],
160 silly Conflicting override sets       'minimatch' => [OverrideSet],
160 silly Conflicting override sets       'vite' => [OverrideSet]
160 silly Conflicting override sets     }
160 silly Conflicting override sets   },
160 silly Conflicting override sets   children: Map(0) {},
160 silly Conflicting override sets   name: '@graphql-codegen/client-preset',
160 silly Conflicting override sets   key: '@graphql-codegen/client-preset',
160 silly Conflicting override sets   keySpec: '*',
160 silly Conflicting override sets   value: '4.7.0'
160 silly Conflicting override sets }
161 silly Conflicting override sets tslib
162 silly Conflicting override sets <ref *1> OverrideSet {
162 silly Conflicting override sets   parent: OverrideSet {
162 silly Conflicting override sets     parent: undefined,
162 silly Conflicting override sets     children: Map(5) {
162 silly Conflicting override sets       '@graphql-tools/url-loader' => [Circular *1],
162 silly Conflicting override sets       '@graphql-codegen/client-preset' => [OverrideSet],
162 silly Conflicting override sets       '@graphql-codegen/typescript-operations' => [OverrideSet],
162 silly Conflicting override sets       'minimatch' => [OverrideSet],
162 silly Conflicting override sets       'vite' => [OverrideSet]
162 silly Conflicting override sets     }
162 silly Conflicting override sets   },
162 silly Conflicting override sets   children: Map(0) {},
162 silly Conflicting override sets   name: '@graphql-tools/url-loader',
162 silly Conflicting override sets   key: '@graphql-tools/url-loader',
162 silly Conflicting override sets   keySpec: '*',
162 silly Conflicting override sets   value: '8.0.16'
162 silly Conflicting override sets } <ref *1> OverrideSet {
162 silly Conflicting override sets   parent: OverrideSet {
162 silly Conflicting override sets     parent: undefined,
162 silly Conflicting override sets     children: Map(5) {
162 silly Conflicting override sets       '@graphql-tools/url-loader' => [OverrideSet],
162 silly Conflicting override sets       '@graphql-codegen/client-preset' => [Circular *1],
162 silly Conflicting override sets       '@graphql-codegen/typescript-operations' => [OverrideSet],
162 silly Conflicting override sets       'minimatch' => [OverrideSet],
162 silly Conflicting override sets       'vite' => [OverrideSet]
162 silly Conflicting override sets     }
162 silly Conflicting override sets   },
162 silly Conflicting override sets   children: Map(0) {},
162 silly Conflicting override sets   name: '@graphql-codegen/client-preset',
162 silly Conflicting override sets   key: '@graphql-codegen/client-preset',
162 silly Conflicting override sets   keySpec: '*',
162 silly Conflicting override sets   value: '4.7.0'
162 silly Conflicting override sets }
163 silly Conflicting override sets tslib
164 silly Conflicting override sets <ref *1> OverrideSet {
164 silly Conflicting override sets   parent: OverrideSet {
164 silly Conflicting override sets     parent: undefined,
164 silly Conflicting override sets     children: Map(5) {
164 silly Conflicting override sets       '@graphql-tools/url-loader' => [Circular *1],
164 silly Conflicting override sets       '@graphql-codegen/client-preset' => [OverrideSet],
164 silly Conflicting override sets       '@graphql-codegen/typescript-operations' => [OverrideSet],
164 silly Conflicting override sets       'minimatch' => [OverrideSet],
164 silly Conflicting override sets       'vite' => [OverrideSet]
164 silly Conflicting override sets     }
164 silly Conflicting override sets   },
164 silly Conflicting override sets   children: Map(0) {},
164 silly Conflicting override sets   name: '@graphql-tools/url-loader',
164 silly Conflicting override sets   key: '@graphql-tools/url-loader',
164 silly Conflicting override sets   keySpec: '*',
164 silly Conflicting override sets   value: '8.0.16'
164 silly Conflicting override sets } <ref *1> OverrideSet {
164 silly Conflicting override sets   parent: OverrideSet {
164 silly Conflicting override sets     parent: undefined,
164 silly Conflicting override sets     children: Map(5) {
164 silly Conflicting override sets       '@graphql-tools/url-loader' => [OverrideSet],
164 silly Conflicting override sets       '@graphql-codegen/client-preset' => [Circular *1],
164 silly Conflicting override sets       '@graphql-codegen/typescript-operations' => [OverrideSet],
164 silly Conflicting override sets       'minimatch' => [OverrideSet],
164 silly Conflicting override sets       'vite' => [OverrideSet]
164 silly Conflicting override sets     }
164 silly Conflicting override sets   },
164 silly Conflicting override sets   children: Map(0) {},
164 silly Conflicting override sets   name: '@graphql-codegen/client-preset',
164 silly Conflicting override sets   key: '@graphql-codegen/client-preset',
164 silly Conflicting override sets   keySpec: '*',
164 silly Conflicting override sets   value: '4.7.0'
164 silly Conflicting override sets }
165 silly Conflicting override sets tslib
166 silly Conflicting override sets <ref *1> OverrideSet {
166 silly Conflicting override sets   parent: OverrideSet {
166 silly Conflicting override sets     parent: undefined,
166 silly Conflicting override sets     children: Map(5) {
166 silly Conflicting override sets       '@graphql-tools/url-loader' => [Circular *1],
166 silly Conflicting override sets       '@graphql-codegen/client-preset' => [OverrideSet],
166 silly Conflicting override sets       '@graphql-codegen/typescript-operations' => [OverrideSet],
166 silly Conflicting override sets       'minimatch' => [OverrideSet],
166 silly Conflicting override sets       'vite' => [OverrideSet]
166 silly Conflicting override sets     }
166 silly Conflicting override sets   },
166 silly Conflicting override sets   children: Map(0) {},
166 silly Conflicting override sets   name: '@graphql-tools/url-loader',
166 silly Conflicting override sets   key: '@graphql-tools/url-loader',
166 silly Conflicting override sets   keySpec: '*',
166 silly Conflicting override sets   value: '8.0.16'
166 silly Conflicting override sets } <ref *1> OverrideSet {
166 silly Conflicting override sets   parent: OverrideSet {
166 silly Conflicting override sets     parent: undefined,
166 silly Conflicting override sets     children: Map(5) {
166 silly Conflicting override sets       '@graphql-tools/url-loader' => [OverrideSet],
166 silly Conflicting override sets       '@graphql-codegen/client-preset' => [Circular *1],
166 silly Conflicting override sets       '@graphql-codegen/typescript-operations' => [OverrideSet],
166 silly Conflicting override sets       'minimatch' => [OverrideSet],
166 silly Conflicting override sets       'vite' => [OverrideSet]
166 silly Conflicting override sets     }
166 silly Conflicting override sets   },
166 silly Conflicting override sets   children: Map(0) {},
166 silly Conflicting override sets   name: '@graphql-codegen/client-preset',
166 silly Conflicting override sets   key: '@graphql-codegen/client-preset',
166 silly Conflicting override sets   keySpec: '*',
166 silly Conflicting override sets   value: '4.7.0'
166 silly Conflicting override sets }
167 silly Conflicting override sets tslib
168 silly Conflicting override sets <ref *1> OverrideSet {
168 silly Conflicting override sets   parent: OverrideSet {
168 silly Conflicting override sets     parent: undefined,
168 silly Conflicting override sets     children: Map(5) {
168 silly Conflicting override sets       '@graphql-tools/url-loader' => [Circular *1],
168 silly Conflicting override sets       '@graphql-codegen/client-preset' => [OverrideSet],
168 silly Conflicting override sets       '@graphql-codegen/typescript-operations' => [OverrideSet],
168 silly Conflicting override sets       'minimatch' => [OverrideSet],
168 silly Conflicting override sets       'vite' => [OverrideSet]
168 silly Conflicting override sets     }
168 silly Conflicting override sets   },
168 silly Conflicting override sets   children: Map(0) {},
168 silly Conflicting override sets   name: '@graphql-tools/url-loader',
168 silly Conflicting override sets   key: '@graphql-tools/url-loader',
168 silly Conflicting override sets   keySpec: '*',
168 silly Conflicting override sets   value: '8.0.16'
168 silly Conflicting override sets } <ref *1> OverrideSet {
168 silly Conflicting override sets   parent: OverrideSet {
168 silly Conflicting override sets     parent: undefined,
168 silly Conflicting override sets     children: Map(5) {
168 silly Conflicting override sets       '@graphql-tools/url-loader' => [OverrideSet],
168 silly Conflicting override sets       '@graphql-codegen/client-preset' => [Circular *1],
168 silly Conflicting override sets       '@graphql-codegen/typescript-operations' => [OverrideSet],
168 silly Conflicting override sets       'minimatch' => [OverrideSet],
168 silly Conflicting override sets       'vite' => [OverrideSet]
168 silly Conflicting override sets     }
168 silly Conflicting override sets   },
168 silly Conflicting override sets   children: Map(0) {},
168 silly Conflicting override sets   name: '@graphql-codegen/client-preset',
168 silly Conflicting override sets   key: '@graphql-codegen/client-preset',
168 silly Conflicting override sets   keySpec: '*',
168 silly Conflicting override sets   value: '4.7.0'
168 silly Conflicting override sets }
169 silly Conflicting override sets tslib
170 silly Conflicting override sets <ref *1> OverrideSet {
170 silly Conflicting override sets   parent: OverrideSet {
170 silly Conflicting override sets     parent: undefined,
170 silly Conflicting override sets     children: Map(5) {
170 silly Conflicting override sets       '@graphql-tools/url-loader' => [Circular *1],
170 silly Conflicting override sets       '@graphql-codegen/client-preset' => [OverrideSet],
170 silly Conflicting override sets       '@graphql-codegen/typescript-operations' => [OverrideSet],
170 silly Conflicting override sets       'minimatch' => [OverrideSet],
170 silly Conflicting override sets       'vite' => [OverrideSet]
170 silly Conflicting override sets     }
170 silly Conflicting override sets   },
170 silly Conflicting override sets   children: Map(0) {},
170 silly Conflicting override sets   name: '@graphql-tools/url-loader',
170 silly Conflicting override sets   key: '@graphql-tools/url-loader',
170 silly Conflicting override sets   keySpec: '*',
170 silly Conflicting override sets   value: '8.0.16'
170 silly Conflicting override sets } <ref *1> OverrideSet {
170 silly Conflicting override sets   parent: OverrideSet {
170 silly Conflicting override sets     parent: undefined,
170 silly Conflicting override sets     children: Map(5) {
170 silly Conflicting override sets       '@graphql-tools/url-loader' => [OverrideSet],
170 silly Conflicting override sets       '@graphql-codegen/client-preset' => [Circular *1],
170 silly Conflicting override sets       '@graphql-codegen/typescript-operations' => [OverrideSet],
170 silly Conflicting override sets       'minimatch' => [OverrideSet],
170 silly Conflicting override sets       'vite' => [OverrideSet]
170 silly Conflicting override sets     }
170 silly Conflicting override sets   },
170 silly Conflicting override sets   children: Map(0) {},
170 silly Conflicting override sets   name: '@graphql-codegen/client-preset',
170 silly Conflicting override sets   key: '@graphql-codegen/client-preset',
170 silly Conflicting override sets   keySpec: '*',
170 silly Conflicting override sets   value: '4.7.0'
170 silly Conflicting override sets }
171 silly Conflicting override sets tslib
172 silly Conflicting override sets <ref *1> OverrideSet {
172 silly Conflicting override sets   parent: OverrideSet {
172 silly Conflicting override sets     parent: undefined,
172 silly Conflicting override sets     children: Map(5) {
172 silly Conflicting override sets       '@graphql-tools/url-loader' => [Circular *1],
172 silly Conflicting override sets       '@graphql-codegen/client-preset' => [OverrideSet],
172 silly Conflicting override sets       '@graphql-codegen/typescript-operations' => [OverrideSet],
172 silly Conflicting override sets       'minimatch' => [OverrideSet],
172 silly Conflicting override sets       'vite' => [OverrideSet]
172 silly Conflicting override sets     }
172 silly Conflicting override sets   },
172 silly Conflicting override sets   children: Map(0) {},
172 silly Conflicting override sets   name: '@graphql-tools/url-loader',
172 silly Conflicting override sets   key: '@graphql-tools/url-loader',
172 silly Conflicting override sets   keySpec: '*',
172 silly Conflicting override sets   value: '8.0.16'
172 silly Conflicting override sets } <ref *1> OverrideSet {
172 silly Conflicting override sets   parent: OverrideSet {
172 silly Conflicting override sets     parent: undefined,
172 silly Conflicting override sets     children: Map(5) {
172 silly Conflicting override sets       '@graphql-tools/url-loader' => [OverrideSet],
172 silly Conflicting override sets       '@graphql-codegen/client-preset' => [Circular *1],
172 silly Conflicting override sets       '@graphql-codegen/typescript-operations' => [OverrideSet],
172 silly Conflicting override sets       'minimatch' => [OverrideSet],
172 silly Conflicting override sets       'vite' => [OverrideSet]
172 silly Conflicting override sets     }
172 silly Conflicting override sets   },
172 silly Conflicting override sets   children: Map(0) {},
172 silly Conflicting override sets   name: '@graphql-codegen/client-preset',
172 silly Conflicting override sets   key: '@graphql-codegen/client-preset',
172 silly Conflicting override sets   keySpec: '*',
172 silly Conflicting override sets   value: '4.7.0'
172 silly Conflicting override sets }
173 silly Conflicting override sets tslib
174 silly Conflicting override sets <ref *1> OverrideSet {
174 silly Conflicting override sets   parent: OverrideSet {
174 silly Conflicting override sets     parent: undefined,
174 silly Conflicting override sets     children: Map(5) {
174 silly Conflicting override sets       '@graphql-tools/url-loader' => [Circular *1],
174 silly Conflicting override sets       '@graphql-codegen/client-preset' => [OverrideSet],
174 silly Conflicting override sets       '@graphql-codegen/typescript-operations' => [OverrideSet],
174 silly Conflicting override sets       'minimatch' => [OverrideSet],
174 silly Conflicting override sets       'vite' => [OverrideSet]
174 silly Conflicting override sets     }
174 silly Conflicting override sets   },
174 silly Conflicting override sets   children: Map(0) {},
174 silly Conflicting override sets   name: '@graphql-tools/url-loader',
174 silly Conflicting override sets   key: '@graphql-tools/url-loader',
174 silly Conflicting override sets   keySpec: '*',
174 silly Conflicting override sets   value: '8.0.16'
174 silly Conflicting override sets } <ref *1> OverrideSet {
174 silly Conflicting override sets   parent: OverrideSet {
174 silly Conflicting override sets     parent: undefined,
174 silly Conflicting override sets     children: Map(5) {
174 silly Conflicting override sets       '@graphql-tools/url-loader' => [OverrideSet],
174 silly Conflicting override sets       '@graphql-codegen/client-preset' => [Circular *1],
174 silly Conflicting override sets       '@graphql-codegen/typescript-operations' => [OverrideSet],
174 silly Conflicting override sets       'minimatch' => [OverrideSet],
174 silly Conflicting override sets       'vite' => [OverrideSet]
174 silly Conflicting override sets     }
174 silly Conflicting override sets   },
174 silly Conflicting override sets   children: Map(0) {},
174 silly Conflicting override sets   name: '@graphql-codegen/client-preset',
174 silly Conflicting override sets   key: '@graphql-codegen/client-preset',
174 silly Conflicting override sets   keySpec: '*',
174 silly Conflicting override sets   value: '4.7.0'
174 silly Conflicting override sets }
175 silly Conflicting override sets tslib
176 silly Conflicting override sets <ref *1> OverrideSet {
176 silly Conflicting override sets   parent: OverrideSet {
176 silly Conflicting override sets     parent: undefined,
176 silly Conflicting override sets     children: Map(5) {
176 silly Conflicting override sets       '@graphql-tools/url-loader' => [Circular *1],
176 silly Conflicting override sets       '@graphql-codegen/client-preset' => [OverrideSet],
176 silly Conflicting override sets       '@graphql-codegen/typescript-operations' => [OverrideSet],
176 silly Conflicting override sets       'minimatch' => [OverrideSet],
176 silly Conflicting override sets       'vite' => [OverrideSet]
176 silly Conflicting override sets     }
176 silly Conflicting override sets   },
176 silly Conflicting override sets   children: Map(0) {},
176 silly Conflicting override sets   name: '@graphql-tools/url-loader',
176 silly Conflicting override sets   key: '@graphql-tools/url-loader',
176 silly Conflicting override sets   keySpec: '*',
176 silly Conflicting override sets   value: '8.0.16'
176 silly Conflicting override sets } <ref *1> OverrideSet {
176 silly Conflicting override sets   parent: OverrideSet {
176 silly Conflicting override sets     parent: undefined,
176 silly Conflicting override sets     children: Map(5) {
176 silly Conflicting override sets       '@graphql-tools/url-loader' => [OverrideSet],
176 silly Conflicting override sets       '@graphql-codegen/client-preset' => [Circular *1],
176 silly Conflicting override sets       '@graphql-codegen/typescript-operations' => [OverrideSet],
176 silly Conflicting override sets       'minimatch' => [OverrideSet],
176 silly Conflicting override sets       'vite' => [OverrideSet]
176 silly Conflicting override sets     }
176 silly Conflicting override sets   },
176 silly Conflicting override sets   children: Map(0) {},
176 silly Conflicting override sets   name: '@graphql-codegen/client-preset',
176 silly Conflicting override sets   key: '@graphql-codegen/client-preset',
176 silly Conflicting override sets   keySpec: '*',
176 silly Conflicting override sets   value: '4.7.0'
176 silly Conflicting override sets }
177 silly Conflicting override sets tslib
178 silly Conflicting override sets <ref *1> OverrideSet {
178 silly Conflicting override sets   parent: OverrideSet {
178 silly Conflicting override sets     parent: undefined,
178 silly Conflicting override sets     children: Map(5) {
178 silly Conflicting override sets       '@graphql-tools/url-loader' => [Circular *1],
178 silly Conflicting override sets       '@graphql-codegen/client-preset' => [OverrideSet],
178 silly Conflicting override sets       '@graphql-codegen/typescript-operations' => [OverrideSet],
178 silly Conflicting override sets       'minimatch' => [OverrideSet],
178 silly Conflicting override sets       'vite' => [OverrideSet]
178 silly Conflicting override sets     }
178 silly Conflicting override sets   },
178 silly Conflicting override sets   children: Map(0) {},
178 silly Conflicting override sets   name: '@graphql-tools/url-loader',
178 silly Conflicting override sets   key: '@graphql-tools/url-loader',
178 silly Conflicting override sets   keySpec: '*',
178 silly Conflicting override sets   value: '8.0.16'
178 silly Conflicting override sets } <ref *1> OverrideSet {
178 silly Conflicting override sets   parent: OverrideSet {
178 silly Conflicting override sets     parent: undefined,
178 silly Conflicting override sets     children: Map(5) {
178 silly Conflicting override sets       '@graphql-tools/url-loader' => [OverrideSet],
178 silly Conflicting override sets       '@graphql-codegen/client-preset' => [Circular *1],
178 silly Conflicting override sets       '@graphql-codegen/typescript-operations' => [OverrideSet],
178 silly Conflicting override sets       'minimatch' => [OverrideSet],
178 silly Conflicting override sets       'vite' => [OverrideSet]
178 silly Conflicting override sets     }
178 silly Conflicting override sets   },
178 silly Conflicting override sets   children: Map(0) {},
178 silly Conflicting override sets   name: '@graphql-codegen/client-preset',
178 silly Conflicting override sets   key: '@graphql-codegen/client-preset',
178 silly Conflicting override sets   keySpec: '*',
178 silly Conflicting override sets   value: '4.7.0'
178 silly Conflicting override sets }
179 silly Conflicting override sets tslib
180 silly Conflicting override sets <ref *1> OverrideSet {
180 silly Conflicting override sets   parent: OverrideSet {
180 silly Conflicting override sets     parent: undefined,
180 silly Conflicting override sets     children: Map(5) {
180 silly Conflicting override sets       '@graphql-tools/url-loader' => [Circular *1],
180 silly Conflicting override sets       '@graphql-codegen/client-preset' => [OverrideSet],
180 silly Conflicting override sets       '@graphql-codegen/typescript-operations' => [OverrideSet],
180 silly Conflicting override sets       'minimatch' => [OverrideSet],
180 silly Conflicting override sets       'vite' => [OverrideSet]
180 silly Conflicting override sets     }
180 silly Conflicting override sets   },
180 silly Conflicting override sets   children: Map(0) {},
180 silly Conflicting override sets   name: '@graphql-tools/url-loader',
180 silly Conflicting override sets   key: '@graphql-tools/url-loader',
180 silly Conflicting override sets   keySpec: '*',
180 silly Conflicting override sets   value: '8.0.16'
180 silly Conflicting override sets } <ref *1> OverrideSet {
180 silly Conflicting override sets   parent: OverrideSet {
180 silly Conflicting override sets     parent: undefined,
180 silly Conflicting override sets     children: Map(5) {
180 silly Conflicting override sets       '@graphql-tools/url-loader' => [OverrideSet],
180 silly Conflicting override sets       '@graphql-codegen/client-preset' => [Circular *1],
180 silly Conflicting override sets       '@graphql-codegen/typescript-operations' => [OverrideSet],
180 silly Conflicting override sets       'minimatch' => [OverrideSet],
180 silly Conflicting override sets       'vite' => [OverrideSet]
180 silly Conflicting override sets     }
180 silly Conflicting override sets   },
180 silly Conflicting override sets   children: Map(0) {},
180 silly Conflicting override sets   name: '@graphql-codegen/client-preset',
180 silly Conflicting override sets   key: '@graphql-codegen/client-preset',
180 silly Conflicting override sets   keySpec: '*',
180 silly Conflicting override sets   value: '4.7.0'
180 silly Conflicting override sets }
181 silly Conflicting override sets tslib
182 silly Conflicting override sets <ref *1> OverrideSet {
182 silly Conflicting override sets   parent: OverrideSet {
182 silly Conflicting override sets     parent: undefined,
182 silly Conflicting override sets     children: Map(5) {
182 silly Conflicting override sets       '@graphql-tools/url-loader' => [Circular *1],
182 silly Conflicting override sets       '@graphql-codegen/client-preset' => [OverrideSet],
182 silly Conflicting override sets       '@graphql-codegen/typescript-operations' => [OverrideSet],
182 silly Conflicting override sets       'minimatch' => [OverrideSet],
182 silly Conflicting override sets       'vite' => [OverrideSet]
182 silly Conflicting override sets     }
182 silly Conflicting override sets   },
182 silly Conflicting override sets   children: Map(0) {},
182 silly Conflicting override sets   name: '@graphql-tools/url-loader',
182 silly Conflicting override sets   key: '@graphql-tools/url-loader',
182 silly Conflicting override sets   keySpec: '*',
182 silly Conflicting override sets   value: '8.0.16'
182 silly Conflicting override sets } <ref *1> OverrideSet {
182 silly Conflicting override sets   parent: OverrideSet {
182 silly Conflicting override sets     parent: undefined,
182 silly Conflicting override sets     children: Map(5) {
182 silly Conflicting override sets       '@graphql-tools/url-loader' => [OverrideSet],
182 silly Conflicting override sets       '@graphql-codegen/client-preset' => [Circular *1],
182 silly Conflicting override sets       '@graphql-codegen/typescript-operations' => [OverrideSet],
182 silly Conflicting override sets       'minimatch' => [OverrideSet],
182 silly Conflicting override sets       'vite' => [OverrideSet]
182 silly Conflicting override sets     }
182 silly Conflicting override sets   },
182 silly Conflicting override sets   children: Map(0) {},
182 silly Conflicting override sets   name: '@graphql-codegen/client-preset',
182 silly Conflicting override sets   key: '@graphql-codegen/client-preset',
182 silly Conflicting override sets   keySpec: '*',
182 silly Conflicting override sets   value: '4.7.0'
182 silly Conflicting override sets }
183 silly Conflicting override sets tslib
184 silly Conflicting override sets <ref *1> OverrideSet {
184 silly Conflicting override sets   parent: OverrideSet {
184 silly Conflicting override sets     parent: undefined,
184 silly Conflicting override sets     children: Map(5) {
184 silly Conflicting override sets       '@graphql-tools/url-loader' => [Circular *1],
184 silly Conflicting override sets       '@graphql-codegen/client-preset' => [OverrideSet],
184 silly Conflicting override sets       '@graphql-codegen/typescript-operations' => [OverrideSet],
184 silly Conflicting override sets       'minimatch' => [OverrideSet],
184 silly Conflicting override sets       'vite' => [OverrideSet]
184 silly Conflicting override sets     }
184 silly Conflicting override sets   },
184 silly Conflicting override sets   children: Map(0) {},
184 silly Conflicting override sets   name: '@graphql-tools/url-loader',
184 silly Conflicting override sets   key: '@graphql-tools/url-loader',
184 silly Conflicting override sets   keySpec: '*',
184 silly Conflicting override sets   value: '8.0.16'
184 silly Conflicting override sets } <ref *1> OverrideSet {
184 silly Conflicting override sets   parent: OverrideSet {
184 silly Conflicting override sets     parent: undefined,
184 silly Conflicting override sets     children: Map(5) {
184 silly Conflicting override sets       '@graphql-tools/url-loader' => [OverrideSet],
184 silly Conflicting override sets       '@graphql-codegen/client-preset' => [Circular *1],
184 silly Conflicting override sets       '@graphql-codegen/typescript-operations' => [OverrideSet],
184 silly Conflicting override sets       'minimatch' => [OverrideSet],
184 silly Conflicting override sets       'vite' => [OverrideSet]
184 silly Conflicting override sets     }
184 silly Conflicting override sets   },
184 silly Conflicting override sets   children: Map(0) {},
184 silly Conflicting override sets   name: '@graphql-codegen/client-preset',
184 silly Conflicting override sets   key: '@graphql-codegen/client-preset',
184 silly Conflicting override sets   keySpec: '*',
184 silly Conflicting override sets   value: '4.7.0'
184 silly Conflicting override sets }
185 silly Conflicting override sets tslib
186 silly Conflicting override sets <ref *1> OverrideSet {
186 silly Conflicting override sets   parent: OverrideSet {
186 silly Conflicting override sets     parent: undefined,
186 silly Conflicting override sets     children: Map(5) {
186 silly Conflicting override sets       '@graphql-tools/url-loader' => [Circular *1],
186 silly Conflicting override sets       '@graphql-codegen/client-preset' => [OverrideSet],
186 silly Conflicting override sets       '@graphql-codegen/typescript-operations' => [OverrideSet],
186 silly Conflicting override sets       'minimatch' => [OverrideSet],
186 silly Conflicting override sets       'vite' => [OverrideSet]
186 silly Conflicting override sets     }
186 silly Conflicting override sets   },
186 silly Conflicting override sets   children: Map(0) {},
186 silly Conflicting override sets   name: '@graphql-tools/url-loader',
186 silly Conflicting override sets   key: '@graphql-tools/url-loader',
186 silly Conflicting override sets   keySpec: '*',
186 silly Conflicting override sets   value: '8.0.16'
186 silly Conflicting override sets } <ref *1> OverrideSet {
186 silly Conflicting override sets   parent: OverrideSet {
186 silly Conflicting override sets     parent: undefined,
186 silly Conflicting override sets     children: Map(5) {
186 silly Conflicting override sets       '@graphql-tools/url-loader' => [OverrideSet],
186 silly Conflicting override sets       '@graphql-codegen/client-preset' => [Circular *1],
186 silly Conflicting override sets       '@graphql-codegen/typescript-operations' => [OverrideSet],
186 silly Conflicting override sets       'minimatch' => [OverrideSet],
186 silly Conflicting override sets       'vite' => [OverrideSet]
186 silly Conflicting override sets     }
186 silly Conflicting override sets   },
186 silly Conflicting override sets   children: Map(0) {},
186 silly Conflicting override sets   name: '@graphql-codegen/client-preset',
186 silly Conflicting override sets   key: '@graphql-codegen/client-preset',
186 silly Conflicting override sets   keySpec: '*',
186 silly Conflicting override sets   value: '4.7.0'
186 silly Conflicting override sets }
187 silly Conflicting override sets tslib
188 silly Conflicting override sets <ref *1> OverrideSet {
188 silly Conflicting override sets   parent: OverrideSet {
188 silly Conflicting override sets     parent: undefined,
188 silly Conflicting override sets     children: Map(5) {
188 silly Conflicting override sets       '@graphql-tools/url-loader' => [Circular *1],
188 silly Conflicting override sets       '@graphql-codegen/client-preset' => [OverrideSet],
188 silly Conflicting override sets       '@graphql-codegen/typescript-operations' => [OverrideSet],
188 silly Conflicting override sets       'minimatch' => [OverrideSet],
188 silly Conflicting override sets       'vite' => [OverrideSet]
188 silly Conflicting override sets     }
188 silly Conflicting override sets   },
188 silly Conflicting override sets   children: Map(0) {},
188 silly Conflicting override sets   name: '@graphql-tools/url-loader',
188 silly Conflicting override sets   key: '@graphql-tools/url-loader',
188 silly Conflicting override sets   keySpec: '*',
188 silly Conflicting override sets   value: '8.0.16'
188 silly Conflicting override sets } <ref *1> OverrideSet {
188 silly Conflicting override sets   parent: OverrideSet {
188 silly Conflicting override sets     parent: undefined,
188 silly Conflicting override sets     children: Map(5) {
188 silly Conflicting override sets       '@graphql-tools/url-loader' => [OverrideSet],
188 silly Conflicting override sets       '@graphql-codegen/client-preset' => [Circular *1],
188 silly Conflicting override sets       '@graphql-codegen/typescript-operations' => [OverrideSet],
188 silly Conflicting override sets       'minimatch' => [OverrideSet],
188 silly Conflicting override sets       'vite' => [OverrideSet]
188 silly Conflicting override sets     }
188 silly Conflicting override sets   },
188 silly Conflicting override sets   children: Map(0) {},
188 silly Conflicting override sets   name: '@graphql-codegen/client-preset',
188 silly Conflicting override sets   key: '@graphql-codegen/client-preset',
188 silly Conflicting override sets   keySpec: '*',
188 silly Conflicting override sets   value: '4.7.0'
188 silly Conflicting override sets }
189 silly Conflicting override sets tslib
190 silly Conflicting override sets <ref *1> OverrideSet {
190 silly Conflicting override sets   parent: OverrideSet {
190 silly Conflicting override sets     parent: undefined,
190 silly Conflicting override sets     children: Map(5) {
190 silly Conflicting override sets       '@graphql-tools/url-loader' => [Circular *1],
190 silly Conflicting override sets       '@graphql-codegen/client-preset' => [OverrideSet],
190 silly Conflicting override sets       '@graphql-codegen/typescript-operations' => [OverrideSet],
190 silly Conflicting override sets       'minimatch' => [OverrideSet],
190 silly Conflicting override sets       'vite' => [OverrideSet]
190 silly Conflicting override sets     }
190 silly Conflicting override sets   },
190 silly Conflicting override sets   children: Map(0) {},
190 silly Conflicting override sets   name: '@graphql-tools/url-loader',
190 silly Conflicting override sets   key: '@graphql-tools/url-loader',
190 silly Conflicting override sets   keySpec: '*',
190 silly Conflicting override sets   value: '8.0.16'
190 silly Conflicting override sets } <ref *1> OverrideSet {
190 silly Conflicting override sets   parent: OverrideSet {
190 silly Conflicting override sets     parent: undefined,
190 silly Conflicting override sets     children: Map(5) {
190 silly Conflicting override sets       '@graphql-tools/url-loader' => [OverrideSet],
190 silly Conflicting override sets       '@graphql-codegen/client-preset' => [Circular *1],
190 silly Conflicting override sets       '@graphql-codegen/typescript-operations' => [OverrideSet],
190 silly Conflicting override sets       'minimatch' => [OverrideSet],
190 silly Conflicting override sets       'vite' => [OverrideSet]
190 silly Conflicting override sets     }
190 silly Conflicting override sets   },
190 silly Conflicting override sets   children: Map(0) {},
190 silly Conflicting override sets   name: '@graphql-codegen/client-preset',
190 silly Conflicting override sets   key: '@graphql-codegen/client-preset',
190 silly Conflicting override sets   keySpec: '*',
190 silly Conflicting override sets   value: '4.7.0'
190 silly Conflicting override sets }
191 silly Conflicting override sets tslib
192 silly Conflicting override sets <ref *1> OverrideSet {
192 silly Conflicting override sets   parent: OverrideSet {
192 silly Conflicting override sets     parent: undefined,
192 silly Conflicting override sets     children: Map(5) {
192 silly Conflicting override sets       '@graphql-tools/url-loader' => [Circular *1],
192 silly Conflicting override sets       '@graphql-codegen/client-preset' => [OverrideSet],
192 silly Conflicting override sets       '@graphql-codegen/typescript-operations' => [OverrideSet],
192 silly Conflicting override sets       'minimatch' => [OverrideSet],
192 silly Conflicting override sets       'vite' => [OverrideSet]
192 silly Conflicting override sets     }
192 silly Conflicting override sets   },
192 silly Conflicting override sets   children: Map(0) {},
192 silly Conflicting override sets   name: '@graphql-tools/url-loader',
192 silly Conflicting override sets   key: '@graphql-tools/url-loader',
192 silly Conflicting override sets   keySpec: '*',
192 silly Conflicting override sets   value: '8.0.16'
192 silly Conflicting override sets } <ref *1> OverrideSet {
192 silly Conflicting override sets   parent: OverrideSet {
192 silly Conflicting override sets     parent: undefined,
192 silly Conflicting override sets     children: Map(5) {
192 silly Conflicting override sets       '@graphql-tools/url-loader' => [OverrideSet],
192 silly Conflicting override sets       '@graphql-codegen/client-preset' => [Circular *1],
192 silly Conflicting override sets       '@graphql-codegen/typescript-operations' => [OverrideSet],
192 silly Conflicting override sets       'minimatch' => [OverrideSet],
192 silly Conflicting override sets       'vite' => [OverrideSet]
192 silly Conflicting override sets     }
192 silly Conflicting override sets   },
192 silly Conflicting override sets   children: Map(0) {},
192 silly Conflicting override sets   name: '@graphql-codegen/client-preset',
192 silly Conflicting override sets   key: '@graphql-codegen/client-preset',
192 silly Conflicting override sets   keySpec: '*',
192 silly Conflicting override sets   value: '4.7.0'
192 silly Conflicting override sets }
193 silly Conflicting override sets tslib
194 silly Conflicting override sets <ref *1> OverrideSet {
194 silly Conflicting override sets   parent: OverrideSet {
194 silly Conflicting override sets     parent: undefined,
194 silly Conflicting override sets     children: Map(5) {
194 silly Conflicting override sets       '@graphql-tools/url-loader' => [Circular *1],
194 silly Conflicting override sets       '@graphql-codegen/client-preset' => [OverrideSet],
194 silly Conflicting override sets       '@graphql-codegen/typescript-operations' => [OverrideSet],
194 silly Conflicting override sets       'minimatch' => [OverrideSet],
194 silly Conflicting override sets       'vite' => [OverrideSet]
194 silly Conflicting override sets     }
194 silly Conflicting override sets   },
194 silly Conflicting override sets   children: Map(0) {},
194 silly Conflicting override sets   name: '@graphql-tools/url-loader',
194 silly Conflicting override sets   key: '@graphql-tools/url-loader',
194 silly Conflicting override sets   keySpec: '*',
194 silly Conflicting override sets   value: '8.0.16'
194 silly Conflicting override sets } <ref *1> OverrideSet {
194 silly Conflicting override sets   parent: OverrideSet {
194 silly Conflicting override sets     parent: undefined,
194 silly Conflicting override sets     children: Map(5) {
194 silly Conflicting override sets       '@graphql-tools/url-loader' => [OverrideSet],
194 silly Conflicting override sets       '@graphql-codegen/client-preset' => [OverrideSet],
194 silly Conflicting override sets       '@graphql-codegen/typescript-operations' => [OverrideSet],
194 silly Conflicting override sets       'minimatch' => [OverrideSet],
194 silly Conflicting override sets       'vite' => [Circular *1]
194 silly Conflicting override sets     }
194 silly Conflicting override sets   },
194 silly Conflicting override sets   children: Map(0) {},
194 silly Conflicting override sets   name: 'vite',
194 silly Conflicting override sets   key: 'vite',
194 silly Conflicting override sets   keySpec: '*',
194 silly Conflicting override sets   value: '^6.2.2'
194 silly Conflicting override sets }
195 silly Conflicting override sets @types/node
196 silly Conflicting override sets <ref *1> OverrideSet {
196 silly Conflicting override sets   parent: OverrideSet {
196 silly Conflicting override sets     parent: undefined,
196 silly Conflicting override sets     children: Map(5) {
196 silly Conflicting override sets       '@graphql-tools/url-loader' => [OverrideSet],
196 silly Conflicting override sets       '@graphql-codegen/client-preset' => [Circular *1],
196 silly Conflicting override sets       '@graphql-codegen/typescript-operations' => [OverrideSet],
196 silly Conflicting override sets       'minimatch' => [OverrideSet],
196 silly Conflicting override sets       'vite' => [OverrideSet]
196 silly Conflicting override sets     }
196 silly Conflicting override sets   },
196 silly Conflicting override sets   children: Map(0) {},
196 silly Conflicting override sets   name: '@graphql-codegen/client-preset',
196 silly Conflicting override sets   key: '@graphql-codegen/client-preset',
196 silly Conflicting override sets   keySpec: '*',
196 silly Conflicting override sets   value: '4.7.0'
196 silly Conflicting override sets } <ref *1> OverrideSet {
196 silly Conflicting override sets   parent: OverrideSet {
196 silly Conflicting override sets     parent: undefined,
196 silly Conflicting override sets     children: Map(5) {
196 silly Conflicting override sets       '@graphql-tools/url-loader' => [OverrideSet],
196 silly Conflicting override sets       '@graphql-codegen/client-preset' => [OverrideSet],
196 silly Conflicting override sets       '@graphql-codegen/typescript-operations' => [OverrideSet],
196 silly Conflicting override sets       'minimatch' => [OverrideSet],
196 silly Conflicting override sets       'vite' => [Circular *1]
196 silly Conflicting override sets     }
196 silly Conflicting override sets   },
196 silly Conflicting override sets   children: Map(0) {},
196 silly Conflicting override sets   name: 'vite',
196 silly Conflicting override sets   key: 'vite',
196 silly Conflicting override sets   keySpec: '*',
196 silly Conflicting override sets   value: '^6.2.2'
196 silly Conflicting override sets }
197 silly Conflicting override sets picocolors
198 silly Conflicting override sets <ref *1> OverrideSet {
198 silly Conflicting override sets   parent: OverrideSet {
198 silly Conflicting override sets     parent: undefined,
198 silly Conflicting override sets     children: Map(5) {
198 silly Conflicting override sets       '@graphql-tools/url-loader' => [OverrideSet],
198 silly Conflicting override sets       '@graphql-codegen/client-preset' => [OverrideSet],
198 silly Conflicting override sets       '@graphql-codegen/typescript-operations' => [OverrideSet],
198 silly Conflicting override sets       'minimatch' => [OverrideSet],
198 silly Conflicting override sets       'vite' => [Circular *1]
198 silly Conflicting override sets     }
198 silly Conflicting override sets   },
198 silly Conflicting override sets   children: Map(0) {},
198 silly Conflicting override sets   name: 'vite',
198 silly Conflicting override sets   key: 'vite',
198 silly Conflicting override sets   keySpec: '*',
198 silly Conflicting override sets   value: '^6.2.2'
198 silly Conflicting override sets } <ref *1> OverrideSet {
198 silly Conflicting override sets   parent: OverrideSet {
198 silly Conflicting override sets     parent: undefined,
198 silly Conflicting override sets     children: Map(5) {
198 silly Conflicting override sets       '@graphql-tools/url-loader' => [Circular *1],
198 silly Conflicting override sets       '@graphql-codegen/client-preset' => [OverrideSet],
198 silly Conflicting override sets       '@graphql-codegen/typescript-operations' => [OverrideSet],
198 silly Conflicting override sets       'minimatch' => [OverrideSet],
198 silly Conflicting override sets       'vite' => [OverrideSet]
198 silly Conflicting override sets     }
198 silly Conflicting override sets   },
198 silly Conflicting override sets   children: Map(0) {},
198 silly Conflicting override sets   name: '@graphql-tools/url-loader',
198 silly Conflicting override sets   key: '@graphql-tools/url-loader',
198 silly Conflicting override sets   keySpec: '*',
198 silly Conflicting override sets   value: '8.0.16'
198 silly Conflicting override sets }
199 silly Conflicting override sets <ref *1> OverrideSet {
199 silly Conflicting override sets   parent: OverrideSet {
199 silly Conflicting override sets     parent: undefined,
199 silly Conflicting override sets     children: Map(5) {
199 silly Conflicting override sets       '@graphql-tools/url-loader' => [OverrideSet],
199 silly Conflicting override sets       '@graphql-codegen/client-preset' => [OverrideSet],
199 silly Conflicting override sets       '@graphql-codegen/typescript-operations' => [Circular *1],
199 silly Conflicting override sets       'minimatch' => [OverrideSet],
199 silly Conflicting override sets       'vite' => [OverrideSet]
199 silly Conflicting override sets     }
199 silly Conflicting override sets   },
199 silly Conflicting override sets   children: Map(0) {},
199 silly Conflicting override sets   name: '@graphql-codegen/typescript-operations',
199 silly Conflicting override sets   key: '@graphql-codegen/typescript-operations',
199 silly Conflicting override sets   keySpec: '*',
199 silly Conflicting override sets   value: '4.5.0'
199 silly Conflicting override sets } <ref *1> OverrideSet {
199 silly Conflicting override sets   parent: OverrideSet {
199 silly Conflicting override sets     parent: undefined,
199 silly Conflicting override sets     children: Map(5) {
199 silly Conflicting override sets       '@graphql-tools/url-loader' => [OverrideSet],
199 silly Conflicting override sets       '@graphql-codegen/client-preset' => [Circular *1],
199 silly Conflicting override sets       '@graphql-codegen/typescript-operations' => [OverrideSet],
199 silly Conflicting override sets       'minimatch' => [OverrideSet],
199 silly Conflicting override sets       'vite' => [OverrideSet]
199 silly Conflicting override sets     }
199 silly Conflicting override sets   },
199 silly Conflicting override sets   children: Map(0) {},
199 silly Conflicting override sets   name: '@graphql-codegen/client-preset',
199 silly Conflicting override sets   key: '@graphql-codegen/client-preset',
199 silly Conflicting override sets   keySpec: '*',
199 silly Conflicting override sets   value: '4.7.0'
199 silly Conflicting override sets }
200 silly Conflicting override sets <ref *1> OverrideSet {
200 silly Conflicting override sets   parent: OverrideSet {
200 silly Conflicting override sets     parent: undefined,
200 silly Conflicting override sets     children: Map(5) {
200 silly Conflicting override sets       '@graphql-tools/url-loader' => [OverrideSet],
200 silly Conflicting override sets       '@graphql-codegen/client-preset' => [OverrideSet],
200 silly Conflicting override sets       '@graphql-codegen/typescript-operations' => [Circular *1],
200 silly Conflicting override sets       'minimatch' => [OverrideSet],
200 silly Conflicting override sets       'vite' => [OverrideSet]
200 silly Conflicting override sets     }
200 silly Conflicting override sets   },
200 silly Conflicting override sets   children: Map(0) {},
200 silly Conflicting override sets   name: '@graphql-codegen/typescript-operations',
200 silly Conflicting override sets   key: '@graphql-codegen/typescript-operations',
200 silly Conflicting override sets   keySpec: '*',
200 silly Conflicting override sets   value: '4.5.0'
200 silly Conflicting override sets } <ref *1> OverrideSet {
200 silly Conflicting override sets   parent: OverrideSet {
200 silly Conflicting override sets     parent: undefined,
200 silly Conflicting override sets     children: Map(5) {
200 silly Conflicting override sets       '@graphql-tools/url-loader' => [OverrideSet],
200 silly Conflicting override sets       '@graphql-codegen/client-preset' => [Circular *1],
200 silly Conflicting override sets       '@graphql-codegen/typescript-operations' => [OverrideSet],
200 silly Conflicting override sets       'minimatch' => [OverrideSet],
200 silly Conflicting override sets       'vite' => [OverrideSet]
200 silly Conflicting override sets     }
200 silly Conflicting override sets   },
200 silly Conflicting override sets   children: Map(0) {},
200 silly Conflicting override sets   name: '@graphql-codegen/client-preset',
200 silly Conflicting override sets   key: '@graphql-codegen/client-preset',
200 silly Conflicting override sets   keySpec: '*',
200 silly Conflicting override sets   value: '4.7.0'
200 silly Conflicting override sets }
201 silly Conflicting override sets <ref *1> OverrideSet {
201 silly Conflicting override sets   parent: OverrideSet {
201 silly Conflicting override sets     parent: undefined,
201 silly Conflicting override sets     children: Map(5) {
201 silly Conflicting override sets       '@graphql-tools/url-loader' => [OverrideSet],
201 silly Conflicting override sets       '@graphql-codegen/client-preset' => [OverrideSet],
201 silly Conflicting override sets       '@graphql-codegen/typescript-operations' => [Circular *1],
201 silly Conflicting override sets       'minimatch' => [OverrideSet],
201 silly Conflicting override sets       'vite' => [OverrideSet]
201 silly Conflicting override sets     }
201 silly Conflicting override sets   },
201 silly Conflicting override sets   children: Map(0) {},
201 silly Conflicting override sets   name: '@graphql-codegen/typescript-operations',
201 silly Conflicting override sets   key: '@graphql-codegen/typescript-operations',
201 silly Conflicting override sets   keySpec: '*',
201 silly Conflicting override sets   value: '4.5.0'
201 silly Conflicting override sets } <ref *1> OverrideSet {
201 silly Conflicting override sets   parent: OverrideSet {
201 silly Conflicting override sets     parent: undefined,
201 silly Conflicting override sets     children: Map(5) {
201 silly Conflicting override sets       '@graphql-tools/url-loader' => [OverrideSet],
201 silly Conflicting override sets       '@graphql-codegen/client-preset' => [Circular *1],
201 silly Conflicting override sets       '@graphql-codegen/typescript-operations' => [OverrideSet],
201 silly Conflicting override sets       'minimatch' => [OverrideSet],
201 silly Conflicting override sets       'vite' => [OverrideSet]
201 silly Conflicting override sets     }
201 silly Conflicting override sets   },
201 silly Conflicting override sets   children: Map(0) {},
201 silly Conflicting override sets   name: '@graphql-codegen/client-preset',
201 silly Conflicting override sets   key: '@graphql-codegen/client-preset',
201 silly Conflicting override sets   keySpec: '*',
201 silly Conflicting override sets   value: '4.7.0'
201 silly Conflicting override sets }
202 silly Conflicting override sets <ref *1> OverrideSet {
202 silly Conflicting override sets   parent: OverrideSet {
202 silly Conflicting override sets     parent: undefined,
202 silly Conflicting override sets     children: Map(5) {
202 silly Conflicting override sets       '@graphql-tools/url-loader' => [OverrideSet],
202 silly Conflicting override sets       '@graphql-codegen/client-preset' => [OverrideSet],
202 silly Conflicting override sets       '@graphql-codegen/typescript-operations' => [Circular *1],
202 silly Conflicting override sets       'minimatch' => [OverrideSet],
202 silly Conflicting override sets       'vite' => [OverrideSet]
202 silly Conflicting override sets     }
202 silly Conflicting override sets   },
202 silly Conflicting override sets   children: Map(0) {},
202 silly Conflicting override sets   name: '@graphql-codegen/typescript-operations',
202 silly Conflicting override sets   key: '@graphql-codegen/typescript-operations',
202 silly Conflicting override sets   keySpec: '*',
202 silly Conflicting override sets   value: '4.5.0'
202 silly Conflicting override sets } <ref *1> OverrideSet {
202 silly Conflicting override sets   parent: OverrideSet {
202 silly Conflicting override sets     parent: undefined,
202 silly Conflicting override sets     children: Map(5) {
202 silly Conflicting override sets       '@graphql-tools/url-loader' => [OverrideSet],
202 silly Conflicting override sets       '@graphql-codegen/client-preset' => [Circular *1],
202 silly Conflicting override sets       '@graphql-codegen/typescript-operations' => [OverrideSet],
202 silly Conflicting override sets       'minimatch' => [OverrideSet],
202 silly Conflicting override sets       'vite' => [OverrideSet]
202 silly Conflicting override sets     }
202 silly Conflicting override sets   },
202 silly Conflicting override sets   children: Map(0) {},
202 silly Conflicting override sets   name: '@graphql-codegen/client-preset',
202 silly Conflicting override sets   key: '@graphql-codegen/client-preset',
202 silly Conflicting override sets   keySpec: '*',
202 silly Conflicting override sets   value: '4.7.0'
202 silly Conflicting override sets }
203 silly Conflicting override sets <ref *1> OverrideSet {
203 silly Conflicting override sets   parent: OverrideSet {
203 silly Conflicting override sets     parent: undefined,
203 silly Conflicting override sets     children: Map(5) {
203 silly Conflicting override sets       '@graphql-tools/url-loader' => [OverrideSet],
203 silly Conflicting override sets       '@graphql-codegen/client-preset' => [OverrideSet],
203 silly Conflicting override sets       '@graphql-codegen/typescript-operations' => [Circular *1],
203 silly Conflicting override sets       'minimatch' => [OverrideSet],
203 silly Conflicting override sets       'vite' => [OverrideSet]
203 silly Conflicting override sets     }
203 silly Conflicting override sets   },
203 silly Conflicting override sets   children: Map(0) {},
203 silly Conflicting override sets   name: '@graphql-codegen/typescript-operations',
203 silly Conflicting override sets   key: '@graphql-codegen/typescript-operations',
203 silly Conflicting override sets   keySpec: '*',
203 silly Conflicting override sets   value: '4.5.0'
203 silly Conflicting override sets } <ref *1> OverrideSet {
203 silly Conflicting override sets   parent: OverrideSet {
203 silly Conflicting override sets     parent: undefined,
203 silly Conflicting override sets     children: Map(5) {
203 silly Conflicting override sets       '@graphql-tools/url-loader' => [OverrideSet],
203 silly Conflicting override sets       '@graphql-codegen/client-preset' => [Circular *1],
203 silly Conflicting override sets       '@graphql-codegen/typescript-operations' => [OverrideSet],
203 silly Conflicting override sets       'minimatch' => [OverrideSet],
203 silly Conflicting override sets       'vite' => [OverrideSet]
203 silly Conflicting override sets     }
203 silly Conflicting override sets   },
203 silly Conflicting override sets   children: Map(0) {},
203 silly Conflicting override sets   name: '@graphql-codegen/client-preset',
203 silly Conflicting override sets   key: '@graphql-codegen/client-preset',
203 silly Conflicting override sets   keySpec: '*',
203 silly Conflicting override sets   value: '4.7.0'
203 silly Conflicting override sets }
204 silly Conflicting override sets <ref *1> OverrideSet {
204 silly Conflicting override sets   parent: OverrideSet {
204 silly Conflicting override sets     parent: undefined,
204 silly Conflicting override sets     children: Map(5) {
204 silly Conflicting override sets       '@graphql-tools/url-loader' => [OverrideSet],
204 silly Conflicting override sets       '@graphql-codegen/client-preset' => [OverrideSet],
204 silly Conflicting override sets       '@graphql-codegen/typescript-operations' => [Circular *1],
204 silly Conflicting override sets       'minimatch' => [OverrideSet],
204 silly Conflicting override sets       'vite' => [OverrideSet]
204 silly Conflicting override sets     }
204 silly Conflicting override sets   },
204 silly Conflicting override sets   children: Map(0) {},
204 silly Conflicting override sets   name: '@graphql-codegen/typescript-operations',
204 silly Conflicting override sets   key: '@graphql-codegen/typescript-operations',
204 silly Conflicting override sets   keySpec: '*',
204 silly Conflicting override sets   value: '4.5.0'
204 silly Conflicting override sets } <ref *1> OverrideSet {
204 silly Conflicting override sets   parent: OverrideSet {
204 silly Conflicting override sets     parent: undefined,
204 silly Conflicting override sets     children: Map(5) {
204 silly Conflicting override sets       '@graphql-tools/url-loader' => [OverrideSet],
204 silly Conflicting override sets       '@graphql-codegen/client-preset' => [Circular *1],
204 silly Conflicting override sets       '@graphql-codegen/typescript-operations' => [OverrideSet],
204 silly Conflicting override sets       'minimatch' => [OverrideSet],
204 silly Conflicting override sets       'vite' => [OverrideSet]
204 silly Conflicting override sets     }
204 silly Conflicting override sets   },
204 silly Conflicting override sets   children: Map(0) {},
204 silly Conflicting override sets   name: '@graphql-codegen/client-preset',
204 silly Conflicting override sets   key: '@graphql-codegen/client-preset',
204 silly Conflicting override sets   keySpec: '*',
204 silly Conflicting override sets   value: '4.7.0'
204 silly Conflicting override sets }
205 silly Conflicting override sets <ref *1> OverrideSet {
205 silly Conflicting override sets   parent: OverrideSet {
205 silly Conflicting override sets     parent: undefined,
205 silly Conflicting override sets     children: Map(5) {
205 silly Conflicting override sets       '@graphql-tools/url-loader' => [OverrideSet],
205 silly Conflicting override sets       '@graphql-codegen/client-preset' => [OverrideSet],
205 silly Conflicting override sets       '@graphql-codegen/typescript-operations' => [Circular *1],
205 silly Conflicting override sets       'minimatch' => [OverrideSet],
205 silly Conflicting override sets       'vite' => [OverrideSet]
205 silly Conflicting override sets     }
205 silly Conflicting override sets   },
205 silly Conflicting override sets   children: Map(0) {},
205 silly Conflicting override sets   name: '@graphql-codegen/typescript-operations',
205 silly Conflicting override sets   key: '@graphql-codegen/typescript-operations',
205 silly Conflicting override sets   keySpec: '*',
205 silly Conflicting override sets   value: '4.5.0'
205 silly Conflicting override sets } <ref *1> OverrideSet {
205 silly Conflicting override sets   parent: OverrideSet {
205 silly Conflicting override sets     parent: undefined,
205 silly Conflicting override sets     children: Map(5) {
205 silly Conflicting override sets       '@graphql-tools/url-loader' => [OverrideSet],
205 silly Conflicting override sets       '@graphql-codegen/client-preset' => [Circular *1],
205 silly Conflicting override sets       '@graphql-codegen/typescript-operations' => [OverrideSet],
205 silly Conflicting override sets       'minimatch' => [OverrideSet],
205 silly Conflicting override sets       'vite' => [OverrideSet]
205 silly Conflicting override sets     }
205 silly Conflicting override sets   },
205 silly Conflicting override sets   children: Map(0) {},
205 silly Conflicting override sets   name: '@graphql-codegen/client-preset',
205 silly Conflicting override sets   key: '@graphql-codegen/client-preset',
205 silly Conflicting override sets   keySpec: '*',
205 silly Conflicting override sets   value: '4.7.0'
205 silly Conflicting override sets }
206 silly Conflicting override sets <ref *1> OverrideSet {
206 silly Conflicting override sets   parent: OverrideSet {
206 silly Conflicting override sets     parent: undefined,
206 silly Conflicting override sets     children: Map(5) {
206 silly Conflicting override sets       '@graphql-tools/url-loader' => [OverrideSet],
206 silly Conflicting override sets       '@graphql-codegen/client-preset' => [OverrideSet],
206 silly Conflicting override sets       '@graphql-codegen/typescript-operations' => [Circular *1],
206 silly Conflicting override sets       'minimatch' => [OverrideSet],
206 silly Conflicting override sets       'vite' => [OverrideSet]
206 silly Conflicting override sets     }
206 silly Conflicting override sets   },
206 silly Conflicting override sets   children: Map(0) {},
206 silly Conflicting override sets   name: '@graphql-codegen/typescript-operations',
206 silly Conflicting override sets   key: '@graphql-codegen/typescript-operations',
206 silly Conflicting override sets   keySpec: '*',
206 silly Conflicting override sets   value: '4.5.0'
206 silly Conflicting override sets } <ref *1> OverrideSet {
206 silly Conflicting override sets   parent: OverrideSet {
206 silly Conflicting override sets     parent: undefined,
206 silly Conflicting override sets     children: Map(5) {
206 silly Conflicting override sets       '@graphql-tools/url-loader' => [OverrideSet],
206 silly Conflicting override sets       '@graphql-codegen/client-preset' => [Circular *1],
206 silly Conflicting override sets       '@graphql-codegen/typescript-operations' => [OverrideSet],
206 silly Conflicting override sets       'minimatch' => [OverrideSet],
206 silly Conflicting override sets       'vite' => [OverrideSet]
206 silly Conflicting override sets     }
206 silly Conflicting override sets   },
206 silly Conflicting override sets   children: Map(0) {},
206 silly Conflicting override sets   name: '@graphql-codegen/client-preset',
206 silly Conflicting override sets   key: '@graphql-codegen/client-preset',
206 silly Conflicting override sets   keySpec: '*',
206 silly Conflicting override sets   value: '4.7.0'
206 silly Conflicting override sets }
207 silly Conflicting override sets <ref *1> OverrideSet {
207 silly Conflicting override sets   parent: OverrideSet {
207 silly Conflicting override sets     parent: undefined,
207 silly Conflicting override sets     children: Map(5) {
207 silly Conflicting override sets       '@graphql-tools/url-loader' => [OverrideSet],
207 silly Conflicting override sets       '@graphql-codegen/client-preset' => [Circular *1],
207 silly Conflicting override sets       '@graphql-codegen/typescript-operations' => [OverrideSet],
207 silly Conflicting override sets       'minimatch' => [OverrideSet],
207 silly Conflicting override sets       'vite' => [OverrideSet]
207 silly Conflicting override sets     }
207 silly Conflicting override sets   },
207 silly Conflicting override sets   children: Map(0) {},
207 silly Conflicting override sets   name: '@graphql-codegen/client-preset',
207 silly Conflicting override sets   key: '@graphql-codegen/client-preset',
207 silly Conflicting override sets   keySpec: '*',
207 silly Conflicting override sets   value: '4.7.0'
207 silly Conflicting override sets } <ref *1> OverrideSet {
207 silly Conflicting override sets   parent: OverrideSet {
207 silly Conflicting override sets     parent: undefined,
207 silly Conflicting override sets     children: Map(5) {
207 silly Conflicting override sets       '@graphql-tools/url-loader' => [Circular *1],
207 silly Conflicting override sets       '@graphql-codegen/client-preset' => [OverrideSet],
207 silly Conflicting override sets       '@graphql-codegen/typescript-operations' => [OverrideSet],
207 silly Conflicting override sets       'minimatch' => [OverrideSet],
207 silly Conflicting override sets       'vite' => [OverrideSet]
207 silly Conflicting override sets     }
207 silly Conflicting override sets   },
207 silly Conflicting override sets   children: Map(0) {},
207 silly Conflicting override sets   name: '@graphql-tools/url-loader',
207 silly Conflicting override sets   key: '@graphql-tools/url-loader',
207 silly Conflicting override sets   keySpec: '*',
207 silly Conflicting override sets   value: '8.0.16'
207 silly Conflicting override sets }
208 silly Conflicting override sets <ref *1> OverrideSet {
208 silly Conflicting override sets   parent: OverrideSet {
208 silly Conflicting override sets     parent: undefined,
208 silly Conflicting override sets     children: Map(5) {
208 silly Conflicting override sets       '@graphql-tools/url-loader' => [OverrideSet],
208 silly Conflicting override sets       '@graphql-codegen/client-preset' => [Circular *1],
208 silly Conflicting override sets       '@graphql-codegen/typescript-operations' => [OverrideSet],
208 silly Conflicting override sets       'minimatch' => [OverrideSet],
208 silly Conflicting override sets       'vite' => [OverrideSet]
208 silly Conflicting override sets     }
208 silly Conflicting override sets   },
208 silly Conflicting override sets   children: Map(0) {},
208 silly Conflicting override sets   name: '@graphql-codegen/client-preset',
208 silly Conflicting override sets   key: '@graphql-codegen/client-preset',
208 silly Conflicting override sets   keySpec: '*',
208 silly Conflicting override sets   value: '4.7.0'
208 silly Conflicting override sets } <ref *1> OverrideSet {
208 silly Conflicting override sets   parent: OverrideSet {
208 silly Conflicting override sets     parent: undefined,
208 silly Conflicting override sets     children: Map(5) {
208 silly Conflicting override sets       '@graphql-tools/url-loader' => [Circular *1],
208 silly Conflicting override sets       '@graphql-codegen/client-preset' => [OverrideSet],
208 silly Conflicting override sets       '@graphql-codegen/typescript-operations' => [OverrideSet],
208 silly Conflicting override sets       'minimatch' => [OverrideSet],
208 silly Conflicting override sets       'vite' => [OverrideSet]
208 silly Conflicting override sets     }
208 silly Conflicting override sets   },
208 silly Conflicting override sets   children: Map(0) {},
208 silly Conflicting override sets   name: '@graphql-tools/url-loader',
208 silly Conflicting override sets   key: '@graphql-tools/url-loader',
208 silly Conflicting override sets   keySpec: '*',
208 silly Conflicting override sets   value: '8.0.16'
208 silly Conflicting override sets }
209 silly Conflicting override sets <ref *1> OverrideSet {
209 silly Conflicting override sets   parent: OverrideSet {
209 silly Conflicting override sets     parent: undefined,
209 silly Conflicting override sets     children: Map(5) {
209 silly Conflicting override sets       '@graphql-tools/url-loader' => [OverrideSet],
209 silly Conflicting override sets       '@graphql-codegen/client-preset' => [Circular *1],
209 silly Conflicting override sets       '@graphql-codegen/typescript-operations' => [OverrideSet],
209 silly Conflicting override sets       'minimatch' => [OverrideSet],
209 silly Conflicting override sets       'vite' => [OverrideSet]
209 silly Conflicting override sets     }
209 silly Conflicting override sets   },
209 silly Conflicting override sets   children: Map(0) {},
209 silly Conflicting override sets   name: '@graphql-codegen/client-preset',
209 silly Conflicting override sets   key: '@graphql-codegen/client-preset',
209 silly Conflicting override sets   keySpec: '*',
209 silly Conflicting override sets   value: '4.7.0'
209 silly Conflicting override sets } <ref *1> OverrideSet {
209 silly Conflicting override sets   parent: OverrideSet {
209 silly Conflicting override sets     parent: undefined,
209 silly Conflicting override sets     children: Map(5) {
209 silly Conflicting override sets       '@graphql-tools/url-loader' => [Circular *1],
209 silly Conflicting override sets       '@graphql-codegen/client-preset' => [OverrideSet],
209 silly Conflicting override sets       '@graphql-codegen/typescript-operations' => [OverrideSet],
209 silly Conflicting override sets       'minimatch' => [OverrideSet],
209 silly Conflicting override sets       'vite' => [OverrideSet]
209 silly Conflicting override sets     }
209 silly Conflicting override sets   },
209 silly Conflicting override sets   children: Map(0) {},
209 silly Conflicting override sets   name: '@graphql-tools/url-loader',
209 silly Conflicting override sets   key: '@graphql-tools/url-loader',
209 silly Conflicting override sets   keySpec: '*',
209 silly Conflicting override sets   value: '8.0.16'
209 silly Conflicting override sets }
210 silly Conflicting override sets <ref *1> OverrideSet {
210 silly Conflicting override sets   parent: OverrideSet {
210 silly Conflicting override sets     parent: undefined,
210 silly Conflicting override sets     children: Map(5) {
210 silly Conflicting override sets       '@graphql-tools/url-loader' => [OverrideSet],
210 silly Conflicting override sets       '@graphql-codegen/client-preset' => [Circular *1],
210 silly Conflicting override sets       '@graphql-codegen/typescript-operations' => [OverrideSet],
210 silly Conflicting override sets       'minimatch' => [OverrideSet],
210 silly Conflicting override sets       'vite' => [OverrideSet]
210 silly Conflicting override sets     }
210 silly Conflicting override sets   },
210 silly Conflicting override sets   children: Map(0) {},
210 silly Conflicting override sets   name: '@graphql-codegen/client-preset',
210 silly Conflicting override sets   key: '@graphql-codegen/client-preset',
210 silly Conflicting override sets   keySpec: '*',
210 silly Conflicting override sets   value: '4.7.0'
210 silly Conflicting override sets } <ref *1> OverrideSet {
210 silly Conflicting override sets   parent: OverrideSet {
210 silly Conflicting override sets     parent: undefined,
210 silly Conflicting override sets     children: Map(5) {
210 silly Conflicting override sets       '@graphql-tools/url-loader' => [Circular *1],
210 silly Conflicting override sets       '@graphql-codegen/client-preset' => [OverrideSet],
210 silly Conflicting override sets       '@graphql-codegen/typescript-operations' => [OverrideSet],
210 silly Conflicting override sets       'minimatch' => [OverrideSet],
210 silly Conflicting override sets       'vite' => [OverrideSet]
210 silly Conflicting override sets     }
210 silly Conflicting override sets   },
210 silly Conflicting override sets   children: Map(0) {},
210 silly Conflicting override sets   name: '@graphql-tools/url-loader',
210 silly Conflicting override sets   key: '@graphql-tools/url-loader',
210 silly Conflicting override sets   keySpec: '*',
210 silly Conflicting override sets   value: '8.0.16'
210 silly Conflicting override sets }
211 silly Conflicting override sets <ref *1> OverrideSet {
211 silly Conflicting override sets   parent: OverrideSet {
211 silly Conflicting override sets     parent: undefined,
211 silly Conflicting override sets     children: Map(5) {
211 silly Conflicting override sets       '@graphql-tools/url-loader' => [OverrideSet],
211 silly Conflicting override sets       '@graphql-codegen/client-preset' => [OverrideSet],
211 silly Conflicting override sets       '@graphql-codegen/typescript-operations' => [Circular *1],
211 silly Conflicting override sets       'minimatch' => [OverrideSet],
211 silly Conflicting override sets       'vite' => [OverrideSet]
211 silly Conflicting override sets     }
211 silly Conflicting override sets   },
211 silly Conflicting override sets   children: Map(0) {},
211 silly Conflicting override sets   name: '@graphql-codegen/typescript-operations',
211 silly Conflicting override sets   key: '@graphql-codegen/typescript-operations',
211 silly Conflicting override sets   keySpec: '*',
211 silly Conflicting override sets   value: '4.5.0'
211 silly Conflicting override sets } <ref *1> OverrideSet {
211 silly Conflicting override sets   parent: OverrideSet {
211 silly Conflicting override sets     parent: undefined,
211 silly Conflicting override sets     children: Map(5) {
211 silly Conflicting override sets       '@graphql-tools/url-loader' => [OverrideSet],
211 silly Conflicting override sets       '@graphql-codegen/client-preset' => [Circular *1],
211 silly Conflicting override sets       '@graphql-codegen/typescript-operations' => [OverrideSet],
211 silly Conflicting override sets       'minimatch' => [OverrideSet],
211 silly Conflicting override sets       'vite' => [OverrideSet]
211 silly Conflicting override sets     }
211 silly Conflicting override sets   },
211 silly Conflicting override sets   children: Map(0) {},
211 silly Conflicting override sets   name: '@graphql-codegen/client-preset',
211 silly Conflicting override sets   key: '@graphql-codegen/client-preset',
211 silly Conflicting override sets   keySpec: '*',
211 silly Conflicting override sets   value: '4.7.0'
211 silly Conflicting override sets }
212 silly Conflicting override sets <ref *1> OverrideSet {
212 silly Conflicting override sets   parent: OverrideSet {
212 silly Conflicting override sets     parent: undefined,
212 silly Conflicting override sets     children: Map(5) {
212 silly Conflicting override sets       '@graphql-tools/url-loader' => [OverrideSet],
212 silly Conflicting override sets       '@graphql-codegen/client-preset' => [OverrideSet],
212 silly Conflicting override sets       '@graphql-codegen/typescript-operations' => [Circular *1],
212 silly Conflicting override sets       'minimatch' => [OverrideSet],
212 silly Conflicting override sets       'vite' => [OverrideSet]
212 silly Conflicting override sets     }
212 silly Conflicting override sets   },
212 silly Conflicting override sets   children: Map(0) {},
212 silly Conflicting override sets   name: '@graphql-codegen/typescript-operations',
212 silly Conflicting override sets   key: '@graphql-codegen/typescript-operations',
212 silly Conflicting override sets   keySpec: '*',
212 silly Conflicting override sets   value: '4.5.0'
212 silly Conflicting override sets } <ref *1> OverrideSet {
212 silly Conflicting override sets   parent: OverrideSet {
212 silly Conflicting override sets     parent: undefined,
212 silly Conflicting override sets     children: Map(5) {
212 silly Conflicting override sets       '@graphql-tools/url-loader' => [OverrideSet],
212 silly Conflicting override sets       '@graphql-codegen/client-preset' => [Circular *1],
212 silly Conflicting override sets       '@graphql-codegen/typescript-operations' => [OverrideSet],
212 silly Conflicting override sets       'minimatch' => [OverrideSet],
212 silly Conflicting override sets       'vite' => [OverrideSet]
212 silly Conflicting override sets     }
212 silly Conflicting override sets   },
212 silly Conflicting override sets   children: Map(0) {},
212 silly Conflicting override sets   name: '@graphql-codegen/client-preset',
212 silly Conflicting override sets   key: '@graphql-codegen/client-preset',
212 silly Conflicting override sets   keySpec: '*',
212 silly Conflicting override sets   value: '4.7.0'
212 silly Conflicting override sets }
213 silly Conflicting override sets <ref *1> OverrideSet {
213 silly Conflicting override sets   parent: OverrideSet {
213 silly Conflicting override sets     parent: undefined,
213 silly Conflicting override sets     children: Map(5) {
213 silly Conflicting override sets       '@graphql-tools/url-loader' => [OverrideSet],
213 silly Conflicting override sets       '@graphql-codegen/client-preset' => [OverrideSet],
213 silly Conflicting override sets       '@graphql-codegen/typescript-operations' => [Circular *1],
213 silly Conflicting override sets       'minimatch' => [OverrideSet],
213 silly Conflicting override sets       'vite' => [OverrideSet]
213 silly Conflicting override sets     }
213 silly Conflicting override sets   },
213 silly Conflicting override sets   children: Map(0) {},
213 silly Conflicting override sets   name: '@graphql-codegen/typescript-operations',
213 silly Conflicting override sets   key: '@graphql-codegen/typescript-operations',
213 silly Conflicting override sets   keySpec: '*',
213 silly Conflicting override sets   value: '4.5.0'
213 silly Conflicting override sets } <ref *1> OverrideSet {
213 silly Conflicting override sets   parent: OverrideSet {
213 silly Conflicting override sets     parent: undefined,
213 silly Conflicting override sets     children: Map(5) {
213 silly Conflicting override sets       '@graphql-tools/url-loader' => [OverrideSet],
213 silly Conflicting override sets       '@graphql-codegen/client-preset' => [Circular *1],
213 silly Conflicting override sets       '@graphql-codegen/typescript-operations' => [OverrideSet],
213 silly Conflicting override sets       'minimatch' => [OverrideSet],
213 silly Conflicting override sets       'vite' => [OverrideSet]
213 silly Conflicting override sets     }
213 silly Conflicting override sets   },
213 silly Conflicting override sets   children: Map(0) {},
213 silly Conflicting override sets   name: '@graphql-codegen/client-preset',
213 silly Conflicting override sets   key: '@graphql-codegen/client-preset',
213 silly Conflicting override sets   keySpec: '*',
213 silly Conflicting override sets   value: '4.7.0'
213 silly Conflicting override sets }
214 silly Conflicting override sets <ref *1> OverrideSet {
214 silly Conflicting override sets   parent: OverrideSet {
214 silly Conflicting override sets     parent: undefined,
214 silly Conflicting override sets     children: Map(5) {
214 silly Conflicting override sets       '@graphql-tools/url-loader' => [OverrideSet],
214 silly Conflicting override sets       '@graphql-codegen/client-preset' => [OverrideSet],
214 silly Conflicting override sets       '@graphql-codegen/typescript-operations' => [Circular *1],
214 silly Conflicting override sets       'minimatch' => [OverrideSet],
214 silly Conflicting override sets       'vite' => [OverrideSet]
214 silly Conflicting override sets     }
214 silly Conflicting override sets   },
214 silly Conflicting override sets   children: Map(0) {},
214 silly Conflicting override sets   name: '@graphql-codegen/typescript-operations',
214 silly Conflicting override sets   key: '@graphql-codegen/typescript-operations',
214 silly Conflicting override sets   keySpec: '*',
214 silly Conflicting override sets   value: '4.5.0'
214 silly Conflicting override sets } <ref *1> OverrideSet {
214 silly Conflicting override sets   parent: OverrideSet {
214 silly Conflicting override sets     parent: undefined,
214 silly Conflicting override sets     children: Map(5) {
214 silly Conflicting override sets       '@graphql-tools/url-loader' => [OverrideSet],
214 silly Conflicting override sets       '@graphql-codegen/client-preset' => [Circular *1],
214 silly Conflicting override sets       '@graphql-codegen/typescript-operations' => [OverrideSet],
214 silly Conflicting override sets       'minimatch' => [OverrideSet],
214 silly Conflicting override sets       'vite' => [OverrideSet]
214 silly Conflicting override sets     }
214 silly Conflicting override sets   },
214 silly Conflicting override sets   children: Map(0) {},
214 silly Conflicting override sets   name: '@graphql-codegen/client-preset',
214 silly Conflicting override sets   key: '@graphql-codegen/client-preset',
214 silly Conflicting override sets   keySpec: '*',
214 silly Conflicting override sets   value: '4.7.0'
214 silly Conflicting override sets }
215 silly Conflicting override sets <ref *1> OverrideSet {
215 silly Conflicting override sets   parent: OverrideSet {
215 silly Conflicting override sets     parent: undefined,
215 silly Conflicting override sets     children: Map(5) {
215 silly Conflicting override sets       '@graphql-tools/url-loader' => [OverrideSet],
215 silly Conflicting override sets       '@graphql-codegen/client-preset' => [OverrideSet],
215 silly Conflicting override sets       '@graphql-codegen/typescript-operations' => [Circular *1],
215 silly Conflicting override sets       'minimatch' => [OverrideSet],
215 silly Conflicting override sets       'vite' => [OverrideSet]
215 silly Conflicting override sets     }
215 silly Conflicting override sets   },
215 silly Conflicting override sets   children: Map(0) {},
215 silly Conflicting override sets   name: '@graphql-codegen/typescript-operations',
215 silly Conflicting override sets   key: '@graphql-codegen/typescript-operations',
215 silly Conflicting override sets   keySpec: '*',
215 silly Conflicting override sets   value: '4.5.0'
215 silly Conflicting override sets } <ref *1> OverrideSet {
215 silly Conflicting override sets   parent: OverrideSet {
215 silly Conflicting override sets     parent: undefined,
215 silly Conflicting override sets     children: Map(5) {
215 silly Conflicting override sets       '@graphql-tools/url-loader' => [OverrideSet],
215 silly Conflicting override sets       '@graphql-codegen/client-preset' => [Circular *1],
215 silly Conflicting override sets       '@graphql-codegen/typescript-operations' => [OverrideSet],
215 silly Conflicting override sets       'minimatch' => [OverrideSet],
215 silly Conflicting override sets       'vite' => [OverrideSet]
215 silly Conflicting override sets     }
215 silly Conflicting override sets   },
215 silly Conflicting override sets   children: Map(0) {},
215 silly Conflicting override sets   name: '@graphql-codegen/client-preset',
215 silly Conflicting override sets   key: '@graphql-codegen/client-preset',
215 silly Conflicting override sets   keySpec: '*',
215 silly Conflicting override sets   value: '4.7.0'
215 silly Conflicting override sets }
216 silly Conflicting override sets <ref *1> OverrideSet {
216 silly Conflicting override sets   parent: OverrideSet {
216 silly Conflicting override sets     parent: undefined,
216 silly Conflicting override sets     children: Map(5) {
216 silly Conflicting override sets       '@graphql-tools/url-loader' => [OverrideSet],
216 silly Conflicting override sets       '@graphql-codegen/client-preset' => [OverrideSet],
216 silly Conflicting override sets       '@graphql-codegen/typescript-operations' => [Circular *1],
216 silly Conflicting override sets       'minimatch' => [OverrideSet],
216 silly Conflicting override sets       'vite' => [OverrideSet]
216 silly Conflicting override sets     }
216 silly Conflicting override sets   },
216 silly Conflicting override sets   children: Map(0) {},
216 silly Conflicting override sets   name: '@graphql-codegen/typescript-operations',
216 silly Conflicting override sets   key: '@graphql-codegen/typescript-operations',
216 silly Conflicting override sets   keySpec: '*',
216 silly Conflicting override sets   value: '4.5.0'
216 silly Conflicting override sets } <ref *1> OverrideSet {
216 silly Conflicting override sets   parent: OverrideSet {
216 silly Conflicting override sets     parent: undefined,
216 silly Conflicting override sets     children: Map(5) {
216 silly Conflicting override sets       '@graphql-tools/url-loader' => [OverrideSet],
216 silly Conflicting override sets       '@graphql-codegen/client-preset' => [Circular *1],
216 silly Conflicting override sets       '@graphql-codegen/typescript-operations' => [OverrideSet],
216 silly Conflicting override sets       'minimatch' => [OverrideSet],
216 silly Conflicting override sets       'vite' => [OverrideSet]
216 silly Conflicting override sets     }
216 silly Conflicting override sets   },
216 silly Conflicting override sets   children: Map(0) {},
216 silly Conflicting override sets   name: '@graphql-codegen/client-preset',
216 silly Conflicting override sets   key: '@graphql-codegen/client-preset',
216 silly Conflicting override sets   keySpec: '*',
216 silly Conflicting override sets   value: '4.7.0'
216 silly Conflicting override sets }
217 silly Conflicting override sets <ref *1> OverrideSet {
217 silly Conflicting override sets   parent: OverrideSet {
217 silly Conflicting override sets     parent: undefined,
217 silly Conflicting override sets     children: Map(5) {
217 silly Conflicting override sets       '@graphql-tools/url-loader' => [OverrideSet],
217 silly Conflicting override sets       '@graphql-codegen/client-preset' => [OverrideSet],
217 silly Conflicting override sets       '@graphql-codegen/typescript-operations' => [Circular *1],
217 silly Conflicting override sets       'minimatch' => [OverrideSet],
217 silly Conflicting override sets       'vite' => [OverrideSet]
217 silly Conflicting override sets     }
217 silly Conflicting override sets   },
217 silly Conflicting override sets   children: Map(0) {},
217 silly Conflicting override sets   name: '@graphql-codegen/typescript-operations',
217 silly Conflicting override sets   key: '@graphql-codegen/typescript-operations',
217 silly Conflicting override sets   keySpec: '*',
217 silly Conflicting override sets   value: '4.5.0'
217 silly Conflicting override sets } <ref *1> OverrideSet {
217 silly Conflicting override sets   parent: OverrideSet {
217 silly Conflicting override sets     parent: undefined,
217 silly Conflicting override sets     children: Map(5) {
217 silly Conflicting override sets       '@graphql-tools/url-loader' => [OverrideSet],
217 silly Conflicting override sets       '@graphql-codegen/client-preset' => [Circular *1],
217 silly Conflicting override sets       '@graphql-codegen/typescript-operations' => [OverrideSet],
217 silly Conflicting override sets       'minimatch' => [OverrideSet],
217 silly Conflicting override sets       'vite' => [OverrideSet]
217 silly Conflicting override sets     }
217 silly Conflicting override sets   },
217 silly Conflicting override sets   children: Map(0) {},
217 silly Conflicting override sets   name: '@graphql-codegen/client-preset',
217 silly Conflicting override sets   key: '@graphql-codegen/client-preset',
217 silly Conflicting override sets   keySpec: '*',
217 silly Conflicting override sets   value: '4.7.0'
217 silly Conflicting override sets }
218 silly Conflicting override sets <ref *1> OverrideSet {
218 silly Conflicting override sets   parent: OverrideSet {
218 silly Conflicting override sets     parent: undefined,
218 silly Conflicting override sets     children: Map(5) {
218 silly Conflicting override sets       '@graphql-tools/url-loader' => [OverrideSet],
218 silly Conflicting override sets       '@graphql-codegen/client-preset' => [OverrideSet],
218 silly Conflicting override sets       '@graphql-codegen/typescript-operations' => [Circular *1],
218 silly Conflicting override sets       'minimatch' => [OverrideSet],
218 silly Conflicting override sets       'vite' => [OverrideSet]
218 silly Conflicting override sets     }
218 silly Conflicting override sets   },
218 silly Conflicting override sets   children: Map(0) {},
218 silly Conflicting override sets   name: '@graphql-codegen/typescript-operations',
218 silly Conflicting override sets   key: '@graphql-codegen/typescript-operations',
218 silly Conflicting override sets   keySpec: '*',
218 silly Conflicting override sets   value: '4.5.0'
218 silly Conflicting override sets } <ref *1> OverrideSet {
218 silly Conflicting override sets   parent: OverrideSet {
218 silly Conflicting override sets     parent: undefined,
218 silly Conflicting override sets     children: Map(5) {
218 silly Conflicting override sets       '@graphql-tools/url-loader' => [OverrideSet],
218 silly Conflicting override sets       '@graphql-codegen/client-preset' => [Circular *1],
218 silly Conflicting override sets       '@graphql-codegen/typescript-operations' => [OverrideSet],
218 silly Conflicting override sets       'minimatch' => [OverrideSet],
218 silly Conflicting override sets       'vite' => [OverrideSet]
218 silly Conflicting override sets     }
218 silly Conflicting override sets   },
218 silly Conflicting override sets   children: Map(0) {},
218 silly Conflicting override sets   name: '@graphql-codegen/client-preset',
218 silly Conflicting override sets   key: '@graphql-codegen/client-preset',
218 silly Conflicting override sets   keySpec: '*',
218 silly Conflicting override sets   value: '4.7.0'
218 silly Conflicting override sets }
219 silly Conflicting override sets <ref *1> OverrideSet {
219 silly Conflicting override sets   parent: OverrideSet {
219 silly Conflicting override sets     parent: undefined,
219 silly Conflicting override sets     children: Map(5) {
219 silly Conflicting override sets       '@graphql-tools/url-loader' => [OverrideSet],
219 silly Conflicting override sets       '@graphql-codegen/client-preset' => [OverrideSet],
219 silly Conflicting override sets       '@graphql-codegen/typescript-operations' => [Circular *1],
219 silly Conflicting override sets       'minimatch' => [OverrideSet],
219 silly Conflicting override sets       'vite' => [OverrideSet]
219 silly Conflicting override sets     }
219 silly Conflicting override sets   },
219 silly Conflicting override sets   children: Map(0) {},
219 silly Conflicting override sets   name: '@graphql-codegen/typescript-operations',
219 silly Conflicting override sets   key: '@graphql-codegen/typescript-operations',
219 silly Conflicting override sets   keySpec: '*',
219 silly Conflicting override sets   value: '4.5.0'
219 silly Conflicting override sets } <ref *1> OverrideSet {
219 silly Conflicting override sets   parent: OverrideSet {
219 silly Conflicting override sets     parent: undefined,
219 silly Conflicting override sets     children: Map(5) {
219 silly Conflicting override sets       '@graphql-tools/url-loader' => [OverrideSet],
219 silly Conflicting override sets       '@graphql-codegen/client-preset' => [Circular *1],
219 silly Conflicting override sets       '@graphql-codegen/typescript-operations' => [OverrideSet],
219 silly Conflicting override sets       'minimatch' => [OverrideSet],
219 silly Conflicting override sets       'vite' => [OverrideSet]
219 silly Conflicting override sets     }
219 silly Conflicting override sets   },
219 silly Conflicting override sets   children: Map(0) {},
219 silly Conflicting override sets   name: '@graphql-codegen/client-preset',
219 silly Conflicting override sets   key: '@graphql-codegen/client-preset',
219 silly Conflicting override sets   keySpec: '*',
219 silly Conflicting override sets   value: '4.7.0'
219 silly Conflicting override sets }
220 silly Conflicting override sets <ref *1> OverrideSet {
220 silly Conflicting override sets   parent: OverrideSet {
220 silly Conflicting override sets     parent: undefined,
220 silly Conflicting override sets     children: Map(5) {
220 silly Conflicting override sets       '@graphql-tools/url-loader' => [OverrideSet],
220 silly Conflicting override sets       '@graphql-codegen/client-preset' => [OverrideSet],
220 silly Conflicting override sets       '@graphql-codegen/typescript-operations' => [Circular *1],
220 silly Conflicting override sets       'minimatch' => [OverrideSet],
220 silly Conflicting override sets       'vite' => [OverrideSet]
220 silly Conflicting override sets     }
220 silly Conflicting override sets   },
220 silly Conflicting override sets   children: Map(0) {},
220 silly Conflicting override sets   name: '@graphql-codegen/typescript-operations',
220 silly Conflicting override sets   key: '@graphql-codegen/typescript-operations',
220 silly Conflicting override sets   keySpec: '*',
220 silly Conflicting override sets   value: '4.5.0'
220 silly Conflicting override sets } <ref *1> OverrideSet {
220 silly Conflicting override sets   parent: OverrideSet {
220 silly Conflicting override sets     parent: undefined,
220 silly Conflicting override sets     children: Map(5) {
220 silly Conflicting override sets       '@graphql-tools/url-loader' => [OverrideSet],
220 silly Conflicting override sets       '@graphql-codegen/client-preset' => [Circular *1],
220 silly Conflicting override sets       '@graphql-codegen/typescript-operations' => [OverrideSet],
220 silly Conflicting override sets       'minimatch' => [OverrideSet],
220 silly Conflicting override sets       'vite' => [OverrideSet]
220 silly Conflicting override sets     }
220 silly Conflicting override sets   },
220 silly Conflicting override sets   children: Map(0) {},
220 silly Conflicting override sets   name: '@graphql-codegen/client-preset',
220 silly Conflicting override sets   key: '@graphql-codegen/client-preset',
220 silly Conflicting override sets   keySpec: '*',
220 silly Conflicting override sets   value: '4.7.0'
220 silly Conflicting override sets }
221 silly Conflicting override sets <ref *1> OverrideSet {
221 silly Conflicting override sets   parent: OverrideSet {
221 silly Conflicting override sets     parent: undefined,
221 silly Conflicting override sets     children: Map(5) {
221 silly Conflicting override sets       '@graphql-tools/url-loader' => [Circular *1],
221 silly Conflicting override sets       '@graphql-codegen/client-preset' => [OverrideSet],
221 silly Conflicting override sets       '@graphql-codegen/typescript-operations' => [OverrideSet],
221 silly Conflicting override sets       'minimatch' => [OverrideSet],
221 silly Conflicting override sets       'vite' => [OverrideSet]
221 silly Conflicting override sets     }
221 silly Conflicting override sets   },
221 silly Conflicting override sets   children: Map(0) {},
221 silly Conflicting override sets   name: '@graphql-tools/url-loader',
221 silly Conflicting override sets   key: '@graphql-tools/url-loader',
221 silly Conflicting override sets   keySpec: '*',
221 silly Conflicting override sets   value: '8.0.16'
221 silly Conflicting override sets } <ref *1> OverrideSet {
221 silly Conflicting override sets   parent: OverrideSet {
221 silly Conflicting override sets     parent: undefined,
221 silly Conflicting override sets     children: Map(5) {
221 silly Conflicting override sets       '@graphql-tools/url-loader' => [OverrideSet],
221 silly Conflicting override sets       '@graphql-codegen/client-preset' => [Circular *1],
221 silly Conflicting override sets       '@graphql-codegen/typescript-operations' => [OverrideSet],
221 silly Conflicting override sets       'minimatch' => [OverrideSet],
221 silly Conflicting override sets       'vite' => [OverrideSet]
221 silly Conflicting override sets     }
221 silly Conflicting override sets   },
221 silly Conflicting override sets   children: Map(0) {},
221 silly Conflicting override sets   name: '@graphql-codegen/client-preset',
221 silly Conflicting override sets   key: '@graphql-codegen/client-preset',
221 silly Conflicting override sets   keySpec: '*',
221 silly Conflicting override sets   value: '4.7.0'
221 silly Conflicting override sets }
222 silly Conflicting override sets <ref *1> OverrideSet {
222 silly Conflicting override sets   parent: OverrideSet {
222 silly Conflicting override sets     parent: undefined,
222 silly Conflicting override sets     children: Map(5) {
222 silly Conflicting override sets       '@graphql-tools/url-loader' => [Circular *1],
222 silly Conflicting override sets       '@graphql-codegen/client-preset' => [OverrideSet],
222 silly Conflicting override sets       '@graphql-codegen/typescript-operations' => [OverrideSet],
222 silly Conflicting override sets       'minimatch' => [OverrideSet],
222 silly Conflicting override sets       'vite' => [OverrideSet]
222 silly Conflicting override sets     }
222 silly Conflicting override sets   },
222 silly Conflicting override sets   children: Map(0) {},
222 silly Conflicting override sets   name: '@graphql-tools/url-loader',
222 silly Conflicting override sets   key: '@graphql-tools/url-loader',
222 silly Conflicting override sets   keySpec: '*',
222 silly Conflicting override sets   value: '8.0.16'
222 silly Conflicting override sets } <ref *1> OverrideSet {
222 silly Conflicting override sets   parent: OverrideSet {
222 silly Conflicting override sets     parent: undefined,
222 silly Conflicting override sets     children: Map(5) {
222 silly Conflicting override sets       '@graphql-tools/url-loader' => [OverrideSet],
222 silly Conflicting override sets       '@graphql-codegen/client-preset' => [Circular *1],
222 silly Conflicting override sets       '@graphql-codegen/typescript-operations' => [OverrideSet],
222 silly Conflicting override sets       'minimatch' => [OverrideSet],
222 silly Conflicting override sets       'vite' => [OverrideSet]
222 silly Conflicting override sets     }
222 silly Conflicting override sets   },
222 silly Conflicting override sets   children: Map(0) {},
222 silly Conflicting override sets   name: '@graphql-codegen/client-preset',
222 silly Conflicting override sets   key: '@graphql-codegen/client-preset',
222 silly Conflicting override sets   keySpec: '*',
222 silly Conflicting override sets   value: '4.7.0'
222 silly Conflicting override sets }
223 silly Conflicting override sets <ref *1> OverrideSet {
223 silly Conflicting override sets   parent: OverrideSet {
223 silly Conflicting override sets     parent: undefined,
223 silly Conflicting override sets     children: Map(5) {
223 silly Conflicting override sets       '@graphql-tools/url-loader' => [Circular *1],
223 silly Conflicting override sets       '@graphql-codegen/client-preset' => [OverrideSet],
223 silly Conflicting override sets       '@graphql-codegen/typescript-operations' => [OverrideSet],
223 silly Conflicting override sets       'minimatch' => [OverrideSet],
223 silly Conflicting override sets       'vite' => [OverrideSet]
223 silly Conflicting override sets     }
223 silly Conflicting override sets   },
223 silly Conflicting override sets   children: Map(0) {},
223 silly Conflicting override sets   name: '@graphql-tools/url-loader',
223 silly Conflicting override sets   key: '@graphql-tools/url-loader',
223 silly Conflicting override sets   keySpec: '*',
223 silly Conflicting override sets   value: '8.0.16'
223 silly Conflicting override sets } <ref *1> OverrideSet {
223 silly Conflicting override sets   parent: OverrideSet {
223 silly Conflicting override sets     parent: undefined,
223 silly Conflicting override sets     children: Map(5) {
223 silly Conflicting override sets       '@graphql-tools/url-loader' => [OverrideSet],
223 silly Conflicting override sets       '@graphql-codegen/client-preset' => [Circular *1],
223 silly Conflicting override sets       '@graphql-codegen/typescript-operations' => [OverrideSet],
223 silly Conflicting override sets       'minimatch' => [OverrideSet],
223 silly Conflicting override sets       'vite' => [OverrideSet]
223 silly Conflicting override sets     }
223 silly Conflicting override sets   },
223 silly Conflicting override sets   children: Map(0) {},
223 silly Conflicting override sets   name: '@graphql-codegen/client-preset',
223 silly Conflicting override sets   key: '@graphql-codegen/client-preset',
223 silly Conflicting override sets   keySpec: '*',
223 silly Conflicting override sets   value: '4.7.0'
223 silly Conflicting override sets }
224 silly Conflicting override sets <ref *1> OverrideSet {
224 silly Conflicting override sets   parent: OverrideSet {
224 silly Conflicting override sets     parent: undefined,
224 silly Conflicting override sets     children: Map(5) {
224 silly Conflicting override sets       '@graphql-tools/url-loader' => [Circular *1],
224 silly Conflicting override sets       '@graphql-codegen/client-preset' => [OverrideSet],
224 silly Conflicting override sets       '@graphql-codegen/typescript-operations' => [OverrideSet],
224 silly Conflicting override sets       'minimatch' => [OverrideSet],
224 silly Conflicting override sets       'vite' => [OverrideSet]
224 silly Conflicting override sets     }
224 silly Conflicting override sets   },
224 silly Conflicting override sets   children: Map(0) {},
224 silly Conflicting override sets   name: '@graphql-tools/url-loader',
224 silly Conflicting override sets   key: '@graphql-tools/url-loader',
224 silly Conflicting override sets   keySpec: '*',
224 silly Conflicting override sets   value: '8.0.16'
224 silly Conflicting override sets } <ref *1> OverrideSet {
224 silly Conflicting override sets   parent: OverrideSet {
224 silly Conflicting override sets     parent: undefined,
224 silly Conflicting override sets     children: Map(5) {
224 silly Conflicting override sets       '@graphql-tools/url-loader' => [OverrideSet],
224 silly Conflicting override sets       '@graphql-codegen/client-preset' => [Circular *1],
224 silly Conflicting override sets       '@graphql-codegen/typescript-operations' => [OverrideSet],
224 silly Conflicting override sets       'minimatch' => [OverrideSet],
224 silly Conflicting override sets       'vite' => [OverrideSet]
224 silly Conflicting override sets     }
224 silly Conflicting override sets   },
224 silly Conflicting override sets   children: Map(0) {},
224 silly Conflicting override sets   name: '@graphql-codegen/client-preset',
224 silly Conflicting override sets   key: '@graphql-codegen/client-preset',
224 silly Conflicting override sets   keySpec: '*',
224 silly Conflicting override sets   value: '4.7.0'
224 silly Conflicting override sets }
225 silly Conflicting override sets <ref *1> OverrideSet {
225 silly Conflicting override sets   parent: OverrideSet {
225 silly Conflicting override sets     parent: undefined,
225 silly Conflicting override sets     children: Map(5) {
225 silly Conflicting override sets       '@graphql-tools/url-loader' => [Circular *1],
225 silly Conflicting override sets       '@graphql-codegen/client-preset' => [OverrideSet],
225 silly Conflicting override sets       '@graphql-codegen/typescript-operations' => [OverrideSet],
225 silly Conflicting override sets       'minimatch' => [OverrideSet],
225 silly Conflicting override sets       'vite' => [OverrideSet]
225 silly Conflicting override sets     }
225 silly Conflicting override sets   },
225 silly Conflicting override sets   children: Map(0) {},
225 silly Conflicting override sets   name: '@graphql-tools/url-loader',
225 silly Conflicting override sets   key: '@graphql-tools/url-loader',
225 silly Conflicting override sets   keySpec: '*',
225 silly Conflicting override sets   value: '8.0.16'
225 silly Conflicting override sets } <ref *1> OverrideSet {
225 silly Conflicting override sets   parent: OverrideSet {
225 silly Conflicting override sets     parent: undefined,
225 silly Conflicting override sets     children: Map(5) {
225 silly Conflicting override sets       '@graphql-tools/url-loader' => [OverrideSet],
225 silly Conflicting override sets       '@graphql-codegen/client-preset' => [Circular *1],
225 silly Conflicting override sets       '@graphql-codegen/typescript-operations' => [OverrideSet],
225 silly Conflicting override sets       'minimatch' => [OverrideSet],
225 silly Conflicting override sets       'vite' => [OverrideSet]
225 silly Conflicting override sets     }
225 silly Conflicting override sets   },
225 silly Conflicting override sets   children: Map(0) {},
225 silly Conflicting override sets   name: '@graphql-codegen/client-preset',
225 silly Conflicting override sets   key: '@graphql-codegen/client-preset',
225 silly Conflicting override sets   keySpec: '*',
225 silly Conflicting override sets   value: '4.7.0'
225 silly Conflicting override sets }
226 silly Conflicting override sets <ref *1> OverrideSet {
226 silly Conflicting override sets   parent: OverrideSet {
226 silly Conflicting override sets     parent: undefined,
226 silly Conflicting override sets     children: Map(5) {
226 silly Conflicting override sets       '@graphql-tools/url-loader' => [Circular *1],
226 silly Conflicting override sets       '@graphql-codegen/client-preset' => [OverrideSet],
226 silly Conflicting override sets       '@graphql-codegen/typescript-operations' => [OverrideSet],
226 silly Conflicting override sets       'minimatch' => [OverrideSet],
226 silly Conflicting override sets       'vite' => [OverrideSet]
226 silly Conflicting override sets     }
226 silly Conflicting override sets   },
226 silly Conflicting override sets   children: Map(0) {},
226 silly Conflicting override sets   name: '@graphql-tools/url-loader',
226 silly Conflicting override sets   key: '@graphql-tools/url-loader',
226 silly Conflicting override sets   keySpec: '*',
226 silly Conflicting override sets   value: '8.0.16'
226 silly Conflicting override sets } <ref *1> OverrideSet {
226 silly Conflicting override sets   parent: OverrideSet {
226 silly Conflicting override sets     parent: undefined,
226 silly Conflicting override sets     children: Map(5) {
226 silly Conflicting override sets       '@graphql-tools/url-loader' => [OverrideSet],
226 silly Conflicting override sets       '@graphql-codegen/client-preset' => [Circular *1],
226 silly Conflicting override sets       '@graphql-codegen/typescript-operations' => [OverrideSet],
226 silly Conflicting override sets       'minimatch' => [OverrideSet],
226 silly Conflicting override sets       'vite' => [OverrideSet]
226 silly Conflicting override sets     }
226 silly Conflicting override sets   },
226 silly Conflicting override sets   children: Map(0) {},
226 silly Conflicting override sets   name: '@graphql-codegen/client-preset',
226 silly Conflicting override sets   key: '@graphql-codegen/client-preset',
226 silly Conflicting override sets   keySpec: '*',
226 silly Conflicting override sets   value: '4.7.0'
226 silly Conflicting override sets }
227 silly Conflicting override sets <ref *1> OverrideSet {
227 silly Conflicting override sets   parent: OverrideSet {
227 silly Conflicting override sets     parent: undefined,
227 silly Conflicting override sets     children: Map(5) {
227 silly Conflicting override sets       '@graphql-tools/url-loader' => [Circular *1],
227 silly Conflicting override sets       '@graphql-codegen/client-preset' => [OverrideSet],
227 silly Conflicting override sets       '@graphql-codegen/typescript-operations' => [OverrideSet],
227 silly Conflicting override sets       'minimatch' => [OverrideSet],
227 silly Conflicting override sets       'vite' => [OverrideSet]
227 silly Conflicting override sets     }
227 silly Conflicting override sets   },
227 silly Conflicting override sets   children: Map(0) {},
227 silly Conflicting override sets   name: '@graphql-tools/url-loader',
227 silly Conflicting override sets   key: '@graphql-tools/url-loader',
227 silly Conflicting override sets   keySpec: '*',
227 silly Conflicting override sets   value: '8.0.16'
227 silly Conflicting override sets } <ref *1> OverrideSet {
227 silly Conflicting override sets   parent: OverrideSet {
227 silly Conflicting override sets     parent: undefined,
227 silly Conflicting override sets     children: Map(5) {
227 silly Conflicting override sets       '@graphql-tools/url-loader' => [OverrideSet],
227 silly Conflicting override sets       '@graphql-codegen/client-preset' => [Circular *1],
227 silly Conflicting override sets       '@graphql-codegen/typescript-operations' => [OverrideSet],
227 silly Conflicting override sets       'minimatch' => [OverrideSet],
227 silly Conflicting override sets       'vite' => [OverrideSet]
227 silly Conflicting override sets     }
227 silly Conflicting override sets   },
227 silly Conflicting override sets   children: Map(0) {},
227 silly Conflicting override sets   name: '@graphql-codegen/client-preset',
227 silly Conflicting override sets   key: '@graphql-codegen/client-preset',
227 silly Conflicting override sets   keySpec: '*',
227 silly Conflicting override sets   value: '4.7.0'
227 silly Conflicting override sets }
228 silly Conflicting override sets <ref *1> OverrideSet {
228 silly Conflicting override sets   parent: OverrideSet {
228 silly Conflicting override sets     parent: undefined,
228 silly Conflicting override sets     children: Map(5) {
228 silly Conflicting override sets       '@graphql-tools/url-loader' => [Circular *1],
228 silly Conflicting override sets       '@graphql-codegen/client-preset' => [OverrideSet],
228 silly Conflicting override sets       '@graphql-codegen/typescript-operations' => [OverrideSet],
228 silly Conflicting override sets       'minimatch' => [OverrideSet],
228 silly Conflicting override sets       'vite' => [OverrideSet]
228 silly Conflicting override sets     }
228 silly Conflicting override sets   },
228 silly Conflicting override sets   children: Map(0) {},
228 silly Conflicting override sets   name: '@graphql-tools/url-loader',
228 silly Conflicting override sets   key: '@graphql-tools/url-loader',
228 silly Conflicting override sets   keySpec: '*',
228 silly Conflicting override sets   value: '8.0.16'
228 silly Conflicting override sets } <ref *1> OverrideSet {
228 silly Conflicting override sets   parent: OverrideSet {
228 silly Conflicting override sets     parent: undefined,
228 silly Conflicting override sets     children: Map(5) {
228 silly Conflicting override sets       '@graphql-tools/url-loader' => [OverrideSet],
228 silly Conflicting override sets       '@graphql-codegen/client-preset' => [Circular *1],
228 silly Conflicting override sets       '@graphql-codegen/typescript-operations' => [OverrideSet],
228 silly Conflicting override sets       'minimatch' => [OverrideSet],
228 silly Conflicting override sets       'vite' => [OverrideSet]
228 silly Conflicting override sets     }
228 silly Conflicting override sets   },
228 silly Conflicting override sets   children: Map(0) {},
228 silly Conflicting override sets   name: '@graphql-codegen/client-preset',
228 silly Conflicting override sets   key: '@graphql-codegen/client-preset',
228 silly Conflicting override sets   keySpec: '*',
228 silly Conflicting override sets   value: '4.7.0'
228 silly Conflicting override sets }
229 silly Conflicting override sets <ref *1> OverrideSet {
229 silly Conflicting override sets   parent: OverrideSet {
229 silly Conflicting override sets     parent: undefined,
229 silly Conflicting override sets     children: Map(5) {
229 silly Conflicting override sets       '@graphql-tools/url-loader' => [Circular *1],
229 silly Conflicting override sets       '@graphql-codegen/client-preset' => [OverrideSet],
229 silly Conflicting override sets       '@graphql-codegen/typescript-operations' => [OverrideSet],
229 silly Conflicting override sets       'minimatch' => [OverrideSet],
229 silly Conflicting override sets       'vite' => [OverrideSet]
229 silly Conflicting override sets     }
229 silly Conflicting override sets   },
229 silly Conflicting override sets   children: Map(0) {},
229 silly Conflicting override sets   name: '@graphql-tools/url-loader',
229 silly Conflicting override sets   key: '@graphql-tools/url-loader',
229 silly Conflicting override sets   keySpec: '*',
229 silly Conflicting override sets   value: '8.0.16'
229 silly Conflicting override sets } <ref *1> OverrideSet {
229 silly Conflicting override sets   parent: OverrideSet {
229 silly Conflicting override sets     parent: undefined,
229 silly Conflicting override sets     children: Map(5) {
229 silly Conflicting override sets       '@graphql-tools/url-loader' => [OverrideSet],
229 silly Conflicting override sets       '@graphql-codegen/client-preset' => [Circular *1],
229 silly Conflicting override sets       '@graphql-codegen/typescript-operations' => [OverrideSet],
229 silly Conflicting override sets       'minimatch' => [OverrideSet],
229 silly Conflicting override sets       'vite' => [OverrideSet]
229 silly Conflicting override sets     }
229 silly Conflicting override sets   },
229 silly Conflicting override sets   children: Map(0) {},
229 silly Conflicting override sets   name: '@graphql-codegen/client-preset',
229 silly Conflicting override sets   key: '@graphql-codegen/client-preset',
229 silly Conflicting override sets   keySpec: '*',
229 silly Conflicting override sets   value: '4.7.0'
229 silly Conflicting override sets }
230 silly Conflicting override sets <ref *1> OverrideSet {
230 silly Conflicting override sets   parent: OverrideSet {
230 silly Conflicting override sets     parent: undefined,
230 silly Conflicting override sets     children: Map(5) {
230 silly Conflicting override sets       '@graphql-tools/url-loader' => [Circular *1],
230 silly Conflicting override sets       '@graphql-codegen/client-preset' => [OverrideSet],
230 silly Conflicting override sets       '@graphql-codegen/typescript-operations' => [OverrideSet],
230 silly Conflicting override sets       'minimatch' => [OverrideSet],
230 silly Conflicting override sets       'vite' => [OverrideSet]
230 silly Conflicting override sets     }
230 silly Conflicting override sets   },
230 silly Conflicting override sets   children: Map(0) {},
230 silly Conflicting override sets   name: '@graphql-tools/url-loader',
230 silly Conflicting override sets   key: '@graphql-tools/url-loader',
230 silly Conflicting override sets   keySpec: '*',
230 silly Conflicting override sets   value: '8.0.16'
230 silly Conflicting override sets } <ref *1> OverrideSet {
230 silly Conflicting override sets   parent: OverrideSet {
230 silly Conflicting override sets     parent: undefined,
230 silly Conflicting override sets     children: Map(5) {
230 silly Conflicting override sets       '@graphql-tools/url-loader' => [OverrideSet],
230 silly Conflicting override sets       '@graphql-codegen/client-preset' => [Circular *1],
230 silly Conflicting override sets       '@graphql-codegen/typescript-operations' => [OverrideSet],
230 silly Conflicting override sets       'minimatch' => [OverrideSet],
230 silly Conflicting override sets       'vite' => [OverrideSet]
230 silly Conflicting override sets     }
230 silly Conflicting override sets   },
230 silly Conflicting override sets   children: Map(0) {},
230 silly Conflicting override sets   name: '@graphql-codegen/client-preset',
230 silly Conflicting override sets   key: '@graphql-codegen/client-preset',
230 silly Conflicting override sets   keySpec: '*',
230 silly Conflicting override sets   value: '4.7.0'
230 silly Conflicting override sets }
231 silly Conflicting override sets <ref *1> OverrideSet {
231 silly Conflicting override sets   parent: OverrideSet {
231 silly Conflicting override sets     parent: undefined,
231 silly Conflicting override sets     children: Map(5) {
231 silly Conflicting override sets       '@graphql-tools/url-loader' => [Circular *1],
231 silly Conflicting override sets       '@graphql-codegen/client-preset' => [OverrideSet],
231 silly Conflicting override sets       '@graphql-codegen/typescript-operations' => [OverrideSet],
231 silly Conflicting override sets       'minimatch' => [OverrideSet],
231 silly Conflicting override sets       'vite' => [OverrideSet]
231 silly Conflicting override sets     }
231 silly Conflicting override sets   },
231 silly Conflicting override sets   children: Map(0) {},
231 silly Conflicting override sets   name: '@graphql-tools/url-loader',
231 silly Conflicting override sets   key: '@graphql-tools/url-loader',
231 silly Conflicting override sets   keySpec: '*',
231 silly Conflicting override sets   value: '8.0.16'
231 silly Conflicting override sets } <ref *1> OverrideSet {
231 silly Conflicting override sets   parent: OverrideSet {
231 silly Conflicting override sets     parent: undefined,
231 silly Conflicting override sets     children: Map(5) {
231 silly Conflicting override sets       '@graphql-tools/url-loader' => [OverrideSet],
231 silly Conflicting override sets       '@graphql-codegen/client-preset' => [Circular *1],
231 silly Conflicting override sets       '@graphql-codegen/typescript-operations' => [OverrideSet],
231 silly Conflicting override sets       'minimatch' => [OverrideSet],
231 silly Conflicting override sets       'vite' => [OverrideSet]
231 silly Conflicting override sets     }
231 silly Conflicting override sets   },
231 silly Conflicting override sets   children: Map(0) {},
231 silly Conflicting override sets   name: '@graphql-codegen/client-preset',
231 silly Conflicting override sets   key: '@graphql-codegen/client-preset',
231 silly Conflicting override sets   keySpec: '*',
231 silly Conflicting override sets   value: '4.7.0'
231 silly Conflicting override sets }
232 silly Conflicting override sets <ref *1> OverrideSet {
232 silly Conflicting override sets   parent: OverrideSet {
232 silly Conflicting override sets     parent: undefined,
232 silly Conflicting override sets     children: Map(5) {
232 silly Conflicting override sets       '@graphql-tools/url-loader' => [Circular *1],
232 silly Conflicting override sets       '@graphql-codegen/client-preset' => [OverrideSet],
232 silly Conflicting override sets       '@graphql-codegen/typescript-operations' => [OverrideSet],
232 silly Conflicting override sets       'minimatch' => [OverrideSet],
232 silly Conflicting override sets       'vite' => [OverrideSet]
232 silly Conflicting override sets     }
232 silly Conflicting override sets   },
232 silly Conflicting override sets   children: Map(0) {},
232 silly Conflicting override sets   name: '@graphql-tools/url-loader',
232 silly Conflicting override sets   key: '@graphql-tools/url-loader',
232 silly Conflicting override sets   keySpec: '*',
232 silly Conflicting override sets   value: '8.0.16'
232 silly Conflicting override sets } <ref *1> OverrideSet {
232 silly Conflicting override sets   parent: OverrideSet {
232 silly Conflicting override sets     parent: undefined,
232 silly Conflicting override sets     children: Map(5) {
232 silly Conflicting override sets       '@graphql-tools/url-loader' => [OverrideSet],
232 silly Conflicting override sets       '@graphql-codegen/client-preset' => [Circular *1],
232 silly Conflicting override sets       '@graphql-codegen/typescript-operations' => [OverrideSet],
232 silly Conflicting override sets       'minimatch' => [OverrideSet],
232 silly Conflicting override sets       'vite' => [OverrideSet]
232 silly Conflicting override sets     }
232 silly Conflicting override sets   },
232 silly Conflicting override sets   children: Map(0) {},
232 silly Conflicting override sets   name: '@graphql-codegen/client-preset',
232 silly Conflicting override sets   key: '@graphql-codegen/client-preset',
232 silly Conflicting override sets   keySpec: '*',
232 silly Conflicting override sets   value: '4.7.0'
232 silly Conflicting override sets }
233 silly Conflicting override sets <ref *1> OverrideSet {
233 silly Conflicting override sets   parent: OverrideSet {
233 silly Conflicting override sets     parent: undefined,
233 silly Conflicting override sets     children: Map(5) {
233 silly Conflicting override sets       '@graphql-tools/url-loader' => [Circular *1],
233 silly Conflicting override sets       '@graphql-codegen/client-preset' => [OverrideSet],
233 silly Conflicting override sets       '@graphql-codegen/typescript-operations' => [OverrideSet],
233 silly Conflicting override sets       'minimatch' => [OverrideSet],
233 silly Conflicting override sets       'vite' => [OverrideSet]
233 silly Conflicting override sets     }
233 silly Conflicting override sets   },
233 silly Conflicting override sets   children: Map(0) {},
233 silly Conflicting override sets   name: '@graphql-tools/url-loader',
233 silly Conflicting override sets   key: '@graphql-tools/url-loader',
233 silly Conflicting override sets   keySpec: '*',
233 silly Conflicting override sets   value: '8.0.16'
233 silly Conflicting override sets } <ref *1> OverrideSet {
233 silly Conflicting override sets   parent: OverrideSet {
233 silly Conflicting override sets     parent: undefined,
233 silly Conflicting override sets     children: Map(5) {
233 silly Conflicting override sets       '@graphql-tools/url-loader' => [OverrideSet],
233 silly Conflicting override sets       '@graphql-codegen/client-preset' => [Circular *1],
233 silly Conflicting override sets       '@graphql-codegen/typescript-operations' => [OverrideSet],
233 silly Conflicting override sets       'minimatch' => [OverrideSet],
233 silly Conflicting override sets       'vite' => [OverrideSet]
233 silly Conflicting override sets     }
233 silly Conflicting override sets   },
233 silly Conflicting override sets   children: Map(0) {},
233 silly Conflicting override sets   name: '@graphql-codegen/client-preset',
233 silly Conflicting override sets   key: '@graphql-codegen/client-preset',
233 silly Conflicting override sets   keySpec: '*',
233 silly Conflicting override sets   value: '4.7.0'
233 silly Conflicting override sets }
234 silly idealTree buildDeps
235 silly Conflicting override sets <ref *1> OverrideSet {
235 silly Conflicting override sets   parent: OverrideSet {
235 silly Conflicting override sets     parent: undefined,
235 silly Conflicting override sets     children: Map(5) {
235 silly Conflicting override sets       '@graphql-tools/url-loader' => [OverrideSet],
235 silly Conflicting override sets       '@graphql-codegen/client-preset' => [OverrideSet],
235 silly Conflicting override sets       '@graphql-codegen/typescript-operations' => [OverrideSet],
235 silly Conflicting override sets       'minimatch' => [OverrideSet],
235 silly Conflicting override sets       'vite' => [Circular *1]
235 silly Conflicting override sets     }
235 silly Conflicting override sets   },
235 silly Conflicting override sets   children: Map(0) {},
235 silly Conflicting override sets   name: 'vite',
235 silly Conflicting override sets   key: 'vite',
235 silly Conflicting override sets   keySpec: '*',
235 silly Conflicting override sets   value: '^6.2.2'
235 silly Conflicting override sets } <ref *1> OverrideSet {
235 silly Conflicting override sets   parent: OverrideSet {
235 silly Conflicting override sets     parent: undefined,
235 silly Conflicting override sets     children: Map(5) {
235 silly Conflicting override sets       '@graphql-tools/url-loader' => [OverrideSet],
235 silly Conflicting override sets       '@graphql-codegen/client-preset' => [Circular *1],
235 silly Conflicting override sets       '@graphql-codegen/typescript-operations' => [OverrideSet],
235 silly Conflicting override sets       'minimatch' => [OverrideSet],
235 silly Conflicting override sets       'vite' => [OverrideSet]
235 silly Conflicting override sets     }
235 silly Conflicting override sets   },
235 silly Conflicting override sets   children: Map(0) {},
235 silly Conflicting override sets   name: '@graphql-codegen/client-preset',
235 silly Conflicting override sets   key: '@graphql-codegen/client-preset',
235 silly Conflicting override sets   keySpec: '*',
235 silly Conflicting override sets   value: '4.7.0'
235 silly Conflicting override sets }
236 silly Conflicting override sets picocolors
237 silly Conflicting override sets <ref *1> OverrideSet {
237 silly Conflicting override sets   parent: OverrideSet {
237 silly Conflicting override sets     parent: undefined,
237 silly Conflicting override sets     children: Map(5) {
237 silly Conflicting override sets       '@graphql-tools/url-loader' => [OverrideSet],
237 silly Conflicting override sets       '@graphql-codegen/client-preset' => [Circular *1],
237 silly Conflicting override sets       '@graphql-codegen/typescript-operations' => [OverrideSet],
237 silly Conflicting override sets       'minimatch' => [OverrideSet],
237 silly Conflicting override sets       'vite' => [OverrideSet]
237 silly Conflicting override sets     }
237 silly Conflicting override sets   },
237 silly Conflicting override sets   children: Map(0) {},
237 silly Conflicting override sets   name: '@graphql-codegen/client-preset',
237 silly Conflicting override sets   key: '@graphql-codegen/client-preset',
237 silly Conflicting override sets   keySpec: '*',
237 silly Conflicting override sets   value: '4.7.0'
237 silly Conflicting override sets } <ref *1> OverrideSet {
237 silly Conflicting override sets   parent: OverrideSet {
237 silly Conflicting override sets     parent: undefined,
237 silly Conflicting override sets     children: Map(5) {
237 silly Conflicting override sets       '@graphql-tools/url-loader' => [OverrideSet],
237 silly Conflicting override sets       '@graphql-codegen/client-preset' => [OverrideSet],
237 silly Conflicting override sets       '@graphql-codegen/typescript-operations' => [Circular *1],
237 silly Conflicting override sets       'minimatch' => [OverrideSet],
237 silly Conflicting override sets       'vite' => [OverrideSet]
237 silly Conflicting override sets     }
237 silly Conflicting override sets   },
237 silly Conflicting override sets   children: Map(0) {},
237 silly Conflicting override sets   name: '@graphql-codegen/typescript-operations',
237 silly Conflicting override sets   key: '@graphql-codegen/typescript-operations',
237 silly Conflicting override sets   keySpec: '*',
237 silly Conflicting override sets   value: '4.5.0'
237 silly Conflicting override sets }
238 silly Conflicting override sets graphql
239 silly Conflicting override sets <ref *1> OverrideSet {
239 silly Conflicting override sets   parent: OverrideSet {
239 silly Conflicting override sets     parent: undefined,
239 silly Conflicting override sets     children: Map(5) {
239 silly Conflicting override sets       '@graphql-tools/url-loader' => [OverrideSet],
239 silly Conflicting override sets       '@graphql-codegen/client-preset' => [Circular *1],
239 silly Conflicting override sets       '@graphql-codegen/typescript-operations' => [OverrideSet],
239 silly Conflicting override sets       'minimatch' => [OverrideSet],
239 silly Conflicting override sets       'vite' => [OverrideSet]
239 silly Conflicting override sets     }
239 silly Conflicting override sets   },
239 silly Conflicting override sets   children: Map(0) {},
239 silly Conflicting override sets   name: '@graphql-codegen/client-preset',
239 silly Conflicting override sets   key: '@graphql-codegen/client-preset',
239 silly Conflicting override sets   keySpec: '*',
239 silly Conflicting override sets   value: '4.7.0'
239 silly Conflicting override sets } <ref *1> OverrideSet {
239 silly Conflicting override sets   parent: OverrideSet {
239 silly Conflicting override sets     parent: undefined,
239 silly Conflicting override sets     children: Map(5) {
239 silly Conflicting override sets       '@graphql-tools/url-loader' => [OverrideSet],
239 silly Conflicting override sets       '@graphql-codegen/client-preset' => [OverrideSet],
239 silly Conflicting override sets       '@graphql-codegen/typescript-operations' => [Circular *1],
239 silly Conflicting override sets       'minimatch' => [OverrideSet],
239 silly Conflicting override sets       'vite' => [OverrideSet]
239 silly Conflicting override sets     }
239 silly Conflicting override sets   },
239 silly Conflicting override sets   children: Map(0) {},
239 silly Conflicting override sets   name: '@graphql-codegen/typescript-operations',
239 silly Conflicting override sets   key: '@graphql-codegen/typescript-operations',
239 silly Conflicting override sets   keySpec: '*',
239 silly Conflicting override sets   value: '4.5.0'
239 silly Conflicting override sets }
240 silly Conflicting override sets @graphql-codegen/plugin-helpers
241 silly Conflicting override sets <ref *1> OverrideSet {
241 silly Conflicting override sets   parent: OverrideSet {
241 silly Conflicting override sets     parent: undefined,
241 silly Conflicting override sets     children: Map(5) {
241 silly Conflicting override sets       '@graphql-tools/url-loader' => [OverrideSet],
241 silly Conflicting override sets       '@graphql-codegen/client-preset' => [Circular *1],
241 silly Conflicting override sets       '@graphql-codegen/typescript-operations' => [OverrideSet],
241 silly Conflicting override sets       'minimatch' => [OverrideSet],
241 silly Conflicting override sets       'vite' => [OverrideSet]
241 silly Conflicting override sets     }
241 silly Conflicting override sets   },
241 silly Conflicting override sets   children: Map(0) {},
241 silly Conflicting override sets   name: '@graphql-codegen/client-preset',
241 silly Conflicting override sets   key: '@graphql-codegen/client-preset',
241 silly Conflicting override sets   keySpec: '*',
241 silly Conflicting override sets   value: '4.7.0'
241 silly Conflicting override sets } <ref *1> OverrideSet {
241 silly Conflicting override sets   parent: OverrideSet {
241 silly Conflicting override sets     parent: undefined,
241 silly Conflicting override sets     children: Map(5) {
241 silly Conflicting override sets       '@graphql-tools/url-loader' => [OverrideSet],
241 silly Conflicting override sets       '@graphql-codegen/client-preset' => [OverrideSet],
241 silly Conflicting override sets       '@graphql-codegen/typescript-operations' => [Circular *1],
241 silly Conflicting override sets       'minimatch' => [OverrideSet],
241 silly Conflicting override sets       'vite' => [OverrideSet]
241 silly Conflicting override sets     }
241 silly Conflicting override sets   },
241 silly Conflicting override sets   children: Map(0) {},
241 silly Conflicting override sets   name: '@graphql-codegen/typescript-operations',
241 silly Conflicting override sets   key: '@graphql-codegen/typescript-operations',
241 silly Conflicting override sets   keySpec: '*',
241 silly Conflicting override sets   value: '4.5.0'
241 silly Conflicting override sets }
242 silly Conflicting override sets @graphql-codegen/typescript
243 silly Conflicting override sets <ref *1> OverrideSet {
243 silly Conflicting override sets   parent: OverrideSet {
243 silly Conflicting override sets     parent: undefined,
243 silly Conflicting override sets     children: Map(5) {
243 silly Conflicting override sets       '@graphql-tools/url-loader' => [OverrideSet],
243 silly Conflicting override sets       '@graphql-codegen/client-preset' => [Circular *1],
243 silly Conflicting override sets       '@graphql-codegen/typescript-operations' => [OverrideSet],
243 silly Conflicting override sets       'minimatch' => [OverrideSet],
243 silly Conflicting override sets       'vite' => [OverrideSet]
243 silly Conflicting override sets     }
243 silly Conflicting override sets   },
243 silly Conflicting override sets   children: Map(0) {},
243 silly Conflicting override sets   name: '@graphql-codegen/client-preset',
243 silly Conflicting override sets   key: '@graphql-codegen/client-preset',
243 silly Conflicting override sets   keySpec: '*',
243 silly Conflicting override sets   value: '4.7.0'
243 silly Conflicting override sets } <ref *1> OverrideSet {
243 silly Conflicting override sets   parent: OverrideSet {
243 silly Conflicting override sets     parent: undefined,
243 silly Conflicting override sets     children: Map(5) {
243 silly Conflicting override sets       '@graphql-tools/url-loader' => [OverrideSet],
243 silly Conflicting override sets       '@graphql-codegen/client-preset' => [OverrideSet],
243 silly Conflicting override sets       '@graphql-codegen/typescript-operations' => [Circular *1],
243 silly Conflicting override sets       'minimatch' => [OverrideSet],
243 silly Conflicting override sets       'vite' => [OverrideSet]
243 silly Conflicting override sets     }
243 silly Conflicting override sets   },
243 silly Conflicting override sets   children: Map(0) {},
243 silly Conflicting override sets   name: '@graphql-codegen/typescript-operations',
243 silly Conflicting override sets   key: '@graphql-codegen/typescript-operations',
243 silly Conflicting override sets   keySpec: '*',
243 silly Conflicting override sets   value: '4.5.0'
243 silly Conflicting override sets }
244 silly Conflicting override sets @graphql-codegen/visitor-plugin-common
245 silly Conflicting override sets <ref *1> OverrideSet {
245 silly Conflicting override sets   parent: OverrideSet {
245 silly Conflicting override sets     parent: undefined,
245 silly Conflicting override sets     children: Map(5) {
245 silly Conflicting override sets       '@graphql-tools/url-loader' => [OverrideSet],
245 silly Conflicting override sets       '@graphql-codegen/client-preset' => [Circular *1],
245 silly Conflicting override sets       '@graphql-codegen/typescript-operations' => [OverrideSet],
245 silly Conflicting override sets       'minimatch' => [OverrideSet],
245 silly Conflicting override sets       'vite' => [OverrideSet]
245 silly Conflicting override sets     }
245 silly Conflicting override sets   },
245 silly Conflicting override sets   children: Map(0) {},
245 silly Conflicting override sets   name: '@graphql-codegen/client-preset',
245 silly Conflicting override sets   key: '@graphql-codegen/client-preset',
245 silly Conflicting override sets   keySpec: '*',
245 silly Conflicting override sets   value: '4.7.0'
245 silly Conflicting override sets } <ref *1> OverrideSet {
245 silly Conflicting override sets   parent: OverrideSet {
245 silly Conflicting override sets     parent: undefined,
245 silly Conflicting override sets     children: Map(5) {
245 silly Conflicting override sets       '@graphql-tools/url-loader' => [OverrideSet],
245 silly Conflicting override sets       '@graphql-codegen/client-preset' => [OverrideSet],
245 silly Conflicting override sets       '@graphql-codegen/typescript-operations' => [Circular *1],
245 silly Conflicting override sets       'minimatch' => [OverrideSet],
245 silly Conflicting override sets       'vite' => [OverrideSet]
245 silly Conflicting override sets     }
245 silly Conflicting override sets   },
245 silly Conflicting override sets   children: Map(0) {},
245 silly Conflicting override sets   name: '@graphql-codegen/typescript-operations',
245 silly Conflicting override sets   key: '@graphql-codegen/typescript-operations',
245 silly Conflicting override sets   keySpec: '*',
245 silly Conflicting override sets   value: '4.5.0'
245 silly Conflicting override sets }
246 silly Conflicting override sets auto-bind
247 silly Conflicting override sets <ref *1> OverrideSet {
247 silly Conflicting override sets   parent: OverrideSet {
247 silly Conflicting override sets     parent: undefined,
247 silly Conflicting override sets     children: Map(5) {
247 silly Conflicting override sets       '@graphql-tools/url-loader' => [OverrideSet],
247 silly Conflicting override sets       '@graphql-codegen/client-preset' => [Circular *1],
247 silly Conflicting override sets       '@graphql-codegen/typescript-operations' => [OverrideSet],
247 silly Conflicting override sets       'minimatch' => [OverrideSet],
247 silly Conflicting override sets       'vite' => [OverrideSet]
247 silly Conflicting override sets     }
247 silly Conflicting override sets   },
247 silly Conflicting override sets   children: Map(0) {},
247 silly Conflicting override sets   name: '@graphql-codegen/client-preset',
247 silly Conflicting override sets   key: '@graphql-codegen/client-preset',
247 silly Conflicting override sets   keySpec: '*',
247 silly Conflicting override sets   value: '4.7.0'
247 silly Conflicting override sets } <ref *1> OverrideSet {
247 silly Conflicting override sets   parent: OverrideSet {
247 silly Conflicting override sets     parent: undefined,
247 silly Conflicting override sets     children: Map(5) {
247 silly Conflicting override sets       '@graphql-tools/url-loader' => [OverrideSet],
247 silly Conflicting override sets       '@graphql-codegen/client-preset' => [OverrideSet],
247 silly Conflicting override sets       '@graphql-codegen/typescript-operations' => [Circular *1],
247 silly Conflicting override sets       'minimatch' => [OverrideSet],
247 silly Conflicting override sets       'vite' => [OverrideSet]
247 silly Conflicting override sets     }
247 silly Conflicting override sets   },
247 silly Conflicting override sets   children: Map(0) {},
247 silly Conflicting override sets   name: '@graphql-codegen/typescript-operations',
247 silly Conflicting override sets   key: '@graphql-codegen/typescript-operations',
247 silly Conflicting override sets   keySpec: '*',
247 silly Conflicting override sets   value: '4.5.0'
247 silly Conflicting override sets }
248 silly Conflicting override sets tslib
249 silly Conflicting override sets <ref *1> OverrideSet {
249 silly Conflicting override sets   parent: OverrideSet {
249 silly Conflicting override sets     parent: undefined,
249 silly Conflicting override sets     children: Map(5) {
249 silly Conflicting override sets       '@graphql-tools/url-loader' => [OverrideSet],
249 silly Conflicting override sets       '@graphql-codegen/client-preset' => [Circular *1],
249 silly Conflicting override sets       '@graphql-codegen/typescript-operations' => [OverrideSet],
249 silly Conflicting override sets       'minimatch' => [OverrideSet],
249 silly Conflicting override sets       'vite' => [OverrideSet]
249 silly Conflicting override sets     }
249 silly Conflicting override sets   },
249 silly Conflicting override sets   children: Map(0) {},
249 silly Conflicting override sets   name: '@graphql-codegen/client-preset',
249 silly Conflicting override sets   key: '@graphql-codegen/client-preset',
249 silly Conflicting override sets   keySpec: '*',
249 silly Conflicting override sets   value: '4.7.0'
249 silly Conflicting override sets } <ref *1> OverrideSet {
249 silly Conflicting override sets   parent: OverrideSet {
249 silly Conflicting override sets     parent: undefined,
249 silly Conflicting override sets     children: Map(5) {
249 silly Conflicting override sets       '@graphql-tools/url-loader' => [Circular *1],
249 silly Conflicting override sets       '@graphql-codegen/client-preset' => [OverrideSet],
249 silly Conflicting override sets       '@graphql-codegen/typescript-operations' => [OverrideSet],
249 silly Conflicting override sets       'minimatch' => [OverrideSet],
249 silly Conflicting override sets       'vite' => [OverrideSet]
249 silly Conflicting override sets     }
249 silly Conflicting override sets   },
249 silly Conflicting override sets   children: Map(0) {},
249 silly Conflicting override sets   name: '@graphql-tools/url-loader',
249 silly Conflicting override sets   key: '@graphql-tools/url-loader',
249 silly Conflicting override sets   keySpec: '*',
249 silly Conflicting override sets   value: '8.0.16'
249 silly Conflicting override sets }
250 silly Conflicting override sets graphql
251 silly Conflicting override sets <ref *1> OverrideSet {
251 silly Conflicting override sets   parent: OverrideSet {
251 silly Conflicting override sets     parent: undefined,
251 silly Conflicting override sets     children: Map(5) {
251 silly Conflicting override sets       '@graphql-tools/url-loader' => [OverrideSet],
251 silly Conflicting override sets       '@graphql-codegen/client-preset' => [Circular *1],
251 silly Conflicting override sets       '@graphql-codegen/typescript-operations' => [OverrideSet],
251 silly Conflicting override sets       'minimatch' => [OverrideSet],
251 silly Conflicting override sets       'vite' => [OverrideSet]
251 silly Conflicting override sets     }
251 silly Conflicting override sets   },
251 silly Conflicting override sets   children: Map(0) {},
251 silly Conflicting override sets   name: '@graphql-codegen/client-preset',
251 silly Conflicting override sets   key: '@graphql-codegen/client-preset',
251 silly Conflicting override sets   keySpec: '*',
251 silly Conflicting override sets   value: '4.7.0'
251 silly Conflicting override sets } <ref *1> OverrideSet {
251 silly Conflicting override sets   parent: OverrideSet {
251 silly Conflicting override sets     parent: undefined,
251 silly Conflicting override sets     children: Map(5) {
251 silly Conflicting override sets       '@graphql-tools/url-loader' => [Circular *1],
251 silly Conflicting override sets       '@graphql-codegen/client-preset' => [OverrideSet],
251 silly Conflicting override sets       '@graphql-codegen/typescript-operations' => [OverrideSet],
251 silly Conflicting override sets       'minimatch' => [OverrideSet],
251 silly Conflicting override sets       'vite' => [OverrideSet]
251 silly Conflicting override sets     }
251 silly Conflicting override sets   },
251 silly Conflicting override sets   children: Map(0) {},
251 silly Conflicting override sets   name: '@graphql-tools/url-loader',
251 silly Conflicting override sets   key: '@graphql-tools/url-loader',
251 silly Conflicting override sets   keySpec: '*',
251 silly Conflicting override sets   value: '8.0.16'
251 silly Conflicting override sets }
252 silly Conflicting override sets graphql
253 silly Conflicting override sets <ref *1> OverrideSet {
253 silly Conflicting override sets   parent: OverrideSet {
253 silly Conflicting override sets     parent: undefined,
253 silly Conflicting override sets     children: Map(5) {
253 silly Conflicting override sets       '@graphql-tools/url-loader' => [OverrideSet],
253 silly Conflicting override sets       '@graphql-codegen/client-preset' => [Circular *1],
253 silly Conflicting override sets       '@graphql-codegen/typescript-operations' => [OverrideSet],
253 silly Conflicting override sets       'minimatch' => [OverrideSet],
253 silly Conflicting override sets       'vite' => [OverrideSet]
253 silly Conflicting override sets     }
253 silly Conflicting override sets   },
253 silly Conflicting override sets   children: Map(0) {},
253 silly Conflicting override sets   name: '@graphql-codegen/client-preset',
253 silly Conflicting override sets   key: '@graphql-codegen/client-preset',
253 silly Conflicting override sets   keySpec: '*',
253 silly Conflicting override sets   value: '4.7.0'
253 silly Conflicting override sets } <ref *1> OverrideSet {
253 silly Conflicting override sets   parent: OverrideSet {
253 silly Conflicting override sets     parent: undefined,
253 silly Conflicting override sets     children: Map(5) {
253 silly Conflicting override sets       '@graphql-tools/url-loader' => [Circular *1],
253 silly Conflicting override sets       '@graphql-codegen/client-preset' => [OverrideSet],
253 silly Conflicting override sets       '@graphql-codegen/typescript-operations' => [OverrideSet],
253 silly Conflicting override sets       'minimatch' => [OverrideSet],
253 silly Conflicting override sets       'vite' => [OverrideSet]
253 silly Conflicting override sets     }
253 silly Conflicting override sets   },
253 silly Conflicting override sets   children: Map(0) {},
253 silly Conflicting override sets   name: '@graphql-tools/url-loader',
253 silly Conflicting override sets   key: '@graphql-tools/url-loader',
253 silly Conflicting override sets   keySpec: '*',
253 silly Conflicting override sets   value: '8.0.16'
253 silly Conflicting override sets }
254 silly Conflicting override sets graphql
255 silly Conflicting override sets <ref *1> OverrideSet {
255 silly Conflicting override sets   parent: OverrideSet {
255 silly Conflicting override sets     parent: undefined,
255 silly Conflicting override sets     children: Map(5) {
255 silly Conflicting override sets       '@graphql-tools/url-loader' => [OverrideSet],
255 silly Conflicting override sets       '@graphql-codegen/client-preset' => [Circular *1],
255 silly Conflicting override sets       '@graphql-codegen/typescript-operations' => [OverrideSet],
255 silly Conflicting override sets       'minimatch' => [OverrideSet],
255 silly Conflicting override sets       'vite' => [OverrideSet]
255 silly Conflicting override sets     }
255 silly Conflicting override sets   },
255 silly Conflicting override sets   children: Map(0) {},
255 silly Conflicting override sets   name: '@graphql-codegen/client-preset',
255 silly Conflicting override sets   key: '@graphql-codegen/client-preset',
255 silly Conflicting override sets   keySpec: '*',
255 silly Conflicting override sets   value: '4.7.0'
255 silly Conflicting override sets } <ref *1> OverrideSet {
255 silly Conflicting override sets   parent: OverrideSet {
255 silly Conflicting override sets     parent: undefined,
255 silly Conflicting override sets     children: Map(5) {
255 silly Conflicting override sets       '@graphql-tools/url-loader' => [Circular *1],
255 silly Conflicting override sets       '@graphql-codegen/client-preset' => [OverrideSet],
255 silly Conflicting override sets       '@graphql-codegen/typescript-operations' => [OverrideSet],
255 silly Conflicting override sets       'minimatch' => [OverrideSet],
255 silly Conflicting override sets       'vite' => [OverrideSet]
255 silly Conflicting override sets     }
255 silly Conflicting override sets   },
255 silly Conflicting override sets   children: Map(0) {},
255 silly Conflicting override sets   name: '@graphql-tools/url-loader',
255 silly Conflicting override sets   key: '@graphql-tools/url-loader',
255 silly Conflicting override sets   keySpec: '*',
255 silly Conflicting override sets   value: '8.0.16'
255 silly Conflicting override sets }
256 silly Conflicting override sets tslib
257 silly Conflicting override sets <ref *1> OverrideSet {
257 silly Conflicting override sets   parent: OverrideSet {
257 silly Conflicting override sets     parent: undefined,
257 silly Conflicting override sets     children: Map(5) {
257 silly Conflicting override sets       '@graphql-tools/url-loader' => [OverrideSet],
257 silly Conflicting override sets       '@graphql-codegen/client-preset' => [Circular *1],
257 silly Conflicting override sets       '@graphql-codegen/typescript-operations' => [OverrideSet],
257 silly Conflicting override sets       'minimatch' => [OverrideSet],
257 silly Conflicting override sets       'vite' => [OverrideSet]
257 silly Conflicting override sets     }
257 silly Conflicting override sets   },
257 silly Conflicting override sets   children: Map(0) {},
257 silly Conflicting override sets   name: '@graphql-codegen/client-preset',
257 silly Conflicting override sets   key: '@graphql-codegen/client-preset',
257 silly Conflicting override sets   keySpec: '*',
257 silly Conflicting override sets   value: '4.7.0'
257 silly Conflicting override sets } <ref *1> OverrideSet {
257 silly Conflicting override sets   parent: OverrideSet {
257 silly Conflicting override sets     parent: undefined,
257 silly Conflicting override sets     children: Map(5) {
257 silly Conflicting override sets       '@graphql-tools/url-loader' => [Circular *1],
257 silly Conflicting override sets       '@graphql-codegen/client-preset' => [OverrideSet],
257 silly Conflicting override sets       '@graphql-codegen/typescript-operations' => [OverrideSet],
257 silly Conflicting override sets       'minimatch' => [OverrideSet],
257 silly Conflicting override sets       'vite' => [OverrideSet]
257 silly Conflicting override sets     }
257 silly Conflicting override sets   },
257 silly Conflicting override sets   children: Map(0) {},
257 silly Conflicting override sets   name: '@graphql-tools/url-loader',
257 silly Conflicting override sets   key: '@graphql-tools/url-loader',
257 silly Conflicting override sets   keySpec: '*',
257 silly Conflicting override sets   value: '8.0.16'
257 silly Conflicting override sets }
258 silly Conflicting override sets tslib
259 silly Conflicting override sets <ref *1> OverrideSet {
259 silly Conflicting override sets   parent: OverrideSet {
259 silly Conflicting override sets     parent: undefined,
259 silly Conflicting override sets     children: Map(5) {
259 silly Conflicting override sets       '@graphql-tools/url-loader' => [OverrideSet],
259 silly Conflicting override sets       '@graphql-codegen/client-preset' => [Circular *1],
259 silly Conflicting override sets       '@graphql-codegen/typescript-operations' => [OverrideSet],
259 silly Conflicting override sets       'minimatch' => [OverrideSet],
259 silly Conflicting override sets       'vite' => [OverrideSet]
259 silly Conflicting override sets     }
259 silly Conflicting override sets   },
259 silly Conflicting override sets   children: Map(0) {},
259 silly Conflicting override sets   name: '@graphql-codegen/client-preset',
259 silly Conflicting override sets   key: '@graphql-codegen/client-preset',
259 silly Conflicting override sets   keySpec: '*',
259 silly Conflicting override sets   value: '4.7.0'
259 silly Conflicting override sets } <ref *1> OverrideSet {
259 silly Conflicting override sets   parent: OverrideSet {
259 silly Conflicting override sets     parent: undefined,
259 silly Conflicting override sets     children: Map(5) {
259 silly Conflicting override sets       '@graphql-tools/url-loader' => [Circular *1],
259 silly Conflicting override sets       '@graphql-codegen/client-preset' => [OverrideSet],
259 silly Conflicting override sets       '@graphql-codegen/typescript-operations' => [OverrideSet],
259 silly Conflicting override sets       'minimatch' => [OverrideSet],
259 silly Conflicting override sets       'vite' => [OverrideSet]
259 silly Conflicting override sets     }
259 silly Conflicting override sets   },
259 silly Conflicting override sets   children: Map(0) {},
259 silly Conflicting override sets   name: '@graphql-tools/url-loader',
259 silly Conflicting override sets   key: '@graphql-tools/url-loader',
259 silly Conflicting override sets   keySpec: '*',
259 silly Conflicting override sets   value: '8.0.16'
259 silly Conflicting override sets }
260 silly Conflicting override sets tslib
261 silly Conflicting override sets <ref *1> OverrideSet {
261 silly Conflicting override sets   parent: OverrideSet {
261 silly Conflicting override sets     parent: undefined,
261 silly Conflicting override sets     children: Map(5) {
261 silly Conflicting override sets       '@graphql-tools/url-loader' => [OverrideSet],
261 silly Conflicting override sets       '@graphql-codegen/client-preset' => [Circular *1],
261 silly Conflicting override sets       '@graphql-codegen/typescript-operations' => [OverrideSet],
261 silly Conflicting override sets       'minimatch' => [OverrideSet],
261 silly Conflicting override sets       'vite' => [OverrideSet]
261 silly Conflicting override sets     }
261 silly Conflicting override sets   },
261 silly Conflicting override sets   children: Map(0) {},
261 silly Conflicting override sets   name: '@graphql-codegen/client-preset',
261 silly Conflicting override sets   key: '@graphql-codegen/client-preset',
261 silly Conflicting override sets   keySpec: '*',
261 silly Conflicting override sets   value: '4.7.0'
261 silly Conflicting override sets } <ref *1> OverrideSet {
261 silly Conflicting override sets   parent: OverrideSet {
261 silly Conflicting override sets     parent: undefined,
261 silly Conflicting override sets     children: Map(5) {
261 silly Conflicting override sets       '@graphql-tools/url-loader' => [Circular *1],
261 silly Conflicting override sets       '@graphql-codegen/client-preset' => [OverrideSet],
261 silly Conflicting override sets       '@graphql-codegen/typescript-operations' => [OverrideSet],
261 silly Conflicting override sets       'minimatch' => [OverrideSet],
261 silly Conflicting override sets       'vite' => [OverrideSet]
261 silly Conflicting override sets     }
261 silly Conflicting override sets   },
261 silly Conflicting override sets   children: Map(0) {},
261 silly Conflicting override sets   name: '@graphql-tools/url-loader',
261 silly Conflicting override sets   key: '@graphql-tools/url-loader',
261 silly Conflicting override sets   keySpec: '*',
261 silly Conflicting override sets   value: '8.0.16'
261 silly Conflicting override sets }
262 silly Conflicting override sets @graphql-tools/utils
263 silly Conflicting override sets <ref *1> OverrideSet {
263 silly Conflicting override sets   parent: OverrideSet {
263 silly Conflicting override sets     parent: undefined,
263 silly Conflicting override sets     children: Map(5) {
263 silly Conflicting override sets       '@graphql-tools/url-loader' => [OverrideSet],
263 silly Conflicting override sets       '@graphql-codegen/client-preset' => [Circular *1],
263 silly Conflicting override sets       '@graphql-codegen/typescript-operations' => [OverrideSet],
263 silly Conflicting override sets       'minimatch' => [OverrideSet],
263 silly Conflicting override sets       'vite' => [OverrideSet]
263 silly Conflicting override sets     }
263 silly Conflicting override sets   },
263 silly Conflicting override sets   children: Map(0) {},
263 silly Conflicting override sets   name: '@graphql-codegen/client-preset',
263 silly Conflicting override sets   key: '@graphql-codegen/client-preset',
263 silly Conflicting override sets   keySpec: '*',
263 silly Conflicting override sets   value: '4.7.0'
263 silly Conflicting override sets } <ref *1> OverrideSet {
263 silly Conflicting override sets   parent: OverrideSet {
263 silly Conflicting override sets     parent: undefined,
263 silly Conflicting override sets     children: Map(5) {
263 silly Conflicting override sets       '@graphql-tools/url-loader' => [Circular *1],
263 silly Conflicting override sets       '@graphql-codegen/client-preset' => [OverrideSet],
263 silly Conflicting override sets       '@graphql-codegen/typescript-operations' => [OverrideSet],
263 silly Conflicting override sets       'minimatch' => [OverrideSet],
263 silly Conflicting override sets       'vite' => [OverrideSet]
263 silly Conflicting override sets     }
263 silly Conflicting override sets   },
263 silly Conflicting override sets   children: Map(0) {},
263 silly Conflicting override sets   name: '@graphql-tools/url-loader',
263 silly Conflicting override sets   key: '@graphql-tools/url-loader',
263 silly Conflicting override sets   keySpec: '*',
263 silly Conflicting override sets   value: '8.0.16'
263 silly Conflicting override sets }
264 silly Conflicting override sets @graphql-tools/utils
265 silly Conflicting override sets <ref *1> OverrideSet {
265 silly Conflicting override sets   parent: OverrideSet {
265 silly Conflicting override sets     parent: undefined,
265 silly Conflicting override sets     children: Map(5) {
265 silly Conflicting override sets       '@graphql-tools/url-loader' => [OverrideSet],
265 silly Conflicting override sets       '@graphql-codegen/client-preset' => [Circular *1],
265 silly Conflicting override sets       '@graphql-codegen/typescript-operations' => [OverrideSet],
265 silly Conflicting override sets       'minimatch' => [OverrideSet],
265 silly Conflicting override sets       'vite' => [OverrideSet]
265 silly Conflicting override sets     }
265 silly Conflicting override sets   },
265 silly Conflicting override sets   children: Map(0) {},
265 silly Conflicting override sets   name: '@graphql-codegen/client-preset',
265 silly Conflicting override sets   key: '@graphql-codegen/client-preset',
265 silly Conflicting override sets   keySpec: '*',
265 silly Conflicting override sets   value: '4.7.0'
265 silly Conflicting override sets } <ref *1> OverrideSet {
265 silly Conflicting override sets   parent: OverrideSet {
265 silly Conflicting override sets     parent: undefined,
265 silly Conflicting override sets     children: Map(5) {
265 silly Conflicting override sets       '@graphql-tools/url-loader' => [Circular *1],
265 silly Conflicting override sets       '@graphql-codegen/client-preset' => [OverrideSet],
265 silly Conflicting override sets       '@graphql-codegen/typescript-operations' => [OverrideSet],
265 silly Conflicting override sets       'minimatch' => [OverrideSet],
265 silly Conflicting override sets       'vite' => [OverrideSet]
265 silly Conflicting override sets     }
265 silly Conflicting override sets   },
265 silly Conflicting override sets   children: Map(0) {},
265 silly Conflicting override sets   name: '@graphql-tools/url-loader',
265 silly Conflicting override sets   key: '@graphql-tools/url-loader',
265 silly Conflicting override sets   keySpec: '*',
265 silly Conflicting override sets   value: '8.0.16'
265 silly Conflicting override sets }
266 silly Conflicting override sets graphql
267 silly Conflicting override sets <ref *1> OverrideSet {
267 silly Conflicting override sets   parent: OverrideSet {
267 silly Conflicting override sets     parent: undefined,
267 silly Conflicting override sets     children: Map(5) {
267 silly Conflicting override sets       '@graphql-tools/url-loader' => [OverrideSet],
267 silly Conflicting override sets       '@graphql-codegen/client-preset' => [Circular *1],
267 silly Conflicting override sets       '@graphql-codegen/typescript-operations' => [OverrideSet],
267 silly Conflicting override sets       'minimatch' => [OverrideSet],
267 silly Conflicting override sets       'vite' => [OverrideSet]
267 silly Conflicting override sets     }
267 silly Conflicting override sets   },
267 silly Conflicting override sets   children: Map(0) {},
267 silly Conflicting override sets   name: '@graphql-codegen/client-preset',
267 silly Conflicting override sets   key: '@graphql-codegen/client-preset',
267 silly Conflicting override sets   keySpec: '*',
267 silly Conflicting override sets   value: '4.7.0'
267 silly Conflicting override sets } <ref *1> OverrideSet {
267 silly Conflicting override sets   parent: OverrideSet {
267 silly Conflicting override sets     parent: undefined,
267 silly Conflicting override sets     children: Map(5) {
267 silly Conflicting override sets       '@graphql-tools/url-loader' => [Circular *1],
267 silly Conflicting override sets       '@graphql-codegen/client-preset' => [OverrideSet],
267 silly Conflicting override sets       '@graphql-codegen/typescript-operations' => [OverrideSet],
267 silly Conflicting override sets       'minimatch' => [OverrideSet],
267 silly Conflicting override sets       'vite' => [OverrideSet]
267 silly Conflicting override sets     }
267 silly Conflicting override sets   },
267 silly Conflicting override sets   children: Map(0) {},
267 silly Conflicting override sets   name: '@graphql-tools/url-loader',
267 silly Conflicting override sets   key: '@graphql-tools/url-loader',
267 silly Conflicting override sets   keySpec: '*',
267 silly Conflicting override sets   value: '8.0.16'
267 silly Conflicting override sets }
268 silly Conflicting override sets tslib
269 silly Conflicting override sets <ref *1> OverrideSet {
269 silly Conflicting override sets   parent: OverrideSet {
269 silly Conflicting override sets     parent: undefined,
269 silly Conflicting override sets     children: Map(5) {
269 silly Conflicting override sets       '@graphql-tools/url-loader' => [OverrideSet],
269 silly Conflicting override sets       '@graphql-codegen/client-preset' => [Circular *1],
269 silly Conflicting override sets       '@graphql-codegen/typescript-operations' => [OverrideSet],
269 silly Conflicting override sets       'minimatch' => [OverrideSet],
269 silly Conflicting override sets       'vite' => [OverrideSet]
269 silly Conflicting override sets     }
269 silly Conflicting override sets   },
269 silly Conflicting override sets   children: Map(0) {},
269 silly Conflicting override sets   name: '@graphql-codegen/client-preset',
269 silly Conflicting override sets   key: '@graphql-codegen/client-preset',
269 silly Conflicting override sets   keySpec: '*',
269 silly Conflicting override sets   value: '4.7.0'
269 silly Conflicting override sets } <ref *1> OverrideSet {
269 silly Conflicting override sets   parent: OverrideSet {
269 silly Conflicting override sets     parent: undefined,
269 silly Conflicting override sets     children: Map(5) {
269 silly Conflicting override sets       '@graphql-tools/url-loader' => [Circular *1],
269 silly Conflicting override sets       '@graphql-codegen/client-preset' => [OverrideSet],
269 silly Conflicting override sets       '@graphql-codegen/typescript-operations' => [OverrideSet],
269 silly Conflicting override sets       'minimatch' => [OverrideSet],
269 silly Conflicting override sets       'vite' => [OverrideSet]
269 silly Conflicting override sets     }
269 silly Conflicting override sets   },
269 silly Conflicting override sets   children: Map(0) {},
269 silly Conflicting override sets   name: '@graphql-tools/url-loader',
269 silly Conflicting override sets   key: '@graphql-tools/url-loader',
269 silly Conflicting override sets   keySpec: '*',
269 silly Conflicting override sets   value: '8.0.16'
269 silly Conflicting override sets }
270 silly Conflicting override sets graphql
271 silly Conflicting override sets <ref *1> OverrideSet {
271 silly Conflicting override sets   parent: OverrideSet {
271 silly Conflicting override sets     parent: undefined,
271 silly Conflicting override sets     children: Map(5) {
271 silly Conflicting override sets       '@graphql-tools/url-loader' => [OverrideSet],
271 silly Conflicting override sets       '@graphql-codegen/client-preset' => [Circular *1],
271 silly Conflicting override sets       '@graphql-codegen/typescript-operations' => [OverrideSet],
271 silly Conflicting override sets       'minimatch' => [OverrideSet],
271 silly Conflicting override sets       'vite' => [OverrideSet]
271 silly Conflicting override sets     }
271 silly Conflicting override sets   },
271 silly Conflicting override sets   children: Map(0) {},
271 silly Conflicting override sets   name: '@graphql-codegen/client-preset',
271 silly Conflicting override sets   key: '@graphql-codegen/client-preset',
271 silly Conflicting override sets   keySpec: '*',
271 silly Conflicting override sets   value: '4.7.0'
271 silly Conflicting override sets } <ref *1> OverrideSet {
271 silly Conflicting override sets   parent: OverrideSet {
271 silly Conflicting override sets     parent: undefined,
271 silly Conflicting override sets     children: Map(5) {
271 silly Conflicting override sets       '@graphql-tools/url-loader' => [Circular *1],
271 silly Conflicting override sets       '@graphql-codegen/client-preset' => [OverrideSet],
271 silly Conflicting override sets       '@graphql-codegen/typescript-operations' => [OverrideSet],
271 silly Conflicting override sets       'minimatch' => [OverrideSet],
271 silly Conflicting override sets       'vite' => [OverrideSet]
271 silly Conflicting override sets     }
271 silly Conflicting override sets   },
271 silly Conflicting override sets   children: Map(0) {},
271 silly Conflicting override sets   name: '@graphql-tools/url-loader',
271 silly Conflicting override sets   key: '@graphql-tools/url-loader',
271 silly Conflicting override sets   keySpec: '*',
271 silly Conflicting override sets   value: '8.0.16'
271 silly Conflicting override sets }
272 silly Conflicting override sets @graphql-tools/utils
273 silly Conflicting override sets <ref *1> OverrideSet {
273 silly Conflicting override sets   parent: OverrideSet {
273 silly Conflicting override sets     parent: undefined,
273 silly Conflicting override sets     children: Map(5) {
273 silly Conflicting override sets       '@graphql-tools/url-loader' => [OverrideSet],
273 silly Conflicting override sets       '@graphql-codegen/client-preset' => [Circular *1],
273 silly Conflicting override sets       '@graphql-codegen/typescript-operations' => [OverrideSet],
273 silly Conflicting override sets       'minimatch' => [OverrideSet],
273 silly Conflicting override sets       'vite' => [OverrideSet]
273 silly Conflicting override sets     }
273 silly Conflicting override sets   },
273 silly Conflicting override sets   children: Map(0) {},
273 silly Conflicting override sets   name: '@graphql-codegen/client-preset',
273 silly Conflicting override sets   key: '@graphql-codegen/client-preset',
273 silly Conflicting override sets   keySpec: '*',
273 silly Conflicting override sets   value: '4.7.0'
273 silly Conflicting override sets } <ref *1> OverrideSet {
273 silly Conflicting override sets   parent: OverrideSet {
273 silly Conflicting override sets     parent: undefined,
273 silly Conflicting override sets     children: Map(5) {
273 silly Conflicting override sets       '@graphql-tools/url-loader' => [Circular *1],
273 silly Conflicting override sets       '@graphql-codegen/client-preset' => [OverrideSet],
273 silly Conflicting override sets       '@graphql-codegen/typescript-operations' => [OverrideSet],
273 silly Conflicting override sets       'minimatch' => [OverrideSet],
273 silly Conflicting override sets       'vite' => [OverrideSet]
273 silly Conflicting override sets     }
273 silly Conflicting override sets   },
273 silly Conflicting override sets   children: Map(0) {},
273 silly Conflicting override sets   name: '@graphql-tools/url-loader',
273 silly Conflicting override sets   key: '@graphql-tools/url-loader',
273 silly Conflicting override sets   keySpec: '*',
273 silly Conflicting override sets   value: '8.0.16'
273 silly Conflicting override sets }
274 silly Conflicting override sets tslib
275 silly Conflicting override sets <ref *1> OverrideSet {
275 silly Conflicting override sets   parent: OverrideSet {
275 silly Conflicting override sets     parent: undefined,
275 silly Conflicting override sets     children: Map(5) {
275 silly Conflicting override sets       '@graphql-tools/url-loader' => [OverrideSet],
275 silly Conflicting override sets       '@graphql-codegen/client-preset' => [Circular *1],
275 silly Conflicting override sets       '@graphql-codegen/typescript-operations' => [OverrideSet],
275 silly Conflicting override sets       'minimatch' => [OverrideSet],
275 silly Conflicting override sets       'vite' => [OverrideSet]
275 silly Conflicting override sets     }
275 silly Conflicting override sets   },
275 silly Conflicting override sets   children: Map(0) {},
275 silly Conflicting override sets   name: '@graphql-codegen/client-preset',
275 silly Conflicting override sets   key: '@graphql-codegen/client-preset',
275 silly Conflicting override sets   keySpec: '*',
275 silly Conflicting override sets   value: '4.7.0'
275 silly Conflicting override sets } <ref *1> OverrideSet {
275 silly Conflicting override sets   parent: OverrideSet {
275 silly Conflicting override sets     parent: undefined,
275 silly Conflicting override sets     children: Map(5) {
275 silly Conflicting override sets       '@graphql-tools/url-loader' => [Circular *1],
275 silly Conflicting override sets       '@graphql-codegen/client-preset' => [OverrideSet],
275 silly Conflicting override sets       '@graphql-codegen/typescript-operations' => [OverrideSet],
275 silly Conflicting override sets       'minimatch' => [OverrideSet],
275 silly Conflicting override sets       'vite' => [OverrideSet]
275 silly Conflicting override sets     }
275 silly Conflicting override sets   },
275 silly Conflicting override sets   children: Map(0) {},
275 silly Conflicting override sets   name: '@graphql-tools/url-loader',
275 silly Conflicting override sets   key: '@graphql-tools/url-loader',
275 silly Conflicting override sets   keySpec: '*',
275 silly Conflicting override sets   value: '8.0.16'
275 silly Conflicting override sets }
276 silly Conflicting override sets graphql
277 silly Conflicting override sets <ref *1> OverrideSet {
277 silly Conflicting override sets   parent: OverrideSet {
277 silly Conflicting override sets     parent: undefined,
277 silly Conflicting override sets     children: Map(5) {
277 silly Conflicting override sets       '@graphql-tools/url-loader' => [OverrideSet],
277 silly Conflicting override sets       '@graphql-codegen/client-preset' => [Circular *1],
277 silly Conflicting override sets       '@graphql-codegen/typescript-operations' => [OverrideSet],
277 silly Conflicting override sets       'minimatch' => [OverrideSet],
277 silly Conflicting override sets       'vite' => [OverrideSet]
277 silly Conflicting override sets     }
277 silly Conflicting override sets   },
277 silly Conflicting override sets   children: Map(0) {},
277 silly Conflicting override sets   name: '@graphql-codegen/client-preset',
277 silly Conflicting override sets   key: '@graphql-codegen/client-preset',
277 silly Conflicting override sets   keySpec: '*',
277 silly Conflicting override sets   value: '4.7.0'
277 silly Conflicting override sets } <ref *1> OverrideSet {
277 silly Conflicting override sets   parent: OverrideSet {
277 silly Conflicting override sets     parent: undefined,
277 silly Conflicting override sets     children: Map(5) {
277 silly Conflicting override sets       '@graphql-tools/url-loader' => [Circular *1],
277 silly Conflicting override sets       '@graphql-codegen/client-preset' => [OverrideSet],
277 silly Conflicting override sets       '@graphql-codegen/typescript-operations' => [OverrideSet],
277 silly Conflicting override sets       'minimatch' => [OverrideSet],
277 silly Conflicting override sets       'vite' => [OverrideSet]
277 silly Conflicting override sets     }
277 silly Conflicting override sets   },
277 silly Conflicting override sets   children: Map(0) {},
277 silly Conflicting override sets   name: '@graphql-tools/url-loader',
277 silly Conflicting override sets   key: '@graphql-tools/url-loader',
277 silly Conflicting override sets   keySpec: '*',
277 silly Conflicting override sets   value: '8.0.16'
277 silly Conflicting override sets }
278 silly Conflicting override sets @graphql-tools/utils
279 silly Conflicting override sets <ref *1> OverrideSet {
279 silly Conflicting override sets   parent: OverrideSet {
279 silly Conflicting override sets     parent: undefined,
279 silly Conflicting override sets     children: Map(5) {
279 silly Conflicting override sets       '@graphql-tools/url-loader' => [OverrideSet],
279 silly Conflicting override sets       '@graphql-codegen/client-preset' => [Circular *1],
279 silly Conflicting override sets       '@graphql-codegen/typescript-operations' => [OverrideSet],
279 silly Conflicting override sets       'minimatch' => [OverrideSet],
279 silly Conflicting override sets       'vite' => [OverrideSet]
279 silly Conflicting override sets     }
279 silly Conflicting override sets   },
279 silly Conflicting override sets   children: Map(0) {},
279 silly Conflicting override sets   name: '@graphql-codegen/client-preset',
279 silly Conflicting override sets   key: '@graphql-codegen/client-preset',
279 silly Conflicting override sets   keySpec: '*',
279 silly Conflicting override sets   value: '4.7.0'
279 silly Conflicting override sets } <ref *1> OverrideSet {
279 silly Conflicting override sets   parent: OverrideSet {
279 silly Conflicting override sets     parent: undefined,
279 silly Conflicting override sets     children: Map(5) {
279 silly Conflicting override sets       '@graphql-tools/url-loader' => [Circular *1],
279 silly Conflicting override sets       '@graphql-codegen/client-preset' => [OverrideSet],
279 silly Conflicting override sets       '@graphql-codegen/typescript-operations' => [OverrideSet],
279 silly Conflicting override sets       'minimatch' => [OverrideSet],
279 silly Conflicting override sets       'vite' => [OverrideSet]
279 silly Conflicting override sets     }
279 silly Conflicting override sets   },
279 silly Conflicting override sets   children: Map(0) {},
279 silly Conflicting override sets   name: '@graphql-tools/url-loader',
279 silly Conflicting override sets   key: '@graphql-tools/url-loader',
279 silly Conflicting override sets   keySpec: '*',
279 silly Conflicting override sets   value: '8.0.16'
279 silly Conflicting override sets }
280 silly Conflicting override sets tslib
281 silly Conflicting override sets <ref *1> OverrideSet {
281 silly Conflicting override sets   parent: OverrideSet {
281 silly Conflicting override sets     parent: undefined,
281 silly Conflicting override sets     children: Map(5) {
281 silly Conflicting override sets       '@graphql-tools/url-loader' => [OverrideSet],
281 silly Conflicting override sets       '@graphql-codegen/client-preset' => [Circular *1],
281 silly Conflicting override sets       '@graphql-codegen/typescript-operations' => [OverrideSet],
281 silly Conflicting override sets       'minimatch' => [OverrideSet],
281 silly Conflicting override sets       'vite' => [OverrideSet]
281 silly Conflicting override sets     }
281 silly Conflicting override sets   },
281 silly Conflicting override sets   children: Map(0) {},
281 silly Conflicting override sets   name: '@graphql-codegen/client-preset',
281 silly Conflicting override sets   key: '@graphql-codegen/client-preset',
281 silly Conflicting override sets   keySpec: '*',
281 silly Conflicting override sets   value: '4.7.0'
281 silly Conflicting override sets } <ref *1> OverrideSet {
281 silly Conflicting override sets   parent: OverrideSet {
281 silly Conflicting override sets     parent: undefined,
281 silly Conflicting override sets     children: Map(5) {
281 silly Conflicting override sets       '@graphql-tools/url-loader' => [Circular *1],
281 silly Conflicting override sets       '@graphql-codegen/client-preset' => [OverrideSet],
281 silly Conflicting override sets       '@graphql-codegen/typescript-operations' => [OverrideSet],
281 silly Conflicting override sets       'minimatch' => [OverrideSet],
281 silly Conflicting override sets       'vite' => [OverrideSet]
281 silly Conflicting override sets     }
281 silly Conflicting override sets   },
281 silly Conflicting override sets   children: Map(0) {},
281 silly Conflicting override sets   name: '@graphql-tools/url-loader',
281 silly Conflicting override sets   key: '@graphql-tools/url-loader',
281 silly Conflicting override sets   keySpec: '*',
281 silly Conflicting override sets   value: '8.0.16'
281 silly Conflicting override sets }
282 silly Conflicting override sets @graphql-tools/utils
283 silly Conflicting override sets <ref *1> OverrideSet {
283 silly Conflicting override sets   parent: OverrideSet {
283 silly Conflicting override sets     parent: undefined,
283 silly Conflicting override sets     children: Map(5) {
283 silly Conflicting override sets       '@graphql-tools/url-loader' => [OverrideSet],
283 silly Conflicting override sets       '@graphql-codegen/client-preset' => [Circular *1],
283 silly Conflicting override sets       '@graphql-codegen/typescript-operations' => [OverrideSet],
283 silly Conflicting override sets       'minimatch' => [OverrideSet],
283 silly Conflicting override sets       'vite' => [OverrideSet]
283 silly Conflicting override sets     }
283 silly Conflicting override sets   },
283 silly Conflicting override sets   children: Map(0) {},
283 silly Conflicting override sets   name: '@graphql-codegen/client-preset',
283 silly Conflicting override sets   key: '@graphql-codegen/client-preset',
283 silly Conflicting override sets   keySpec: '*',
283 silly Conflicting override sets   value: '4.7.0'
283 silly Conflicting override sets } <ref *1> OverrideSet {
283 silly Conflicting override sets   parent: OverrideSet {
283 silly Conflicting override sets     parent: undefined,
283 silly Conflicting override sets     children: Map(5) {
283 silly Conflicting override sets       '@graphql-tools/url-loader' => [Circular *1],
283 silly Conflicting override sets       '@graphql-codegen/client-preset' => [OverrideSet],
283 silly Conflicting override sets       '@graphql-codegen/typescript-operations' => [OverrideSet],
283 silly Conflicting override sets       'minimatch' => [OverrideSet],
283 silly Conflicting override sets       'vite' => [OverrideSet]
283 silly Conflicting override sets     }
283 silly Conflicting override sets   },
283 silly Conflicting override sets   children: Map(0) {},
283 silly Conflicting override sets   name: '@graphql-tools/url-loader',
283 silly Conflicting override sets   key: '@graphql-tools/url-loader',
283 silly Conflicting override sets   keySpec: '*',
283 silly Conflicting override sets   value: '8.0.16'
283 silly Conflicting override sets }
284 silly Conflicting override sets graphql
285 silly Conflicting override sets <ref *1> OverrideSet {
285 silly Conflicting override sets   parent: OverrideSet {
285 silly Conflicting override sets     parent: undefined,
285 silly Conflicting override sets     children: Map(5) {
285 silly Conflicting override sets       '@graphql-tools/url-loader' => [OverrideSet],
285 silly Conflicting override sets       '@graphql-codegen/client-preset' => [Circular *1],
285 silly Conflicting override sets       '@graphql-codegen/typescript-operations' => [OverrideSet],
285 silly Conflicting override sets       'minimatch' => [OverrideSet],
285 silly Conflicting override sets       'vite' => [OverrideSet]
285 silly Conflicting override sets     }
285 silly Conflicting override sets   },
285 silly Conflicting override sets   children: Map(0) {},
285 silly Conflicting override sets   name: '@graphql-codegen/client-preset',
285 silly Conflicting override sets   key: '@graphql-codegen/client-preset',
285 silly Conflicting override sets   keySpec: '*',
285 silly Conflicting override sets   value: '4.7.0'
285 silly Conflicting override sets } <ref *1> OverrideSet {
285 silly Conflicting override sets   parent: OverrideSet {
285 silly Conflicting override sets     parent: undefined,
285 silly Conflicting override sets     children: Map(5) {
285 silly Conflicting override sets       '@graphql-tools/url-loader' => [Circular *1],
285 silly Conflicting override sets       '@graphql-codegen/client-preset' => [OverrideSet],
285 silly Conflicting override sets       '@graphql-codegen/typescript-operations' => [OverrideSet],
285 silly Conflicting override sets       'minimatch' => [OverrideSet],
285 silly Conflicting override sets       'vite' => [OverrideSet]
285 silly Conflicting override sets     }
285 silly Conflicting override sets   },
285 silly Conflicting override sets   children: Map(0) {},
285 silly Conflicting override sets   name: '@graphql-tools/url-loader',
285 silly Conflicting override sets   key: '@graphql-tools/url-loader',
285 silly Conflicting override sets   keySpec: '*',
285 silly Conflicting override sets   value: '8.0.16'
285 silly Conflicting override sets }
286 silly Conflicting override sets graphql
287 silly Conflicting override sets <ref *1> OverrideSet {
287 silly Conflicting override sets   parent: OverrideSet {
287 silly Conflicting override sets     parent: undefined,
287 silly Conflicting override sets     children: Map(5) {
287 silly Conflicting override sets       '@graphql-tools/url-loader' => [OverrideSet],
287 silly Conflicting override sets       '@graphql-codegen/client-preset' => [Circular *1],
287 silly Conflicting override sets       '@graphql-codegen/typescript-operations' => [OverrideSet],
287 silly Conflicting override sets       'minimatch' => [OverrideSet],
287 silly Conflicting override sets       'vite' => [OverrideSet]
287 silly Conflicting override sets     }
287 silly Conflicting override sets   },
287 silly Conflicting override sets   children: Map(0) {},
287 silly Conflicting override sets   name: '@graphql-codegen/client-preset',
287 silly Conflicting override sets   key: '@graphql-codegen/client-preset',
287 silly Conflicting override sets   keySpec: '*',
287 silly Conflicting override sets   value: '4.7.0'
287 silly Conflicting override sets } <ref *1> OverrideSet {
287 silly Conflicting override sets   parent: OverrideSet {
287 silly Conflicting override sets     parent: undefined,
287 silly Conflicting override sets     children: Map(5) {
287 silly Conflicting override sets       '@graphql-tools/url-loader' => [Circular *1],
287 silly Conflicting override sets       '@graphql-codegen/client-preset' => [OverrideSet],
287 silly Conflicting override sets       '@graphql-codegen/typescript-operations' => [OverrideSet],
287 silly Conflicting override sets       'minimatch' => [OverrideSet],
287 silly Conflicting override sets       'vite' => [OverrideSet]
287 silly Conflicting override sets     }
287 silly Conflicting override sets   },
287 silly Conflicting override sets   children: Map(0) {},
287 silly Conflicting override sets   name: '@graphql-tools/url-loader',
287 silly Conflicting override sets   key: '@graphql-tools/url-loader',
287 silly Conflicting override sets   keySpec: '*',
287 silly Conflicting override sets   value: '8.0.16'
287 silly Conflicting override sets }
288 silly Conflicting override sets graphql
289 silly Conflicting override sets <ref *1> OverrideSet {
289 silly Conflicting override sets   parent: OverrideSet {
289 silly Conflicting override sets     parent: undefined,
289 silly Conflicting override sets     children: Map(5) {
289 silly Conflicting override sets       '@graphql-tools/url-loader' => [OverrideSet],
289 silly Conflicting override sets       '@graphql-codegen/client-preset' => [Circular *1],
289 silly Conflicting override sets       '@graphql-codegen/typescript-operations' => [OverrideSet],
289 silly Conflicting override sets       'minimatch' => [OverrideSet],
289 silly Conflicting override sets       'vite' => [OverrideSet]
289 silly Conflicting override sets     }
289 silly Conflicting override sets   },
289 silly Conflicting override sets   children: Map(0) {},
289 silly Conflicting override sets   name: '@graphql-codegen/client-preset',
289 silly Conflicting override sets   key: '@graphql-codegen/client-preset',
289 silly Conflicting override sets   keySpec: '*',
289 silly Conflicting override sets   value: '4.7.0'
289 silly Conflicting override sets } <ref *1> OverrideSet {
289 silly Conflicting override sets   parent: OverrideSet {
289 silly Conflicting override sets     parent: undefined,
289 silly Conflicting override sets     children: Map(5) {
289 silly Conflicting override sets       '@graphql-tools/url-loader' => [Circular *1],
289 silly Conflicting override sets       '@graphql-codegen/client-preset' => [OverrideSet],
289 silly Conflicting override sets       '@graphql-codegen/typescript-operations' => [OverrideSet],
289 silly Conflicting override sets       'minimatch' => [OverrideSet],
289 silly Conflicting override sets       'vite' => [OverrideSet]
289 silly Conflicting override sets     }
289 silly Conflicting override sets   },
289 silly Conflicting override sets   children: Map(0) {},
289 silly Conflicting override sets   name: '@graphql-tools/url-loader',
289 silly Conflicting override sets   key: '@graphql-tools/url-loader',
289 silly Conflicting override sets   keySpec: '*',
289 silly Conflicting override sets   value: '8.0.16'
289 silly Conflicting override sets }
290 silly Conflicting override sets @graphql-tools/utils
291 silly Conflicting override sets <ref *1> OverrideSet {
291 silly Conflicting override sets   parent: OverrideSet {
291 silly Conflicting override sets     parent: undefined,
291 silly Conflicting override sets     children: Map(5) {
291 silly Conflicting override sets       '@graphql-tools/url-loader' => [OverrideSet],
291 silly Conflicting override sets       '@graphql-codegen/client-preset' => [Circular *1],
291 silly Conflicting override sets       '@graphql-codegen/typescript-operations' => [OverrideSet],
291 silly Conflicting override sets       'minimatch' => [OverrideSet],
291 silly Conflicting override sets       'vite' => [OverrideSet]
291 silly Conflicting override sets     }
291 silly Conflicting override sets   },
291 silly Conflicting override sets   children: Map(0) {},
291 silly Conflicting override sets   name: '@graphql-codegen/client-preset',
291 silly Conflicting override sets   key: '@graphql-codegen/client-preset',
291 silly Conflicting override sets   keySpec: '*',
291 silly Conflicting override sets   value: '4.7.0'
291 silly Conflicting override sets } <ref *1> OverrideSet {
291 silly Conflicting override sets   parent: OverrideSet {
291 silly Conflicting override sets     parent: undefined,
291 silly Conflicting override sets     children: Map(5) {
291 silly Conflicting override sets       '@graphql-tools/url-loader' => [Circular *1],
291 silly Conflicting override sets       '@graphql-codegen/client-preset' => [OverrideSet],
291 silly Conflicting override sets       '@graphql-codegen/typescript-operations' => [OverrideSet],
291 silly Conflicting override sets       'minimatch' => [OverrideSet],
291 silly Conflicting override sets       'vite' => [OverrideSet]
291 silly Conflicting override sets     }
291 silly Conflicting override sets   },
291 silly Conflicting override sets   children: Map(0) {},
291 silly Conflicting override sets   name: '@graphql-tools/url-loader',
291 silly Conflicting override sets   key: '@graphql-tools/url-loader',
291 silly Conflicting override sets   keySpec: '*',
291 silly Conflicting override sets   value: '8.0.16'
291 silly Conflicting override sets }
292 silly Conflicting override sets tslib
293 silly Conflicting override sets <ref *1> OverrideSet {
293 silly Conflicting override sets   parent: OverrideSet {
293 silly Conflicting override sets     parent: undefined,
293 silly Conflicting override sets     children: Map(5) {
293 silly Conflicting override sets       '@graphql-tools/url-loader' => [OverrideSet],
293 silly Conflicting override sets       '@graphql-codegen/client-preset' => [Circular *1],
293 silly Conflicting override sets       '@graphql-codegen/typescript-operations' => [OverrideSet],
293 silly Conflicting override sets       'minimatch' => [OverrideSet],
293 silly Conflicting override sets       'vite' => [OverrideSet]
293 silly Conflicting override sets     }
293 silly Conflicting override sets   },
293 silly Conflicting override sets   children: Map(0) {},
293 silly Conflicting override sets   name: '@graphql-codegen/client-preset',
293 silly Conflicting override sets   key: '@graphql-codegen/client-preset',
293 silly Conflicting override sets   keySpec: '*',
293 silly Conflicting override sets   value: '4.7.0'
293 silly Conflicting override sets } <ref *1> OverrideSet {
293 silly Conflicting override sets   parent: OverrideSet {
293 silly Conflicting override sets     parent: undefined,
293 silly Conflicting override sets     children: Map(5) {
293 silly Conflicting override sets       '@graphql-tools/url-loader' => [Circular *1],
293 silly Conflicting override sets       '@graphql-codegen/client-preset' => [OverrideSet],
293 silly Conflicting override sets       '@graphql-codegen/typescript-operations' => [OverrideSet],
293 silly Conflicting override sets       'minimatch' => [OverrideSet],
293 silly Conflicting override sets       'vite' => [OverrideSet]
293 silly Conflicting override sets     }
293 silly Conflicting override sets   },
293 silly Conflicting override sets   children: Map(0) {},
293 silly Conflicting override sets   name: '@graphql-tools/url-loader',
293 silly Conflicting override sets   key: '@graphql-tools/url-loader',
293 silly Conflicting override sets   keySpec: '*',
293 silly Conflicting override sets   value: '8.0.16'
293 silly Conflicting override sets }
294 silly Conflicting override sets graphql
295 silly Conflicting override sets <ref *1> OverrideSet {
295 silly Conflicting override sets   parent: OverrideSet {
295 silly Conflicting override sets     parent: undefined,
295 silly Conflicting override sets     children: Map(5) {
295 silly Conflicting override sets       '@graphql-tools/url-loader' => [OverrideSet],
295 silly Conflicting override sets       '@graphql-codegen/client-preset' => [Circular *1],
295 silly Conflicting override sets       '@graphql-codegen/typescript-operations' => [OverrideSet],
295 silly Conflicting override sets       'minimatch' => [OverrideSet],
295 silly Conflicting override sets       'vite' => [OverrideSet]
295 silly Conflicting override sets     }
295 silly Conflicting override sets   },
295 silly Conflicting override sets   children: Map(0) {},
295 silly Conflicting override sets   name: '@graphql-codegen/client-preset',
295 silly Conflicting override sets   key: '@graphql-codegen/client-preset',
295 silly Conflicting override sets   keySpec: '*',
295 silly Conflicting override sets   value: '4.7.0'
295 silly Conflicting override sets } <ref *1> OverrideSet {
295 silly Conflicting override sets   parent: OverrideSet {
295 silly Conflicting override sets     parent: undefined,
295 silly Conflicting override sets     children: Map(5) {
295 silly Conflicting override sets       '@graphql-tools/url-loader' => [Circular *1],
295 silly Conflicting override sets       '@graphql-codegen/client-preset' => [OverrideSet],
295 silly Conflicting override sets       '@graphql-codegen/typescript-operations' => [OverrideSet],
295 silly Conflicting override sets       'minimatch' => [OverrideSet],
295 silly Conflicting override sets       'vite' => [OverrideSet]
295 silly Conflicting override sets     }
295 silly Conflicting override sets   },
295 silly Conflicting override sets   children: Map(0) {},
295 silly Conflicting override sets   name: '@graphql-tools/url-loader',
295 silly Conflicting override sets   key: '@graphql-tools/url-loader',
295 silly Conflicting override sets   keySpec: '*',
295 silly Conflicting override sets   value: '8.0.16'
295 silly Conflicting override sets }
296 silly Conflicting override sets @graphql-tools/utils
297 silly Conflicting override sets <ref *1> OverrideSet {
297 silly Conflicting override sets   parent: OverrideSet {
297 silly Conflicting override sets     parent: undefined,
297 silly Conflicting override sets     children: Map(5) {
297 silly Conflicting override sets       '@graphql-tools/url-loader' => [OverrideSet],
297 silly Conflicting override sets       '@graphql-codegen/client-preset' => [Circular *1],
297 silly Conflicting override sets       '@graphql-codegen/typescript-operations' => [OverrideSet],
297 silly Conflicting override sets       'minimatch' => [OverrideSet],
297 silly Conflicting override sets       'vite' => [OverrideSet]
297 silly Conflicting override sets     }
297 silly Conflicting override sets   },
297 silly Conflicting override sets   children: Map(0) {},
297 silly Conflicting override sets   name: '@graphql-codegen/client-preset',
297 silly Conflicting override sets   key: '@graphql-codegen/client-preset',
297 silly Conflicting override sets   keySpec: '*',
297 silly Conflicting override sets   value: '4.7.0'
297 silly Conflicting override sets } <ref *1> OverrideSet {
297 silly Conflicting override sets   parent: OverrideSet {
297 silly Conflicting override sets     parent: undefined,
297 silly Conflicting override sets     children: Map(5) {
297 silly Conflicting override sets       '@graphql-tools/url-loader' => [Circular *1],
297 silly Conflicting override sets       '@graphql-codegen/client-preset' => [OverrideSet],
297 silly Conflicting override sets       '@graphql-codegen/typescript-operations' => [OverrideSet],
297 silly Conflicting override sets       'minimatch' => [OverrideSet],
297 silly Conflicting override sets       'vite' => [OverrideSet]
297 silly Conflicting override sets     }
297 silly Conflicting override sets   },
297 silly Conflicting override sets   children: Map(0) {},
297 silly Conflicting override sets   name: '@graphql-tools/url-loader',
297 silly Conflicting override sets   key: '@graphql-tools/url-loader',
297 silly Conflicting override sets   keySpec: '*',
297 silly Conflicting override sets   value: '8.0.16'
297 silly Conflicting override sets }
298 silly Conflicting override sets @graphql-typed-document-node/core
299 silly Conflicting override sets <ref *1> OverrideSet {
299 silly Conflicting override sets   parent: OverrideSet {
299 silly Conflicting override sets     parent: undefined,
299 silly Conflicting override sets     children: Map(5) {
299 silly Conflicting override sets       '@graphql-tools/url-loader' => [OverrideSet],
299 silly Conflicting override sets       '@graphql-codegen/client-preset' => [Circular *1],
299 silly Conflicting override sets       '@graphql-codegen/typescript-operations' => [OverrideSet],
299 silly Conflicting override sets       'minimatch' => [OverrideSet],
299 silly Conflicting override sets       'vite' => [OverrideSet]
299 silly Conflicting override sets     }
299 silly Conflicting override sets   },
299 silly Conflicting override sets   children: Map(0) {},
299 silly Conflicting override sets   name: '@graphql-codegen/client-preset',
299 silly Conflicting override sets   key: '@graphql-codegen/client-preset',
299 silly Conflicting override sets   keySpec: '*',
299 silly Conflicting override sets   value: '4.7.0'
299 silly Conflicting override sets } <ref *1> OverrideSet {
299 silly Conflicting override sets   parent: OverrideSet {
299 silly Conflicting override sets     parent: undefined,
299 silly Conflicting override sets     children: Map(5) {
299 silly Conflicting override sets       '@graphql-tools/url-loader' => [Circular *1],
299 silly Conflicting override sets       '@graphql-codegen/client-preset' => [OverrideSet],
299 silly Conflicting override sets       '@graphql-codegen/typescript-operations' => [OverrideSet],
299 silly Conflicting override sets       'minimatch' => [OverrideSet],
299 silly Conflicting override sets       'vite' => [OverrideSet]
299 silly Conflicting override sets     }
299 silly Conflicting override sets   },
299 silly Conflicting override sets   children: Map(0) {},
299 silly Conflicting override sets   name: '@graphql-tools/url-loader',
299 silly Conflicting override sets   key: '@graphql-tools/url-loader',
299 silly Conflicting override sets   keySpec: '*',
299 silly Conflicting override sets   value: '8.0.16'
299 silly Conflicting override sets }
300 silly Conflicting override sets tslib
301 silly Conflicting override sets <ref *1> OverrideSet {
301 silly Conflicting override sets   parent: OverrideSet {
301 silly Conflicting override sets     parent: undefined,
301 silly Conflicting override sets     children: Map(5) {
301 silly Conflicting override sets       '@graphql-tools/url-loader' => [OverrideSet],
301 silly Conflicting override sets       '@graphql-codegen/client-preset' => [Circular *1],
301 silly Conflicting override sets       '@graphql-codegen/typescript-operations' => [OverrideSet],
301 silly Conflicting override sets       'minimatch' => [OverrideSet],
301 silly Conflicting override sets       'vite' => [OverrideSet]
301 silly Conflicting override sets     }
301 silly Conflicting override sets   },
301 silly Conflicting override sets   children: Map(0) {},
301 silly Conflicting override sets   name: '@graphql-codegen/client-preset',
301 silly Conflicting override sets   key: '@graphql-codegen/client-preset',
301 silly Conflicting override sets   keySpec: '*',
301 silly Conflicting override sets   value: '4.7.0'
301 silly Conflicting override sets } <ref *1> OverrideSet {
301 silly Conflicting override sets   parent: OverrideSet {
301 silly Conflicting override sets     parent: undefined,
301 silly Conflicting override sets     children: Map(5) {
301 silly Conflicting override sets       '@graphql-tools/url-loader' => [Circular *1],
301 silly Conflicting override sets       '@graphql-codegen/client-preset' => [OverrideSet],
301 silly Conflicting override sets       '@graphql-codegen/typescript-operations' => [OverrideSet],
301 silly Conflicting override sets       'minimatch' => [OverrideSet],
301 silly Conflicting override sets       'vite' => [OverrideSet]
301 silly Conflicting override sets     }
301 silly Conflicting override sets   },
301 silly Conflicting override sets   children: Map(0) {},
301 silly Conflicting override sets   name: '@graphql-tools/url-loader',
301 silly Conflicting override sets   key: '@graphql-tools/url-loader',
301 silly Conflicting override sets   keySpec: '*',
301 silly Conflicting override sets   value: '8.0.16'
301 silly Conflicting override sets }
302 silly Conflicting override sets graphql
303 silly Conflicting override sets <ref *1> OverrideSet {
303 silly Conflicting override sets   parent: OverrideSet {
303 silly Conflicting override sets     parent: undefined,
303 silly Conflicting override sets     children: Map(5) {
303 silly Conflicting override sets       '@graphql-tools/url-loader' => [OverrideSet],
303 silly Conflicting override sets       '@graphql-codegen/client-preset' => [Circular *1],
303 silly Conflicting override sets       '@graphql-codegen/typescript-operations' => [OverrideSet],
303 silly Conflicting override sets       'minimatch' => [OverrideSet],
303 silly Conflicting override sets       'vite' => [OverrideSet]
303 silly Conflicting override sets     }
303 silly Conflicting override sets   },
303 silly Conflicting override sets   children: Map(0) {},
303 silly Conflicting override sets   name: '@graphql-codegen/client-preset',
303 silly Conflicting override sets   key: '@graphql-codegen/client-preset',
303 silly Conflicting override sets   keySpec: '*',
303 silly Conflicting override sets   value: '4.7.0'
303 silly Conflicting override sets } <ref *1> OverrideSet {
303 silly Conflicting override sets   parent: OverrideSet {
303 silly Conflicting override sets     parent: undefined,
303 silly Conflicting override sets     children: Map(5) {
303 silly Conflicting override sets       '@graphql-tools/url-loader' => [Circular *1],
303 silly Conflicting override sets       '@graphql-codegen/client-preset' => [OverrideSet],
303 silly Conflicting override sets       '@graphql-codegen/typescript-operations' => [OverrideSet],
303 silly Conflicting override sets       'minimatch' => [OverrideSet],
303 silly Conflicting override sets       'vite' => [OverrideSet]
303 silly Conflicting override sets     }
303 silly Conflicting override sets   },
303 silly Conflicting override sets   children: Map(0) {},
303 silly Conflicting override sets   name: '@graphql-tools/url-loader',
303 silly Conflicting override sets   key: '@graphql-tools/url-loader',
303 silly Conflicting override sets   keySpec: '*',
303 silly Conflicting override sets   value: '8.0.16'
303 silly Conflicting override sets }
304 silly Conflicting override sets graphql
305 silly Conflicting override sets <ref *1> OverrideSet {
305 silly Conflicting override sets   parent: OverrideSet {
305 silly Conflicting override sets     parent: undefined,
305 silly Conflicting override sets     children: Map(5) {
305 silly Conflicting override sets       '@graphql-tools/url-loader' => [OverrideSet],
305 silly Conflicting override sets       '@graphql-codegen/client-preset' => [Circular *1],
305 silly Conflicting override sets       '@graphql-codegen/typescript-operations' => [OverrideSet],
305 silly Conflicting override sets       'minimatch' => [OverrideSet],
305 silly Conflicting override sets       'vite' => [OverrideSet]
305 silly Conflicting override sets     }
305 silly Conflicting override sets   },
305 silly Conflicting override sets   children: Map(0) {},
305 silly Conflicting override sets   name: '@graphql-codegen/client-preset',
305 silly Conflicting override sets   key: '@graphql-codegen/client-preset',
305 silly Conflicting override sets   keySpec: '*',
305 silly Conflicting override sets   value: '4.7.0'
305 silly Conflicting override sets } <ref *1> OverrideSet {
305 silly Conflicting override sets   parent: OverrideSet {
305 silly Conflicting override sets     parent: undefined,
305 silly Conflicting override sets     children: Map(5) {
305 silly Conflicting override sets       '@graphql-tools/url-loader' => [Circular *1],
305 silly Conflicting override sets       '@graphql-codegen/client-preset' => [OverrideSet],
305 silly Conflicting override sets       '@graphql-codegen/typescript-operations' => [OverrideSet],
305 silly Conflicting override sets       'minimatch' => [OverrideSet],
305 silly Conflicting override sets       'vite' => [OverrideSet]
305 silly Conflicting override sets     }
305 silly Conflicting override sets   },
305 silly Conflicting override sets   children: Map(0) {},
305 silly Conflicting override sets   name: '@graphql-tools/url-loader',
305 silly Conflicting override sets   key: '@graphql-tools/url-loader',
305 silly Conflicting override sets   keySpec: '*',
305 silly Conflicting override sets   value: '8.0.16'
305 silly Conflicting override sets }
306 silly Conflicting override sets @graphql-tools/utils
307 silly Conflicting override sets <ref *1> OverrideSet {
307 silly Conflicting override sets   parent: OverrideSet {
307 silly Conflicting override sets     parent: undefined,
307 silly Conflicting override sets     children: Map(5) {
307 silly Conflicting override sets       '@graphql-tools/url-loader' => [OverrideSet],
307 silly Conflicting override sets       '@graphql-codegen/client-preset' => [Circular *1],
307 silly Conflicting override sets       '@graphql-codegen/typescript-operations' => [OverrideSet],
307 silly Conflicting override sets       'minimatch' => [OverrideSet],
307 silly Conflicting override sets       'vite' => [OverrideSet]
307 silly Conflicting override sets     }
307 silly Conflicting override sets   },
307 silly Conflicting override sets   children: Map(0) {},
307 silly Conflicting override sets   name: '@graphql-codegen/client-preset',
307 silly Conflicting override sets   key: '@graphql-codegen/client-preset',
307 silly Conflicting override sets   keySpec: '*',
307 silly Conflicting override sets   value: '4.7.0'
307 silly Conflicting override sets } <ref *1> OverrideSet {
307 silly Conflicting override sets   parent: OverrideSet {
307 silly Conflicting override sets     parent: undefined,
307 silly Conflicting override sets     children: Map(5) {
307 silly Conflicting override sets       '@graphql-tools/url-loader' => [Circular *1],
307 silly Conflicting override sets       '@graphql-codegen/client-preset' => [OverrideSet],
307 silly Conflicting override sets       '@graphql-codegen/typescript-operations' => [OverrideSet],
307 silly Conflicting override sets       'minimatch' => [OverrideSet],
307 silly Conflicting override sets       'vite' => [OverrideSet]
307 silly Conflicting override sets     }
307 silly Conflicting override sets   },
307 silly Conflicting override sets   children: Map(0) {},
307 silly Conflicting override sets   name: '@graphql-tools/url-loader',
307 silly Conflicting override sets   key: '@graphql-tools/url-loader',
307 silly Conflicting override sets   keySpec: '*',
307 silly Conflicting override sets   value: '8.0.16'
307 silly Conflicting override sets }
308 silly Conflicting override sets tslib
309 silly Conflicting override sets <ref *1> OverrideSet {
309 silly Conflicting override sets   parent: OverrideSet {
309 silly Conflicting override sets     parent: undefined,
309 silly Conflicting override sets     children: Map(5) {
309 silly Conflicting override sets       '@graphql-tools/url-loader' => [OverrideSet],
309 silly Conflicting override sets       '@graphql-codegen/client-preset' => [Circular *1],
309 silly Conflicting override sets       '@graphql-codegen/typescript-operations' => [OverrideSet],
309 silly Conflicting override sets       'minimatch' => [OverrideSet],
309 silly Conflicting override sets       'vite' => [OverrideSet]
309 silly Conflicting override sets     }
309 silly Conflicting override sets   },
309 silly Conflicting override sets   children: Map(0) {},
309 silly Conflicting override sets   name: '@graphql-codegen/client-preset',
309 silly Conflicting override sets   key: '@graphql-codegen/client-preset',
309 silly Conflicting override sets   keySpec: '*',
309 silly Conflicting override sets   value: '4.7.0'
309 silly Conflicting override sets } <ref *1> OverrideSet {
309 silly Conflicting override sets   parent: OverrideSet {
309 silly Conflicting override sets     parent: undefined,
309 silly Conflicting override sets     children: Map(5) {
309 silly Conflicting override sets       '@graphql-tools/url-loader' => [Circular *1],
309 silly Conflicting override sets       '@graphql-codegen/client-preset' => [OverrideSet],
309 silly Conflicting override sets       '@graphql-codegen/typescript-operations' => [OverrideSet],
309 silly Conflicting override sets       'minimatch' => [OverrideSet],
309 silly Conflicting override sets       'vite' => [OverrideSet]
309 silly Conflicting override sets     }
309 silly Conflicting override sets   },
309 silly Conflicting override sets   children: Map(0) {},
309 silly Conflicting override sets   name: '@graphql-tools/url-loader',
309 silly Conflicting override sets   key: '@graphql-tools/url-loader',
309 silly Conflicting override sets   keySpec: '*',
309 silly Conflicting override sets   value: '8.0.16'
309 silly Conflicting override sets }
310 silly Conflicting override sets @graphql-tools/utils
311 silly Conflicting override sets <ref *1> OverrideSet {
311 silly Conflicting override sets   parent: OverrideSet {
311 silly Conflicting override sets     parent: undefined,
311 silly Conflicting override sets     children: Map(5) {
311 silly Conflicting override sets       '@graphql-tools/url-loader' => [OverrideSet],
311 silly Conflicting override sets       '@graphql-codegen/client-preset' => [Circular *1],
311 silly Conflicting override sets       '@graphql-codegen/typescript-operations' => [OverrideSet],
311 silly Conflicting override sets       'minimatch' => [OverrideSet],
311 silly Conflicting override sets       'vite' => [OverrideSet]
311 silly Conflicting override sets     }
311 silly Conflicting override sets   },
311 silly Conflicting override sets   children: Map(0) {},
311 silly Conflicting override sets   name: '@graphql-codegen/client-preset',
311 silly Conflicting override sets   key: '@graphql-codegen/client-preset',
311 silly Conflicting override sets   keySpec: '*',
311 silly Conflicting override sets   value: '4.7.0'
311 silly Conflicting override sets } <ref *1> OverrideSet {
311 silly Conflicting override sets   parent: OverrideSet {
311 silly Conflicting override sets     parent: undefined,
311 silly Conflicting override sets     children: Map(5) {
311 silly Conflicting override sets       '@graphql-tools/url-loader' => [Circular *1],
311 silly Conflicting override sets       '@graphql-codegen/client-preset' => [OverrideSet],
311 silly Conflicting override sets       '@graphql-codegen/typescript-operations' => [OverrideSet],
311 silly Conflicting override sets       'minimatch' => [OverrideSet],
311 silly Conflicting override sets       'vite' => [OverrideSet]
311 silly Conflicting override sets     }
311 silly Conflicting override sets   },
311 silly Conflicting override sets   children: Map(0) {},
311 silly Conflicting override sets   name: '@graphql-tools/url-loader',
311 silly Conflicting override sets   key: '@graphql-tools/url-loader',
311 silly Conflicting override sets   keySpec: '*',
311 silly Conflicting override sets   value: '8.0.16'
311 silly Conflicting override sets }
312 silly Conflicting override sets tslib
313 silly Conflicting override sets <ref *1> OverrideSet {
313 silly Conflicting override sets   parent: OverrideSet {
313 silly Conflicting override sets     parent: undefined,
313 silly Conflicting override sets     children: Map(5) {
313 silly Conflicting override sets       '@graphql-tools/url-loader' => [OverrideSet],
313 silly Conflicting override sets       '@graphql-codegen/client-preset' => [Circular *1],
313 silly Conflicting override sets       '@graphql-codegen/typescript-operations' => [OverrideSet],
313 silly Conflicting override sets       'minimatch' => [OverrideSet],
313 silly Conflicting override sets       'vite' => [OverrideSet]
313 silly Conflicting override sets     }
313 silly Conflicting override sets   },
313 silly Conflicting override sets   children: Map(0) {},
313 silly Conflicting override sets   name: '@graphql-codegen/client-preset',
313 silly Conflicting override sets   key: '@graphql-codegen/client-preset',
313 silly Conflicting override sets   keySpec: '*',
313 silly Conflicting override sets   value: '4.7.0'
313 silly Conflicting override sets } <ref *1> OverrideSet {
313 silly Conflicting override sets   parent: OverrideSet {
313 silly Conflicting override sets     parent: undefined,
313 silly Conflicting override sets     children: Map(5) {
313 silly Conflicting override sets       '@graphql-tools/url-loader' => [Circular *1],
313 silly Conflicting override sets       '@graphql-codegen/client-preset' => [OverrideSet],
313 silly Conflicting override sets       '@graphql-codegen/typescript-operations' => [OverrideSet],
313 silly Conflicting override sets       'minimatch' => [OverrideSet],
313 silly Conflicting override sets       'vite' => [OverrideSet]
313 silly Conflicting override sets     }
313 silly Conflicting override sets   },
313 silly Conflicting override sets   children: Map(0) {},
313 silly Conflicting override sets   name: '@graphql-tools/url-loader',
313 silly Conflicting override sets   key: '@graphql-tools/url-loader',
313 silly Conflicting override sets   keySpec: '*',
313 silly Conflicting override sets   value: '8.0.16'
313 silly Conflicting override sets }
314 silly Conflicting override sets @graphql-tools/utils
315 silly Conflicting override sets <ref *1> OverrideSet {
315 silly Conflicting override sets   parent: OverrideSet {
315 silly Conflicting override sets     parent: undefined,
315 silly Conflicting override sets     children: Map(5) {
315 silly Conflicting override sets       '@graphql-tools/url-loader' => [OverrideSet],
315 silly Conflicting override sets       '@graphql-codegen/client-preset' => [Circular *1],
315 silly Conflicting override sets       '@graphql-codegen/typescript-operations' => [OverrideSet],
315 silly Conflicting override sets       'minimatch' => [OverrideSet],
315 silly Conflicting override sets       'vite' => [OverrideSet]
315 silly Conflicting override sets     }
315 silly Conflicting override sets   },
315 silly Conflicting override sets   children: Map(0) {},
315 silly Conflicting override sets   name: '@graphql-codegen/client-preset',
315 silly Conflicting override sets   key: '@graphql-codegen/client-preset',
315 silly Conflicting override sets   keySpec: '*',
315 silly Conflicting override sets   value: '4.7.0'
315 silly Conflicting override sets } <ref *1> OverrideSet {
315 silly Conflicting override sets   parent: OverrideSet {
315 silly Conflicting override sets     parent: undefined,
315 silly Conflicting override sets     children: Map(5) {
315 silly Conflicting override sets       '@graphql-tools/url-loader' => [Circular *1],
315 silly Conflicting override sets       '@graphql-codegen/client-preset' => [OverrideSet],
315 silly Conflicting override sets       '@graphql-codegen/typescript-operations' => [OverrideSet],
315 silly Conflicting override sets       'minimatch' => [OverrideSet],
315 silly Conflicting override sets       'vite' => [OverrideSet]
315 silly Conflicting override sets     }
315 silly Conflicting override sets   },
315 silly Conflicting override sets   children: Map(0) {},
315 silly Conflicting override sets   name: '@graphql-tools/url-loader',
315 silly Conflicting override sets   key: '@graphql-tools/url-loader',
315 silly Conflicting override sets   keySpec: '*',
315 silly Conflicting override sets   value: '8.0.16'
315 silly Conflicting override sets }
316 silly Conflicting override sets tslib
317 silly Conflicting override sets <ref *1> OverrideSet {
317 silly Conflicting override sets   parent: OverrideSet {
317 silly Conflicting override sets     parent: undefined,
317 silly Conflicting override sets     children: Map(5) {
317 silly Conflicting override sets       '@graphql-tools/url-loader' => [OverrideSet],
317 silly Conflicting override sets       '@graphql-codegen/client-preset' => [Circular *1],
317 silly Conflicting override sets       '@graphql-codegen/typescript-operations' => [OverrideSet],
317 silly Conflicting override sets       'minimatch' => [OverrideSet],
317 silly Conflicting override sets       'vite' => [OverrideSet]
317 silly Conflicting override sets     }
317 silly Conflicting override sets   },
317 silly Conflicting override sets   children: Map(0) {},
317 silly Conflicting override sets   name: '@graphql-codegen/client-preset',
317 silly Conflicting override sets   key: '@graphql-codegen/client-preset',
317 silly Conflicting override sets   keySpec: '*',
317 silly Conflicting override sets   value: '4.7.0'
317 silly Conflicting override sets } <ref *1> OverrideSet {
317 silly Conflicting override sets   parent: OverrideSet {
317 silly Conflicting override sets     parent: undefined,
317 silly Conflicting override sets     children: Map(5) {
317 silly Conflicting override sets       '@graphql-tools/url-loader' => [Circular *1],
317 silly Conflicting override sets       '@graphql-codegen/client-preset' => [OverrideSet],
317 silly Conflicting override sets       '@graphql-codegen/typescript-operations' => [OverrideSet],
317 silly Conflicting override sets       'minimatch' => [OverrideSet],
317 silly Conflicting override sets       'vite' => [OverrideSet]
317 silly Conflicting override sets     }
317 silly Conflicting override sets   },
317 silly Conflicting override sets   children: Map(0) {},
317 silly Conflicting override sets   name: '@graphql-tools/url-loader',
317 silly Conflicting override sets   key: '@graphql-tools/url-loader',
317 silly Conflicting override sets   keySpec: '*',
317 silly Conflicting override sets   value: '8.0.16'
317 silly Conflicting override sets }
318 silly Conflicting override sets @graphql-tools/utils
319 silly Conflicting override sets <ref *1> OverrideSet {
319 silly Conflicting override sets   parent: OverrideSet {
319 silly Conflicting override sets     parent: undefined,
319 silly Conflicting override sets     children: Map(5) {
319 silly Conflicting override sets       '@graphql-tools/url-loader' => [OverrideSet],
319 silly Conflicting override sets       '@graphql-codegen/client-preset' => [Circular *1],
319 silly Conflicting override sets       '@graphql-codegen/typescript-operations' => [OverrideSet],
319 silly Conflicting override sets       'minimatch' => [OverrideSet],
319 silly Conflicting override sets       'vite' => [OverrideSet]
319 silly Conflicting override sets     }
319 silly Conflicting override sets   },
319 silly Conflicting override sets   children: Map(0) {},
319 silly Conflicting override sets   name: '@graphql-codegen/client-preset',
319 silly Conflicting override sets   key: '@graphql-codegen/client-preset',
319 silly Conflicting override sets   keySpec: '*',
319 silly Conflicting override sets   value: '4.7.0'
319 silly Conflicting override sets } <ref *1> OverrideSet {
319 silly Conflicting override sets   parent: OverrideSet {
319 silly Conflicting override sets     parent: undefined,
319 silly Conflicting override sets     children: Map(5) {
319 silly Conflicting override sets       '@graphql-tools/url-loader' => [Circular *1],
319 silly Conflicting override sets       '@graphql-codegen/client-preset' => [OverrideSet],
319 silly Conflicting override sets       '@graphql-codegen/typescript-operations' => [OverrideSet],
319 silly Conflicting override sets       'minimatch' => [OverrideSet],
319 silly Conflicting override sets       'vite' => [OverrideSet]
319 silly Conflicting override sets     }
319 silly Conflicting override sets   },
319 silly Conflicting override sets   children: Map(0) {},
319 silly Conflicting override sets   name: '@graphql-tools/url-loader',
319 silly Conflicting override sets   key: '@graphql-tools/url-loader',
319 silly Conflicting override sets   keySpec: '*',
319 silly Conflicting override sets   value: '8.0.16'
319 silly Conflicting override sets }
320 silly Conflicting override sets tslib
321 silly Conflicting override sets <ref *1> OverrideSet {
321 silly Conflicting override sets   parent: OverrideSet {
321 silly Conflicting override sets     parent: undefined,
321 silly Conflicting override sets     children: Map(5) {
321 silly Conflicting override sets       '@graphql-tools/url-loader' => [OverrideSet],
321 silly Conflicting override sets       '@graphql-codegen/client-preset' => [Circular *1],
321 silly Conflicting override sets       '@graphql-codegen/typescript-operations' => [OverrideSet],
321 silly Conflicting override sets       'minimatch' => [OverrideSet],
321 silly Conflicting override sets       'vite' => [OverrideSet]
321 silly Conflicting override sets     }
321 silly Conflicting override sets   },
321 silly Conflicting override sets   children: Map(0) {},
321 silly Conflicting override sets   name: '@graphql-codegen/client-preset',
321 silly Conflicting override sets   key: '@graphql-codegen/client-preset',
321 silly Conflicting override sets   keySpec: '*',
321 silly Conflicting override sets   value: '4.7.0'
321 silly Conflicting override sets } <ref *1> OverrideSet {
321 silly Conflicting override sets   parent: OverrideSet {
321 silly Conflicting override sets     parent: undefined,
321 silly Conflicting override sets     children: Map(5) {
321 silly Conflicting override sets       '@graphql-tools/url-loader' => [Circular *1],
321 silly Conflicting override sets       '@graphql-codegen/client-preset' => [OverrideSet],
321 silly Conflicting override sets       '@graphql-codegen/typescript-operations' => [OverrideSet],
321 silly Conflicting override sets       'minimatch' => [OverrideSet],
321 silly Conflicting override sets       'vite' => [OverrideSet]
321 silly Conflicting override sets     }
321 silly Conflicting override sets   },
321 silly Conflicting override sets   children: Map(0) {},
321 silly Conflicting override sets   name: '@graphql-tools/url-loader',
321 silly Conflicting override sets   key: '@graphql-tools/url-loader',
321 silly Conflicting override sets   keySpec: '*',
321 silly Conflicting override sets   value: '8.0.16'
321 silly Conflicting override sets }
322 silly Conflicting override sets tslib
323 silly Conflicting override sets <ref *1> OverrideSet {
323 silly Conflicting override sets   parent: OverrideSet {
323 silly Conflicting override sets     parent: undefined,
323 silly Conflicting override sets     children: Map(5) {
323 silly Conflicting override sets       '@graphql-tools/url-loader' => [Circular *1],
323 silly Conflicting override sets       '@graphql-codegen/client-preset' => [OverrideSet],
323 silly Conflicting override sets       '@graphql-codegen/typescript-operations' => [OverrideSet],
323 silly Conflicting override sets       'minimatch' => [OverrideSet],
323 silly Conflicting override sets       'vite' => [OverrideSet]
323 silly Conflicting override sets     }
323 silly Conflicting override sets   },
323 silly Conflicting override sets   children: Map(0) {},
323 silly Conflicting override sets   name: '@graphql-tools/url-loader',
323 silly Conflicting override sets   key: '@graphql-tools/url-loader',
323 silly Conflicting override sets   keySpec: '*',
323 silly Conflicting override sets   value: '8.0.16'
323 silly Conflicting override sets } <ref *1> OverrideSet {
323 silly Conflicting override sets   parent: OverrideSet {
323 silly Conflicting override sets     parent: undefined,
323 silly Conflicting override sets     children: Map(5) {
323 silly Conflicting override sets       '@graphql-tools/url-loader' => [OverrideSet],
323 silly Conflicting override sets       '@graphql-codegen/client-preset' => [OverrideSet],
323 silly Conflicting override sets       '@graphql-codegen/typescript-operations' => [OverrideSet],
323 silly Conflicting override sets       'minimatch' => [OverrideSet],
323 silly Conflicting override sets       'vite' => [Circular *1]
323 silly Conflicting override sets     }
323 silly Conflicting override sets   },
323 silly Conflicting override sets   children: Map(0) {},
323 silly Conflicting override sets   name: 'vite',
323 silly Conflicting override sets   key: 'vite',
323 silly Conflicting override sets   keySpec: '*',
323 silly Conflicting override sets   value: '^6.2.2'
323 silly Conflicting override sets }
324 silly Conflicting override sets @types/node
325 silly Conflicting override sets <ref *1> OverrideSet {
325 silly Conflicting override sets   parent: OverrideSet {
325 silly Conflicting override sets     parent: undefined,
325 silly Conflicting override sets     children: Map(5) {
325 silly Conflicting override sets       '@graphql-tools/url-loader' => [OverrideSet],
325 silly Conflicting override sets       '@graphql-codegen/client-preset' => [Circular *1],
325 silly Conflicting override sets       '@graphql-codegen/typescript-operations' => [OverrideSet],
325 silly Conflicting override sets       'minimatch' => [OverrideSet],
325 silly Conflicting override sets       'vite' => [OverrideSet]
325 silly Conflicting override sets     }
325 silly Conflicting override sets   },
325 silly Conflicting override sets   children: Map(0) {},
325 silly Conflicting override sets   name: '@graphql-codegen/client-preset',
325 silly Conflicting override sets   key: '@graphql-codegen/client-preset',
325 silly Conflicting override sets   keySpec: '*',
325 silly Conflicting override sets   value: '4.7.0'
325 silly Conflicting override sets } <ref *1> OverrideSet {
325 silly Conflicting override sets   parent: OverrideSet {
325 silly Conflicting override sets     parent: undefined,
325 silly Conflicting override sets     children: Map(5) {
325 silly Conflicting override sets       '@graphql-tools/url-loader' => [Circular *1],
325 silly Conflicting override sets       '@graphql-codegen/client-preset' => [OverrideSet],
325 silly Conflicting override sets       '@graphql-codegen/typescript-operations' => [OverrideSet],
325 silly Conflicting override sets       'minimatch' => [OverrideSet],
325 silly Conflicting override sets       'vite' => [OverrideSet]
325 silly Conflicting override sets     }
325 silly Conflicting override sets   },
325 silly Conflicting override sets   children: Map(0) {},
325 silly Conflicting override sets   name: '@graphql-tools/url-loader',
325 silly Conflicting override sets   key: '@graphql-tools/url-loader',
325 silly Conflicting override sets   keySpec: '*',
325 silly Conflicting override sets   value: '8.0.16'
325 silly Conflicting override sets }
326 silly Conflicting override sets tslib
327 silly Conflicting override sets <ref *1> OverrideSet {
327 silly Conflicting override sets   parent: OverrideSet {
327 silly Conflicting override sets     parent: undefined,
327 silly Conflicting override sets     children: Map(5) {
327 silly Conflicting override sets       '@graphql-tools/url-loader' => [OverrideSet],
327 silly Conflicting override sets       '@graphql-codegen/client-preset' => [Circular *1],
327 silly Conflicting override sets       '@graphql-codegen/typescript-operations' => [OverrideSet],
327 silly Conflicting override sets       'minimatch' => [OverrideSet],
327 silly Conflicting override sets       'vite' => [OverrideSet]
327 silly Conflicting override sets     }
327 silly Conflicting override sets   },
327 silly Conflicting override sets   children: Map(0) {},
327 silly Conflicting override sets   name: '@graphql-codegen/client-preset',
327 silly Conflicting override sets   key: '@graphql-codegen/client-preset',
327 silly Conflicting override sets   keySpec: '*',
327 silly Conflicting override sets   value: '4.7.0'
327 silly Conflicting override sets } <ref *1> OverrideSet {
327 silly Conflicting override sets   parent: OverrideSet {
327 silly Conflicting override sets     parent: undefined,
327 silly Conflicting override sets     children: Map(5) {
327 silly Conflicting override sets       '@graphql-tools/url-loader' => [Circular *1],
327 silly Conflicting override sets       '@graphql-codegen/client-preset' => [OverrideSet],
327 silly Conflicting override sets       '@graphql-codegen/typescript-operations' => [OverrideSet],
327 silly Conflicting override sets       'minimatch' => [OverrideSet],
327 silly Conflicting override sets       'vite' => [OverrideSet]
327 silly Conflicting override sets     }
327 silly Conflicting override sets   },
327 silly Conflicting override sets   children: Map(0) {},
327 silly Conflicting override sets   name: '@graphql-tools/url-loader',
327 silly Conflicting override sets   key: '@graphql-tools/url-loader',
327 silly Conflicting override sets   keySpec: '*',
327 silly Conflicting override sets   value: '8.0.16'
327 silly Conflicting override sets }
328 silly Conflicting override sets tslib
329 silly Conflicting override sets <ref *1> OverrideSet {
329 silly Conflicting override sets   parent: OverrideSet {
329 silly Conflicting override sets     parent: undefined,
329 silly Conflicting override sets     children: Map(5) {
329 silly Conflicting override sets       '@graphql-tools/url-loader' => [Circular *1],
329 silly Conflicting override sets       '@graphql-codegen/client-preset' => [OverrideSet],
329 silly Conflicting override sets       '@graphql-codegen/typescript-operations' => [OverrideSet],
329 silly Conflicting override sets       'minimatch' => [OverrideSet],
329 silly Conflicting override sets       'vite' => [OverrideSet]
329 silly Conflicting override sets     }
329 silly Conflicting override sets   },
329 silly Conflicting override sets   children: Map(0) {},
329 silly Conflicting override sets   name: '@graphql-tools/url-loader',
329 silly Conflicting override sets   key: '@graphql-tools/url-loader',
329 silly Conflicting override sets   keySpec: '*',
329 silly Conflicting override sets   value: '8.0.16'
329 silly Conflicting override sets } <ref *1> OverrideSet {
329 silly Conflicting override sets   parent: OverrideSet {
329 silly Conflicting override sets     parent: undefined,
329 silly Conflicting override sets     children: Map(5) {
329 silly Conflicting override sets       '@graphql-tools/url-loader' => [OverrideSet],
329 silly Conflicting override sets       '@graphql-codegen/client-preset' => [Circular *1],
329 silly Conflicting override sets       '@graphql-codegen/typescript-operations' => [OverrideSet],
329 silly Conflicting override sets       'minimatch' => [OverrideSet],
329 silly Conflicting override sets       'vite' => [OverrideSet]
329 silly Conflicting override sets     }
329 silly Conflicting override sets   },
329 silly Conflicting override sets   children: Map(0) {},
329 silly Conflicting override sets   name: '@graphql-codegen/client-preset',
329 silly Conflicting override sets   key: '@graphql-codegen/client-preset',
329 silly Conflicting override sets   keySpec: '*',
329 silly Conflicting override sets   value: '4.7.0'
329 silly Conflicting override sets }
330 silly Conflicting override sets @whatwg-node/promise-helpers
331 silly Conflicting override sets <ref *1> OverrideSet {
331 silly Conflicting override sets   parent: OverrideSet {
331 silly Conflicting override sets     parent: undefined,
331 silly Conflicting override sets     children: Map(5) {
331 silly Conflicting override sets       '@graphql-tools/url-loader' => [OverrideSet],
331 silly Conflicting override sets       '@graphql-codegen/client-preset' => [Circular *1],
331 silly Conflicting override sets       '@graphql-codegen/typescript-operations' => [OverrideSet],
331 silly Conflicting override sets       'minimatch' => [OverrideSet],
331 silly Conflicting override sets       'vite' => [OverrideSet]
331 silly Conflicting override sets     }
331 silly Conflicting override sets   },
331 silly Conflicting override sets   children: Map(0) {},
331 silly Conflicting override sets   name: '@graphql-codegen/client-preset',
331 silly Conflicting override sets   key: '@graphql-codegen/client-preset',
331 silly Conflicting override sets   keySpec: '*',
331 silly Conflicting override sets   value: '4.7.0'
331 silly Conflicting override sets } <ref *1> OverrideSet {
331 silly Conflicting override sets   parent: OverrideSet {
331 silly Conflicting override sets     parent: undefined,
331 silly Conflicting override sets     children: Map(5) {
331 silly Conflicting override sets       '@graphql-tools/url-loader' => [Circular *1],
331 silly Conflicting override sets       '@graphql-codegen/client-preset' => [OverrideSet],
331 silly Conflicting override sets       '@graphql-codegen/typescript-operations' => [OverrideSet],
331 silly Conflicting override sets       'minimatch' => [OverrideSet],
331 silly Conflicting override sets       'vite' => [OverrideSet]
331 silly Conflicting override sets     }
331 silly Conflicting override sets   },
331 silly Conflicting override sets   children: Map(0) {},
331 silly Conflicting override sets   name: '@graphql-tools/url-loader',
331 silly Conflicting override sets   key: '@graphql-tools/url-loader',
331 silly Conflicting override sets   keySpec: '*',
331 silly Conflicting override sets   value: '8.0.16'
331 silly Conflicting override sets }
332 silly Conflicting override sets tslib
333 silly Conflicting override sets <ref *1> OverrideSet {
333 silly Conflicting override sets   parent: OverrideSet {
333 silly Conflicting override sets     parent: undefined,
333 silly Conflicting override sets     children: Map(5) {
333 silly Conflicting override sets       '@graphql-tools/url-loader' => [Circular *1],
333 silly Conflicting override sets       '@graphql-codegen/client-preset' => [OverrideSet],
333 silly Conflicting override sets       '@graphql-codegen/typescript-operations' => [OverrideSet],
333 silly Conflicting override sets       'minimatch' => [OverrideSet],
333 silly Conflicting override sets       'vite' => [OverrideSet]
333 silly Conflicting override sets     }
333 silly Conflicting override sets   },
333 silly Conflicting override sets   children: Map(0) {},
333 silly Conflicting override sets   name: '@graphql-tools/url-loader',
333 silly Conflicting override sets   key: '@graphql-tools/url-loader',
333 silly Conflicting override sets   keySpec: '*',
333 silly Conflicting override sets   value: '8.0.16'
333 silly Conflicting override sets } <ref *1> OverrideSet {
333 silly Conflicting override sets   parent: OverrideSet {
333 silly Conflicting override sets     parent: undefined,
333 silly Conflicting override sets     children: Map(5) {
333 silly Conflicting override sets       '@graphql-tools/url-loader' => [OverrideSet],
333 silly Conflicting override sets       '@graphql-codegen/client-preset' => [Circular *1],
333 silly Conflicting override sets       '@graphql-codegen/typescript-operations' => [OverrideSet],
333 silly Conflicting override sets       'minimatch' => [OverrideSet],
333 silly Conflicting override sets       'vite' => [OverrideSet]
333 silly Conflicting override sets     }
333 silly Conflicting override sets   },
333 silly Conflicting override sets   children: Map(0) {},
333 silly Conflicting override sets   name: '@graphql-codegen/client-preset',
333 silly Conflicting override sets   key: '@graphql-codegen/client-preset',
333 silly Conflicting override sets   keySpec: '*',
333 silly Conflicting override sets   value: '4.7.0'
333 silly Conflicting override sets }
334 silly Conflicting override sets <ref *1> OverrideSet {
334 silly Conflicting override sets   parent: OverrideSet {
334 silly Conflicting override sets     parent: undefined,
334 silly Conflicting override sets     children: Map(5) {
334 silly Conflicting override sets       '@graphql-tools/url-loader' => [OverrideSet],
334 silly Conflicting override sets       '@graphql-codegen/client-preset' => [Circular *1],
334 silly Conflicting override sets       '@graphql-codegen/typescript-operations' => [OverrideSet],
334 silly Conflicting override sets       'minimatch' => [OverrideSet],
334 silly Conflicting override sets       'vite' => [OverrideSet]
334 silly Conflicting override sets     }
334 silly Conflicting override sets   },
334 silly Conflicting override sets   children: Map(0) {},
334 silly Conflicting override sets   name: '@graphql-codegen/client-preset',
334 silly Conflicting override sets   key: '@graphql-codegen/client-preset',
334 silly Conflicting override sets   keySpec: '*',
334 silly Conflicting override sets   value: '4.7.0'
334 silly Conflicting override sets } <ref *1> OverrideSet {
334 silly Conflicting override sets   parent: OverrideSet {
334 silly Conflicting override sets     parent: undefined,
334 silly Conflicting override sets     children: Map(5) {
334 silly Conflicting override sets       '@graphql-tools/url-loader' => [Circular *1],
334 silly Conflicting override sets       '@graphql-codegen/client-preset' => [OverrideSet],
334 silly Conflicting override sets       '@graphql-codegen/typescript-operations' => [OverrideSet],
334 silly Conflicting override sets       'minimatch' => [OverrideSet],
334 silly Conflicting override sets       'vite' => [OverrideSet]
334 silly Conflicting override sets     }
334 silly Conflicting override sets   },
334 silly Conflicting override sets   children: Map(0) {},
334 silly Conflicting override sets   name: '@graphql-tools/url-loader',
334 silly Conflicting override sets   key: '@graphql-tools/url-loader',
334 silly Conflicting override sets   keySpec: '*',
334 silly Conflicting override sets   value: '8.0.16'
334 silly Conflicting override sets }
335 silly Conflicting override sets <ref *1> OverrideSet {
335 silly Conflicting override sets   parent: OverrideSet {
335 silly Conflicting override sets     parent: undefined,
335 silly Conflicting override sets     children: Map(5) {
335 silly Conflicting override sets       '@graphql-tools/url-loader' => [OverrideSet],
335 silly Conflicting override sets       '@graphql-codegen/client-preset' => [OverrideSet],
335 silly Conflicting override sets       '@graphql-codegen/typescript-operations' => [Circular *1],
335 silly Conflicting override sets       'minimatch' => [OverrideSet],
335 silly Conflicting override sets       'vite' => [OverrideSet]
335 silly Conflicting override sets     }
335 silly Conflicting override sets   },
335 silly Conflicting override sets   children: Map(0) {},
335 silly Conflicting override sets   name: '@graphql-codegen/typescript-operations',
335 silly Conflicting override sets   key: '@graphql-codegen/typescript-operations',
335 silly Conflicting override sets   keySpec: '*',
335 silly Conflicting override sets   value: '4.5.0'
335 silly Conflicting override sets } <ref *1> OverrideSet {
335 silly Conflicting override sets   parent: OverrideSet {
335 silly Conflicting override sets     parent: undefined,
335 silly Conflicting override sets     children: Map(5) {
335 silly Conflicting override sets       '@graphql-tools/url-loader' => [OverrideSet],
335 silly Conflicting override sets       '@graphql-codegen/client-preset' => [Circular *1],
335 silly Conflicting override sets       '@graphql-codegen/typescript-operations' => [OverrideSet],
335 silly Conflicting override sets       'minimatch' => [OverrideSet],
335 silly Conflicting override sets       'vite' => [OverrideSet]
335 silly Conflicting override sets     }
335 silly Conflicting override sets   },
335 silly Conflicting override sets   children: Map(0) {},
335 silly Conflicting override sets   name: '@graphql-codegen/client-preset',
335 silly Conflicting override sets   key: '@graphql-codegen/client-preset',
335 silly Conflicting override sets   keySpec: '*',
335 silly Conflicting override sets   value: '4.7.0'
335 silly Conflicting override sets }
336 silly Conflicting override sets <ref *1> OverrideSet {
336 silly Conflicting override sets   parent: OverrideSet {
336 silly Conflicting override sets     parent: undefined,
336 silly Conflicting override sets     children: Map(5) {
336 silly Conflicting override sets       '@graphql-tools/url-loader' => [Circular *1],
336 silly Conflicting override sets       '@graphql-codegen/client-preset' => [OverrideSet],
336 silly Conflicting override sets       '@graphql-codegen/typescript-operations' => [OverrideSet],
336 silly Conflicting override sets       'minimatch' => [OverrideSet],
336 silly Conflicting override sets       'vite' => [OverrideSet]
336 silly Conflicting override sets     }
336 silly Conflicting override sets   },
336 silly Conflicting override sets   children: Map(0) {},
336 silly Conflicting override sets   name: '@graphql-tools/url-loader',
336 silly Conflicting override sets   key: '@graphql-tools/url-loader',
336 silly Conflicting override sets   keySpec: '*',
336 silly Conflicting override sets   value: '8.0.16'
336 silly Conflicting override sets } <ref *1> OverrideSet {
336 silly Conflicting override sets   parent: OverrideSet {
336 silly Conflicting override sets     parent: undefined,
336 silly Conflicting override sets     children: Map(5) {
336 silly Conflicting override sets       '@graphql-tools/url-loader' => [OverrideSet],
336 silly Conflicting override sets       '@graphql-codegen/client-preset' => [Circular *1],
336 silly Conflicting override sets       '@graphql-codegen/typescript-operations' => [OverrideSet],
336 silly Conflicting override sets       'minimatch' => [OverrideSet],
336 silly Conflicting override sets       'vite' => [OverrideSet]
336 silly Conflicting override sets     }
336 silly Conflicting override sets   },
336 silly Conflicting override sets   children: Map(0) {},
336 silly Conflicting override sets   name: '@graphql-codegen/client-preset',
336 silly Conflicting override sets   key: '@graphql-codegen/client-preset',
336 silly Conflicting override sets   keySpec: '*',
336 silly Conflicting override sets   value: '4.7.0'
336 silly Conflicting override sets }
337 silly Conflicting override sets <ref *1> OverrideSet {
337 silly Conflicting override sets   parent: OverrideSet {
337 silly Conflicting override sets     parent: undefined,
337 silly Conflicting override sets     children: Map(5) {
337 silly Conflicting override sets       '@graphql-tools/url-loader' => [Circular *1],
337 silly Conflicting override sets       '@graphql-codegen/client-preset' => [OverrideSet],
337 silly Conflicting override sets       '@graphql-codegen/typescript-operations' => [OverrideSet],
337 silly Conflicting override sets       'minimatch' => [OverrideSet],
337 silly Conflicting override sets       'vite' => [OverrideSet]
337 silly Conflicting override sets     }
337 silly Conflicting override sets   },
337 silly Conflicting override sets   children: Map(0) {},
337 silly Conflicting override sets   name: '@graphql-tools/url-loader',
337 silly Conflicting override sets   key: '@graphql-tools/url-loader',
337 silly Conflicting override sets   keySpec: '*',
337 silly Conflicting override sets   value: '8.0.16'
337 silly Conflicting override sets } <ref *1> OverrideSet {
337 silly Conflicting override sets   parent: OverrideSet {
337 silly Conflicting override sets     parent: undefined,
337 silly Conflicting override sets     children: Map(5) {
337 silly Conflicting override sets       '@graphql-tools/url-loader' => [OverrideSet],
337 silly Conflicting override sets       '@graphql-codegen/client-preset' => [Circular *1],
337 silly Conflicting override sets       '@graphql-codegen/typescript-operations' => [OverrideSet],
337 silly Conflicting override sets       'minimatch' => [OverrideSet],
337 silly Conflicting override sets       'vite' => [OverrideSet]
337 silly Conflicting override sets     }
337 silly Conflicting override sets   },
337 silly Conflicting override sets   children: Map(0) {},
337 silly Conflicting override sets   name: '@graphql-codegen/client-preset',
337 silly Conflicting override sets   key: '@graphql-codegen/client-preset',
337 silly Conflicting override sets   keySpec: '*',
337 silly Conflicting override sets   value: '4.7.0'
337 silly Conflicting override sets }
338 silly Conflicting override sets <ref *1> OverrideSet {
338 silly Conflicting override sets   parent: OverrideSet {
338 silly Conflicting override sets     parent: undefined,
338 silly Conflicting override sets     children: Map(5) {
338 silly Conflicting override sets       '@graphql-tools/url-loader' => [OverrideSet],
338 silly Conflicting override sets       '@graphql-codegen/client-preset' => [Circular *1],
338 silly Conflicting override sets       '@graphql-codegen/typescript-operations' => [OverrideSet],
338 silly Conflicting override sets       'minimatch' => [OverrideSet],
338 silly Conflicting override sets       'vite' => [OverrideSet]
338 silly Conflicting override sets     }
338 silly Conflicting override sets   },
338 silly Conflicting override sets   children: Map(0) {},
338 silly Conflicting override sets   name: '@graphql-codegen/client-preset',
338 silly Conflicting override sets   key: '@graphql-codegen/client-preset',
338 silly Conflicting override sets   keySpec: '*',
338 silly Conflicting override sets   value: '4.7.0'
338 silly Conflicting override sets } <ref *1> OverrideSet {
338 silly Conflicting override sets   parent: OverrideSet {
338 silly Conflicting override sets     parent: undefined,
338 silly Conflicting override sets     children: Map(5) {
338 silly Conflicting override sets       '@graphql-tools/url-loader' => [Circular *1],
338 silly Conflicting override sets       '@graphql-codegen/client-preset' => [OverrideSet],
338 silly Conflicting override sets       '@graphql-codegen/typescript-operations' => [OverrideSet],
338 silly Conflicting override sets       'minimatch' => [OverrideSet],
338 silly Conflicting override sets       'vite' => [OverrideSet]
338 silly Conflicting override sets     }
338 silly Conflicting override sets   },
338 silly Conflicting override sets   children: Map(0) {},
338 silly Conflicting override sets   name: '@graphql-tools/url-loader',
338 silly Conflicting override sets   key: '@graphql-tools/url-loader',
338 silly Conflicting override sets   keySpec: '*',
338 silly Conflicting override sets   value: '8.0.16'
338 silly Conflicting override sets }
339 silly Conflicting override sets <ref *1> OverrideSet {
339 silly Conflicting override sets   parent: OverrideSet {
339 silly Conflicting override sets     parent: undefined,
339 silly Conflicting override sets     children: Map(5) {
339 silly Conflicting override sets       '@graphql-tools/url-loader' => [Circular *1],
339 silly Conflicting override sets       '@graphql-codegen/client-preset' => [OverrideSet],
339 silly Conflicting override sets       '@graphql-codegen/typescript-operations' => [OverrideSet],
339 silly Conflicting override sets       'minimatch' => [OverrideSet],
339 silly Conflicting override sets       'vite' => [OverrideSet]
339 silly Conflicting override sets     }
339 silly Conflicting override sets   },
339 silly Conflicting override sets   children: Map(0) {},
339 silly Conflicting override sets   name: '@graphql-tools/url-loader',
339 silly Conflicting override sets   key: '@graphql-tools/url-loader',
339 silly Conflicting override sets   keySpec: '*',
339 silly Conflicting override sets   value: '8.0.16'
339 silly Conflicting override sets } <ref *1> OverrideSet {
339 silly Conflicting override sets   parent: OverrideSet {
339 silly Conflicting override sets     parent: undefined,
339 silly Conflicting override sets     children: Map(5) {
339 silly Conflicting override sets       '@graphql-tools/url-loader' => [OverrideSet],
339 silly Conflicting override sets       '@graphql-codegen/client-preset' => [Circular *1],
339 silly Conflicting override sets       '@graphql-codegen/typescript-operations' => [OverrideSet],
339 silly Conflicting override sets       'minimatch' => [OverrideSet],
339 silly Conflicting override sets       'vite' => [OverrideSet]
339 silly Conflicting override sets     }
339 silly Conflicting override sets   },
339 silly Conflicting override sets   children: Map(0) {},
339 silly Conflicting override sets   name: '@graphql-codegen/client-preset',
339 silly Conflicting override sets   key: '@graphql-codegen/client-preset',
339 silly Conflicting override sets   keySpec: '*',
339 silly Conflicting override sets   value: '4.7.0'
339 silly Conflicting override sets }
340 silly Conflicting override sets <ref *1> OverrideSet {
340 silly Conflicting override sets   parent: OverrideSet {
340 silly Conflicting override sets     parent: undefined,
340 silly Conflicting override sets     children: Map(5) {
340 silly Conflicting override sets       '@graphql-tools/url-loader' => [OverrideSet],
340 silly Conflicting override sets       '@graphql-codegen/client-preset' => [Circular *1],
340 silly Conflicting override sets       '@graphql-codegen/typescript-operations' => [OverrideSet],
340 silly Conflicting override sets       'minimatch' => [OverrideSet],
340 silly Conflicting override sets       'vite' => [OverrideSet]
340 silly Conflicting override sets     }
340 silly Conflicting override sets   },
340 silly Conflicting override sets   children: Map(0) {},
340 silly Conflicting override sets   name: '@graphql-codegen/client-preset',
340 silly Conflicting override sets   key: '@graphql-codegen/client-preset',
340 silly Conflicting override sets   keySpec: '*',
340 silly Conflicting override sets   value: '4.7.0'
340 silly Conflicting override sets } <ref *1> OverrideSet {
340 silly Conflicting override sets   parent: OverrideSet {
340 silly Conflicting override sets     parent: undefined,
340 silly Conflicting override sets     children: Map(5) {
340 silly Conflicting override sets       '@graphql-tools/url-loader' => [OverrideSet],
340 silly Conflicting override sets       '@graphql-codegen/client-preset' => [OverrideSet],
340 silly Conflicting override sets       '@graphql-codegen/typescript-operations' => [Circular *1],
340 silly Conflicting override sets       'minimatch' => [OverrideSet],
340 silly Conflicting override sets       'vite' => [OverrideSet]
340 silly Conflicting override sets     }
340 silly Conflicting override sets   },
340 silly Conflicting override sets   children: Map(0) {},
340 silly Conflicting override sets   name: '@graphql-codegen/typescript-operations',
340 silly Conflicting override sets   key: '@graphql-codegen/typescript-operations',
340 silly Conflicting override sets   keySpec: '*',
340 silly Conflicting override sets   value: '4.5.0'
340 silly Conflicting override sets }
341 silly Conflicting override sets graphql
342 silly Conflicting override sets <ref *1> OverrideSet {
342 silly Conflicting override sets   parent: OverrideSet {
342 silly Conflicting override sets     parent: undefined,
342 silly Conflicting override sets     children: Map(5) {
342 silly Conflicting override sets       '@graphql-tools/url-loader' => [OverrideSet],
342 silly Conflicting override sets       '@graphql-codegen/client-preset' => [Circular *1],
342 silly Conflicting override sets       '@graphql-codegen/typescript-operations' => [OverrideSet],
342 silly Conflicting override sets       'minimatch' => [OverrideSet],
342 silly Conflicting override sets       'vite' => [OverrideSet]
342 silly Conflicting override sets     }
342 silly Conflicting override sets   },
342 silly Conflicting override sets   children: Map(0) {},
342 silly Conflicting override sets   name: '@graphql-codegen/client-preset',
342 silly Conflicting override sets   key: '@graphql-codegen/client-preset',
342 silly Conflicting override sets   keySpec: '*',
342 silly Conflicting override sets   value: '4.7.0'
342 silly Conflicting override sets } <ref *1> OverrideSet {
342 silly Conflicting override sets   parent: OverrideSet {
342 silly Conflicting override sets     parent: undefined,
342 silly Conflicting override sets     children: Map(5) {
342 silly Conflicting override sets       '@graphql-tools/url-loader' => [OverrideSet],
342 silly Conflicting override sets       '@graphql-codegen/client-preset' => [OverrideSet],
342 silly Conflicting override sets       '@graphql-codegen/typescript-operations' => [Circular *1],
342 silly Conflicting override sets       'minimatch' => [OverrideSet],
342 silly Conflicting override sets       'vite' => [OverrideSet]
342 silly Conflicting override sets     }
342 silly Conflicting override sets   },
342 silly Conflicting override sets   children: Map(0) {},
342 silly Conflicting override sets   name: '@graphql-codegen/typescript-operations',
342 silly Conflicting override sets   key: '@graphql-codegen/typescript-operations',
342 silly Conflicting override sets   keySpec: '*',
342 silly Conflicting override sets   value: '4.5.0'
342 silly Conflicting override sets }
343 silly Conflicting override sets @graphql-codegen/plugin-helpers
344 silly Conflicting override sets <ref *1> OverrideSet {
344 silly Conflicting override sets   parent: OverrideSet {
344 silly Conflicting override sets     parent: undefined,
344 silly Conflicting override sets     children: Map(5) {
344 silly Conflicting override sets       '@graphql-tools/url-loader' => [OverrideSet],
344 silly Conflicting override sets       '@graphql-codegen/client-preset' => [Circular *1],
344 silly Conflicting override sets       '@graphql-codegen/typescript-operations' => [OverrideSet],
344 silly Conflicting override sets       'minimatch' => [OverrideSet],
344 silly Conflicting override sets       'vite' => [OverrideSet]
344 silly Conflicting override sets     }
344 silly Conflicting override sets   },
344 silly Conflicting override sets   children: Map(0) {},
344 silly Conflicting override sets   name: '@graphql-codegen/client-preset',
344 silly Conflicting override sets   key: '@graphql-codegen/client-preset',
344 silly Conflicting override sets   keySpec: '*',
344 silly Conflicting override sets   value: '4.7.0'
344 silly Conflicting override sets } <ref *1> OverrideSet {
344 silly Conflicting override sets   parent: OverrideSet {
344 silly Conflicting override sets     parent: undefined,
344 silly Conflicting override sets     children: Map(5) {
344 silly Conflicting override sets       '@graphql-tools/url-loader' => [OverrideSet],
344 silly Conflicting override sets       '@graphql-codegen/client-preset' => [OverrideSet],
344 silly Conflicting override sets       '@graphql-codegen/typescript-operations' => [Circular *1],
344 silly Conflicting override sets       'minimatch' => [OverrideSet],
344 silly Conflicting override sets       'vite' => [OverrideSet]
344 silly Conflicting override sets     }
344 silly Conflicting override sets   },
344 silly Conflicting override sets   children: Map(0) {},
344 silly Conflicting override sets   name: '@graphql-codegen/typescript-operations',
344 silly Conflicting override sets   key: '@graphql-codegen/typescript-operations',
344 silly Conflicting override sets   keySpec: '*',
344 silly Conflicting override sets   value: '4.5.0'
344 silly Conflicting override sets }
345 silly Conflicting override sets @graphql-codegen/schema-ast
346 silly Conflicting override sets <ref *1> OverrideSet {
346 silly Conflicting override sets   parent: OverrideSet {
346 silly Conflicting override sets     parent: undefined,
346 silly Conflicting override sets     children: Map(5) {
346 silly Conflicting override sets       '@graphql-tools/url-loader' => [OverrideSet],
346 silly Conflicting override sets       '@graphql-codegen/client-preset' => [Circular *1],
346 silly Conflicting override sets       '@graphql-codegen/typescript-operations' => [OverrideSet],
346 silly Conflicting override sets       'minimatch' => [OverrideSet],
346 silly Conflicting override sets       'vite' => [OverrideSet]
346 silly Conflicting override sets     }
346 silly Conflicting override sets   },
346 silly Conflicting override sets   children: Map(0) {},
346 silly Conflicting override sets   name: '@graphql-codegen/client-preset',
346 silly Conflicting override sets   key: '@graphql-codegen/client-preset',
346 silly Conflicting override sets   keySpec: '*',
346 silly Conflicting override sets   value: '4.7.0'
346 silly Conflicting override sets } <ref *1> OverrideSet {
346 silly Conflicting override sets   parent: OverrideSet {
346 silly Conflicting override sets     parent: undefined,
346 silly Conflicting override sets     children: Map(5) {
346 silly Conflicting override sets       '@graphql-tools/url-loader' => [OverrideSet],
346 silly Conflicting override sets       '@graphql-codegen/client-preset' => [OverrideSet],
346 silly Conflicting override sets       '@graphql-codegen/typescript-operations' => [Circular *1],
346 silly Conflicting override sets       'minimatch' => [OverrideSet],
346 silly Conflicting override sets       'vite' => [OverrideSet]
346 silly Conflicting override sets     }
346 silly Conflicting override sets   },
346 silly Conflicting override sets   children: Map(0) {},
346 silly Conflicting override sets   name: '@graphql-codegen/typescript-operations',
346 silly Conflicting override sets   key: '@graphql-codegen/typescript-operations',
346 silly Conflicting override sets   keySpec: '*',
346 silly Conflicting override sets   value: '4.5.0'
346 silly Conflicting override sets }
347 silly Conflicting override sets @graphql-codegen/visitor-plugin-common
348 silly Conflicting override sets <ref *1> OverrideSet {
348 silly Conflicting override sets   parent: OverrideSet {
348 silly Conflicting override sets     parent: undefined,
348 silly Conflicting override sets     children: Map(5) {
348 silly Conflicting override sets       '@graphql-tools/url-loader' => [OverrideSet],
348 silly Conflicting override sets       '@graphql-codegen/client-preset' => [Circular *1],
348 silly Conflicting override sets       '@graphql-codegen/typescript-operations' => [OverrideSet],
348 silly Conflicting override sets       'minimatch' => [OverrideSet],
348 silly Conflicting override sets       'vite' => [OverrideSet]
348 silly Conflicting override sets     }
348 silly Conflicting override sets   },
348 silly Conflicting override sets   children: Map(0) {},
348 silly Conflicting override sets   name: '@graphql-codegen/client-preset',
348 silly Conflicting override sets   key: '@graphql-codegen/client-preset',
348 silly Conflicting override sets   keySpec: '*',
348 silly Conflicting override sets   value: '4.7.0'
348 silly Conflicting override sets } <ref *1> OverrideSet {
348 silly Conflicting override sets   parent: OverrideSet {
348 silly Conflicting override sets     parent: undefined,
348 silly Conflicting override sets     children: Map(5) {
348 silly Conflicting override sets       '@graphql-tools/url-loader' => [OverrideSet],
348 silly Conflicting override sets       '@graphql-codegen/client-preset' => [OverrideSet],
348 silly Conflicting override sets       '@graphql-codegen/typescript-operations' => [Circular *1],
348 silly Conflicting override sets       'minimatch' => [OverrideSet],
348 silly Conflicting override sets       'vite' => [OverrideSet]
348 silly Conflicting override sets     }
348 silly Conflicting override sets   },
348 silly Conflicting override sets   children: Map(0) {},
348 silly Conflicting override sets   name: '@graphql-codegen/typescript-operations',
348 silly Conflicting override sets   key: '@graphql-codegen/typescript-operations',
348 silly Conflicting override sets   keySpec: '*',
348 silly Conflicting override sets   value: '4.5.0'
348 silly Conflicting override sets }
349 silly Conflicting override sets auto-bind
350 silly Conflicting override sets <ref *1> OverrideSet {
350 silly Conflicting override sets   parent: OverrideSet {
350 silly Conflicting override sets     parent: undefined,
350 silly Conflicting override sets     children: Map(5) {
350 silly Conflicting override sets       '@graphql-tools/url-loader' => [Circular *1],
350 silly Conflicting override sets       '@graphql-codegen/client-preset' => [OverrideSet],
350 silly Conflicting override sets       '@graphql-codegen/typescript-operations' => [OverrideSet],
350 silly Conflicting override sets       'minimatch' => [OverrideSet],
350 silly Conflicting override sets       'vite' => [OverrideSet]
350 silly Conflicting override sets     }
350 silly Conflicting override sets   },
350 silly Conflicting override sets   children: Map(0) {},
350 silly Conflicting override sets   name: '@graphql-tools/url-loader',
350 silly Conflicting override sets   key: '@graphql-tools/url-loader',
350 silly Conflicting override sets   keySpec: '*',
350 silly Conflicting override sets   value: '8.0.16'
350 silly Conflicting override sets } <ref *1> OverrideSet {
350 silly Conflicting override sets   parent: OverrideSet {
350 silly Conflicting override sets     parent: undefined,
350 silly Conflicting override sets     children: Map(5) {
350 silly Conflicting override sets       '@graphql-tools/url-loader' => [OverrideSet],
350 silly Conflicting override sets       '@graphql-codegen/client-preset' => [OverrideSet],
350 silly Conflicting override sets       '@graphql-codegen/typescript-operations' => [Circular *1],
350 silly Conflicting override sets       'minimatch' => [OverrideSet],
350 silly Conflicting override sets       'vite' => [OverrideSet]
350 silly Conflicting override sets     }
350 silly Conflicting override sets   },
350 silly Conflicting override sets   children: Map(0) {},
350 silly Conflicting override sets   name: '@graphql-codegen/typescript-operations',
350 silly Conflicting override sets   key: '@graphql-codegen/typescript-operations',
350 silly Conflicting override sets   keySpec: '*',
350 silly Conflicting override sets   value: '4.5.0'
350 silly Conflicting override sets }
351 silly Conflicting override sets tslib
352 silly Conflicting override sets <ref *1> OverrideSet {
352 silly Conflicting override sets   parent: OverrideSet {
352 silly Conflicting override sets     parent: undefined,
352 silly Conflicting override sets     children: Map(5) {
352 silly Conflicting override sets       '@graphql-tools/url-loader' => [OverrideSet],
352 silly Conflicting override sets       '@graphql-codegen/client-preset' => [Circular *1],
352 silly Conflicting override sets       '@graphql-codegen/typescript-operations' => [OverrideSet],
352 silly Conflicting override sets       'minimatch' => [OverrideSet],
352 silly Conflicting override sets       'vite' => [OverrideSet]
352 silly Conflicting override sets     }
352 silly Conflicting override sets   },
352 silly Conflicting override sets   children: Map(0) {},
352 silly Conflicting override sets   name: '@graphql-codegen/client-preset',
352 silly Conflicting override sets   key: '@graphql-codegen/client-preset',
352 silly Conflicting override sets   keySpec: '*',
352 silly Conflicting override sets   value: '4.7.0'
352 silly Conflicting override sets } <ref *1> OverrideSet {
352 silly Conflicting override sets   parent: OverrideSet {
352 silly Conflicting override sets     parent: undefined,
352 silly Conflicting override sets     children: Map(5) {
352 silly Conflicting override sets       '@graphql-tools/url-loader' => [OverrideSet],
352 silly Conflicting override sets       '@graphql-codegen/client-preset' => [OverrideSet],
352 silly Conflicting override sets       '@graphql-codegen/typescript-operations' => [Circular *1],
352 silly Conflicting override sets       'minimatch' => [OverrideSet],
352 silly Conflicting override sets       'vite' => [OverrideSet]
352 silly Conflicting override sets     }
352 silly Conflicting override sets   },
352 silly Conflicting override sets   children: Map(0) {},
352 silly Conflicting override sets   name: '@graphql-codegen/typescript-operations',
352 silly Conflicting override sets   key: '@graphql-codegen/typescript-operations',
352 silly Conflicting override sets   keySpec: '*',
352 silly Conflicting override sets   value: '4.5.0'
352 silly Conflicting override sets }
353 silly Conflicting override sets graphql
354 silly Conflicting override sets <ref *1> OverrideSet {
354 silly Conflicting override sets   parent: OverrideSet {
354 silly Conflicting override sets     parent: undefined,
354 silly Conflicting override sets     children: Map(5) {
354 silly Conflicting override sets       '@graphql-tools/url-loader' => [OverrideSet],
354 silly Conflicting override sets       '@graphql-codegen/client-preset' => [Circular *1],
354 silly Conflicting override sets       '@graphql-codegen/typescript-operations' => [OverrideSet],
354 silly Conflicting override sets       'minimatch' => [OverrideSet],
354 silly Conflicting override sets       'vite' => [OverrideSet]
354 silly Conflicting override sets     }
354 silly Conflicting override sets   },
354 silly Conflicting override sets   children: Map(0) {},
354 silly Conflicting override sets   name: '@graphql-codegen/client-preset',
354 silly Conflicting override sets   key: '@graphql-codegen/client-preset',
354 silly Conflicting override sets   keySpec: '*',
354 silly Conflicting override sets   value: '4.7.0'
354 silly Conflicting override sets } <ref *1> OverrideSet {
354 silly Conflicting override sets   parent: OverrideSet {
354 silly Conflicting override sets     parent: undefined,
354 silly Conflicting override sets     children: Map(5) {
354 silly Conflicting override sets       '@graphql-tools/url-loader' => [OverrideSet],
354 silly Conflicting override sets       '@graphql-codegen/client-preset' => [OverrideSet],
354 silly Conflicting override sets       '@graphql-codegen/typescript-operations' => [Circular *1],
354 silly Conflicting override sets       'minimatch' => [OverrideSet],
354 silly Conflicting override sets       'vite' => [OverrideSet]
354 silly Conflicting override sets     }
354 silly Conflicting override sets   },
354 silly Conflicting override sets   children: Map(0) {},
354 silly Conflicting override sets   name: '@graphql-codegen/typescript-operations',
354 silly Conflicting override sets   key: '@graphql-codegen/typescript-operations',
354 silly Conflicting override sets   keySpec: '*',
354 silly Conflicting override sets   value: '4.5.0'
354 silly Conflicting override sets }
355 silly Conflicting override sets @graphql-codegen/plugin-helpers
356 silly Conflicting override sets <ref *1> OverrideSet {
356 silly Conflicting override sets   parent: OverrideSet {
356 silly Conflicting override sets     parent: undefined,
356 silly Conflicting override sets     children: Map(5) {
356 silly Conflicting override sets       '@graphql-tools/url-loader' => [OverrideSet],
356 silly Conflicting override sets       '@graphql-codegen/client-preset' => [Circular *1],
356 silly Conflicting override sets       '@graphql-codegen/typescript-operations' => [OverrideSet],
356 silly Conflicting override sets       'minimatch' => [OverrideSet],
356 silly Conflicting override sets       'vite' => [OverrideSet]
356 silly Conflicting override sets     }
356 silly Conflicting override sets   },
356 silly Conflicting override sets   children: Map(0) {},
356 silly Conflicting override sets   name: '@graphql-codegen/client-preset',
356 silly Conflicting override sets   key: '@graphql-codegen/client-preset',
356 silly Conflicting override sets   keySpec: '*',
356 silly Conflicting override sets   value: '4.7.0'
356 silly Conflicting override sets } <ref *1> OverrideSet {
356 silly Conflicting override sets   parent: OverrideSet {
356 silly Conflicting override sets     parent: undefined,
356 silly Conflicting override sets     children: Map(5) {
356 silly Conflicting override sets       '@graphql-tools/url-loader' => [OverrideSet],
356 silly Conflicting override sets       '@graphql-codegen/client-preset' => [OverrideSet],
356 silly Conflicting override sets       '@graphql-codegen/typescript-operations' => [Circular *1],
356 silly Conflicting override sets       'minimatch' => [OverrideSet],
356 silly Conflicting override sets       'vite' => [OverrideSet]
356 silly Conflicting override sets     }
356 silly Conflicting override sets   },
356 silly Conflicting override sets   children: Map(0) {},
356 silly Conflicting override sets   name: '@graphql-codegen/typescript-operations',
356 silly Conflicting override sets   key: '@graphql-codegen/typescript-operations',
356 silly Conflicting override sets   keySpec: '*',
356 silly Conflicting override sets   value: '4.5.0'
356 silly Conflicting override sets }
357 silly Conflicting override sets @graphql-tools/utils
358 silly Conflicting override sets <ref *1> OverrideSet {
358 silly Conflicting override sets   parent: OverrideSet {
358 silly Conflicting override sets     parent: undefined,
358 silly Conflicting override sets     children: Map(5) {
358 silly Conflicting override sets       '@graphql-tools/url-loader' => [Circular *1],
358 silly Conflicting override sets       '@graphql-codegen/client-preset' => [OverrideSet],
358 silly Conflicting override sets       '@graphql-codegen/typescript-operations' => [OverrideSet],
358 silly Conflicting override sets       'minimatch' => [OverrideSet],
358 silly Conflicting override sets       'vite' => [OverrideSet]
358 silly Conflicting override sets     }
358 silly Conflicting override sets   },
358 silly Conflicting override sets   children: Map(0) {},
358 silly Conflicting override sets   name: '@graphql-tools/url-loader',
358 silly Conflicting override sets   key: '@graphql-tools/url-loader',
358 silly Conflicting override sets   keySpec: '*',
358 silly Conflicting override sets   value: '8.0.16'
358 silly Conflicting override sets } <ref *1> OverrideSet {
358 silly Conflicting override sets   parent: OverrideSet {
358 silly Conflicting override sets     parent: undefined,
358 silly Conflicting override sets     children: Map(5) {
358 silly Conflicting override sets       '@graphql-tools/url-loader' => [OverrideSet],
358 silly Conflicting override sets       '@graphql-codegen/client-preset' => [OverrideSet],
358 silly Conflicting override sets       '@graphql-codegen/typescript-operations' => [Circular *1],
358 silly Conflicting override sets       'minimatch' => [OverrideSet],
358 silly Conflicting override sets       'vite' => [OverrideSet]
358 silly Conflicting override sets     }
358 silly Conflicting override sets   },
358 silly Conflicting override sets   children: Map(0) {},
358 silly Conflicting override sets   name: '@graphql-codegen/typescript-operations',
358 silly Conflicting override sets   key: '@graphql-codegen/typescript-operations',
358 silly Conflicting override sets   keySpec: '*',
358 silly Conflicting override sets   value: '4.5.0'
358 silly Conflicting override sets }
359 silly Conflicting override sets tslib
360 silly Conflicting override sets <ref *1> OverrideSet {
360 silly Conflicting override sets   parent: OverrideSet {
360 silly Conflicting override sets     parent: undefined,
360 silly Conflicting override sets     children: Map(5) {
360 silly Conflicting override sets       '@graphql-tools/url-loader' => [OverrideSet],
360 silly Conflicting override sets       '@graphql-codegen/client-preset' => [OverrideSet],
360 silly Conflicting override sets       '@graphql-codegen/typescript-operations' => [Circular *1],
360 silly Conflicting override sets       'minimatch' => [OverrideSet],
360 silly Conflicting override sets       'vite' => [OverrideSet]
360 silly Conflicting override sets     }
360 silly Conflicting override sets   },
360 silly Conflicting override sets   children: Map(0) {},
360 silly Conflicting override sets   name: '@graphql-codegen/typescript-operations',
360 silly Conflicting override sets   key: '@graphql-codegen/typescript-operations',
360 silly Conflicting override sets   keySpec: '*',
360 silly Conflicting override sets   value: '4.5.0'
360 silly Conflicting override sets } <ref *1> OverrideSet {
360 silly Conflicting override sets   parent: OverrideSet {
360 silly Conflicting override sets     parent: undefined,
360 silly Conflicting override sets     children: Map(5) {
360 silly Conflicting override sets       '@graphql-tools/url-loader' => [OverrideSet],
360 silly Conflicting override sets       '@graphql-codegen/client-preset' => [Circular *1],
360 silly Conflicting override sets       '@graphql-codegen/typescript-operations' => [OverrideSet],
360 silly Conflicting override sets       'minimatch' => [OverrideSet],
360 silly Conflicting override sets       'vite' => [OverrideSet]
360 silly Conflicting override sets     }
360 silly Conflicting override sets   },
360 silly Conflicting override sets   children: Map(0) {},
360 silly Conflicting override sets   name: '@graphql-codegen/client-preset',
360 silly Conflicting override sets   key: '@graphql-codegen/client-preset',
360 silly Conflicting override sets   keySpec: '*',
360 silly Conflicting override sets   value: '4.7.0'
360 silly Conflicting override sets }
361 silly Conflicting override sets <ref *1> OverrideSet {
361 silly Conflicting override sets   parent: OverrideSet {
361 silly Conflicting override sets     parent: undefined,
361 silly Conflicting override sets     children: Map(5) {
361 silly Conflicting override sets       '@graphql-tools/url-loader' => [OverrideSet],
361 silly Conflicting override sets       '@graphql-codegen/client-preset' => [Circular *1],
361 silly Conflicting override sets       '@graphql-codegen/typescript-operations' => [OverrideSet],
361 silly Conflicting override sets       'minimatch' => [OverrideSet],
361 silly Conflicting override sets       'vite' => [OverrideSet]
361 silly Conflicting override sets     }
361 silly Conflicting override sets   },
361 silly Conflicting override sets   children: Map(0) {},
361 silly Conflicting override sets   name: '@graphql-codegen/client-preset',
361 silly Conflicting override sets   key: '@graphql-codegen/client-preset',
361 silly Conflicting override sets   keySpec: '*',
361 silly Conflicting override sets   value: '4.7.0'
361 silly Conflicting override sets } <ref *1> OverrideSet {
361 silly Conflicting override sets   parent: OverrideSet {
361 silly Conflicting override sets     parent: undefined,
361 silly Conflicting override sets     children: Map(5) {
361 silly Conflicting override sets       '@graphql-tools/url-loader' => [OverrideSet],
361 silly Conflicting override sets       '@graphql-codegen/client-preset' => [OverrideSet],
361 silly Conflicting override sets       '@graphql-codegen/typescript-operations' => [Circular *1],
361 silly Conflicting override sets       'minimatch' => [OverrideSet],
361 silly Conflicting override sets       'vite' => [OverrideSet]
361 silly Conflicting override sets     }
361 silly Conflicting override sets   },
361 silly Conflicting override sets   children: Map(0) {},
361 silly Conflicting override sets   name: '@graphql-codegen/typescript-operations',
361 silly Conflicting override sets   key: '@graphql-codegen/typescript-operations',
361 silly Conflicting override sets   keySpec: '*',
361 silly Conflicting override sets   value: '4.5.0'
361 silly Conflicting override sets }
362 silly Conflicting override sets <ref *1> OverrideSet {
362 silly Conflicting override sets   parent: OverrideSet {
362 silly Conflicting override sets     parent: undefined,
362 silly Conflicting override sets     children: Map(5) {
362 silly Conflicting override sets       '@graphql-tools/url-loader' => [OverrideSet],
362 silly Conflicting override sets       '@graphql-codegen/client-preset' => [Circular *1],
362 silly Conflicting override sets       '@graphql-codegen/typescript-operations' => [OverrideSet],
362 silly Conflicting override sets       'minimatch' => [OverrideSet],
362 silly Conflicting override sets       'vite' => [OverrideSet]
362 silly Conflicting override sets     }
362 silly Conflicting override sets   },
362 silly Conflicting override sets   children: Map(0) {},
362 silly Conflicting override sets   name: '@graphql-codegen/client-preset',
362 silly Conflicting override sets   key: '@graphql-codegen/client-preset',
362 silly Conflicting override sets   keySpec: '*',
362 silly Conflicting override sets   value: '4.7.0'
362 silly Conflicting override sets } <ref *1> OverrideSet {
362 silly Conflicting override sets   parent: OverrideSet {
362 silly Conflicting override sets     parent: undefined,
362 silly Conflicting override sets     children: Map(5) {
362 silly Conflicting override sets       '@graphql-tools/url-loader' => [OverrideSet],
362 silly Conflicting override sets       '@graphql-codegen/client-preset' => [OverrideSet],
362 silly Conflicting override sets       '@graphql-codegen/typescript-operations' => [Circular *1],
362 silly Conflicting override sets       'minimatch' => [OverrideSet],
362 silly Conflicting override sets       'vite' => [OverrideSet]
362 silly Conflicting override sets     }
362 silly Conflicting override sets   },
362 silly Conflicting override sets   children: Map(0) {},
362 silly Conflicting override sets   name: '@graphql-codegen/typescript-operations',
362 silly Conflicting override sets   key: '@graphql-codegen/typescript-operations',
362 silly Conflicting override sets   keySpec: '*',
362 silly Conflicting override sets   value: '4.5.0'
362 silly Conflicting override sets }
363 silly Conflicting override sets graphql
364 silly Conflicting override sets <ref *1> OverrideSet {
364 silly Conflicting override sets   parent: OverrideSet {
364 silly Conflicting override sets     parent: undefined,
364 silly Conflicting override sets     children: Map(5) {
364 silly Conflicting override sets       '@graphql-tools/url-loader' => [OverrideSet],
364 silly Conflicting override sets       '@graphql-codegen/client-preset' => [Circular *1],
364 silly Conflicting override sets       '@graphql-codegen/typescript-operations' => [OverrideSet],
364 silly Conflicting override sets       'minimatch' => [OverrideSet],
364 silly Conflicting override sets       'vite' => [OverrideSet]
364 silly Conflicting override sets     }
364 silly Conflicting override sets   },
364 silly Conflicting override sets   children: Map(0) {},
364 silly Conflicting override sets   name: '@graphql-codegen/client-preset',
364 silly Conflicting override sets   key: '@graphql-codegen/client-preset',
364 silly Conflicting override sets   keySpec: '*',
364 silly Conflicting override sets   value: '4.7.0'
364 silly Conflicting override sets } <ref *1> OverrideSet {
364 silly Conflicting override sets   parent: OverrideSet {
364 silly Conflicting override sets     parent: undefined,
364 silly Conflicting override sets     children: Map(5) {
364 silly Conflicting override sets       '@graphql-tools/url-loader' => [OverrideSet],
364 silly Conflicting override sets       '@graphql-codegen/client-preset' => [OverrideSet],
364 silly Conflicting override sets       '@graphql-codegen/typescript-operations' => [Circular *1],
364 silly Conflicting override sets       'minimatch' => [OverrideSet],
364 silly Conflicting override sets       'vite' => [OverrideSet]
364 silly Conflicting override sets     }
364 silly Conflicting override sets   },
364 silly Conflicting override sets   children: Map(0) {},
364 silly Conflicting override sets   name: '@graphql-codegen/typescript-operations',
364 silly Conflicting override sets   key: '@graphql-codegen/typescript-operations',
364 silly Conflicting override sets   keySpec: '*',
364 silly Conflicting override sets   value: '4.5.0'
364 silly Conflicting override sets }
365 silly Conflicting override sets @graphql-tools/optimize
366 silly Conflicting override sets <ref *1> OverrideSet {
366 silly Conflicting override sets   parent: OverrideSet {
366 silly Conflicting override sets     parent: undefined,
366 silly Conflicting override sets     children: Map(5) {
366 silly Conflicting override sets       '@graphql-tools/url-loader' => [OverrideSet],
366 silly Conflicting override sets       '@graphql-codegen/client-preset' => [Circular *1],
366 silly Conflicting override sets       '@graphql-codegen/typescript-operations' => [OverrideSet],
366 silly Conflicting override sets       'minimatch' => [OverrideSet],
366 silly Conflicting override sets       'vite' => [OverrideSet]
366 silly Conflicting override sets     }
366 silly Conflicting override sets   },
366 silly Conflicting override sets   children: Map(0) {},
366 silly Conflicting override sets   name: '@graphql-codegen/client-preset',
366 silly Conflicting override sets   key: '@graphql-codegen/client-preset',
366 silly Conflicting override sets   keySpec: '*',
366 silly Conflicting override sets   value: '4.7.0'
366 silly Conflicting override sets } <ref *1> OverrideSet {
366 silly Conflicting override sets   parent: OverrideSet {
366 silly Conflicting override sets     parent: undefined,
366 silly Conflicting override sets     children: Map(5) {
366 silly Conflicting override sets       '@graphql-tools/url-loader' => [OverrideSet],
366 silly Conflicting override sets       '@graphql-codegen/client-preset' => [OverrideSet],
366 silly Conflicting override sets       '@graphql-codegen/typescript-operations' => [Circular *1],
366 silly Conflicting override sets       'minimatch' => [OverrideSet],
366 silly Conflicting override sets       'vite' => [OverrideSet]
366 silly Conflicting override sets     }
366 silly Conflicting override sets   },
366 silly Conflicting override sets   children: Map(0) {},
366 silly Conflicting override sets   name: '@graphql-codegen/typescript-operations',
366 silly Conflicting override sets   key: '@graphql-codegen/typescript-operations',
366 silly Conflicting override sets   keySpec: '*',
366 silly Conflicting override sets   value: '4.5.0'
366 silly Conflicting override sets }
367 silly Conflicting override sets @graphql-codegen/plugin-helpers
368 silly Conflicting override sets <ref *1> OverrideSet {
368 silly Conflicting override sets   parent: OverrideSet {
368 silly Conflicting override sets     parent: undefined,
368 silly Conflicting override sets     children: Map(5) {
368 silly Conflicting override sets       '@graphql-tools/url-loader' => [OverrideSet],
368 silly Conflicting override sets       '@graphql-codegen/client-preset' => [Circular *1],
368 silly Conflicting override sets       '@graphql-codegen/typescript-operations' => [OverrideSet],
368 silly Conflicting override sets       'minimatch' => [OverrideSet],
368 silly Conflicting override sets       'vite' => [OverrideSet]
368 silly Conflicting override sets     }
368 silly Conflicting override sets   },
368 silly Conflicting override sets   children: Map(0) {},
368 silly Conflicting override sets   name: '@graphql-codegen/client-preset',
368 silly Conflicting override sets   key: '@graphql-codegen/client-preset',
368 silly Conflicting override sets   keySpec: '*',
368 silly Conflicting override sets   value: '4.7.0'
368 silly Conflicting override sets } <ref *1> OverrideSet {
368 silly Conflicting override sets   parent: OverrideSet {
368 silly Conflicting override sets     parent: undefined,
368 silly Conflicting override sets     children: Map(5) {
368 silly Conflicting override sets       '@graphql-tools/url-loader' => [OverrideSet],
368 silly Conflicting override sets       '@graphql-codegen/client-preset' => [OverrideSet],
368 silly Conflicting override sets       '@graphql-codegen/typescript-operations' => [Circular *1],
368 silly Conflicting override sets       'minimatch' => [OverrideSet],
368 silly Conflicting override sets       'vite' => [OverrideSet]
368 silly Conflicting override sets     }
368 silly Conflicting override sets   },
368 silly Conflicting override sets   children: Map(0) {},
368 silly Conflicting override sets   name: '@graphql-codegen/typescript-operations',
368 silly Conflicting override sets   key: '@graphql-codegen/typescript-operations',
368 silly Conflicting override sets   keySpec: '*',
368 silly Conflicting override sets   value: '4.5.0'
368 silly Conflicting override sets }
369 silly Conflicting override sets @graphql-tools/relay-operation-optimizer
370 silly Conflicting override sets <ref *1> OverrideSet {
370 silly Conflicting override sets   parent: OverrideSet {
370 silly Conflicting override sets     parent: undefined,
370 silly Conflicting override sets     children: Map(5) {
370 silly Conflicting override sets       '@graphql-tools/url-loader' => [OverrideSet],
370 silly Conflicting override sets       '@graphql-codegen/client-preset' => [Circular *1],
370 silly Conflicting override sets       '@graphql-codegen/typescript-operations' => [OverrideSet],
370 silly Conflicting override sets       'minimatch' => [OverrideSet],
370 silly Conflicting override sets       'vite' => [OverrideSet]
370 silly Conflicting override sets     }
370 silly Conflicting override sets   },
370 silly Conflicting override sets   children: Map(0) {},
370 silly Conflicting override sets   name: '@graphql-codegen/client-preset',
370 silly Conflicting override sets   key: '@graphql-codegen/client-preset',
370 silly Conflicting override sets   keySpec: '*',
370 silly Conflicting override sets   value: '4.7.0'
370 silly Conflicting override sets } <ref *1> OverrideSet {
370 silly Conflicting override sets   parent: OverrideSet {
370 silly Conflicting override sets     parent: undefined,
370 silly Conflicting override sets     children: Map(5) {
370 silly Conflicting override sets       '@graphql-tools/url-loader' => [OverrideSet],
370 silly Conflicting override sets       '@graphql-codegen/client-preset' => [OverrideSet],
370 silly Conflicting override sets       '@graphql-codegen/typescript-operations' => [Circular *1],
370 silly Conflicting override sets       'minimatch' => [OverrideSet],
370 silly Conflicting override sets       'vite' => [OverrideSet]
370 silly Conflicting override sets     }
370 silly Conflicting override sets   },
370 silly Conflicting override sets   children: Map(0) {},
370 silly Conflicting override sets   name: '@graphql-codegen/typescript-operations',
370 silly Conflicting override sets   key: '@graphql-codegen/typescript-operations',
370 silly Conflicting override sets   keySpec: '*',
370 silly Conflicting override sets   value: '4.5.0'
370 silly Conflicting override sets }
371 silly Conflicting override sets @graphql-tools/utils
372 silly Conflicting override sets <ref *1> OverrideSet {
372 silly Conflicting override sets   parent: OverrideSet {
372 silly Conflicting override sets     parent: undefined,
372 silly Conflicting override sets     children: Map(5) {
372 silly Conflicting override sets       '@graphql-tools/url-loader' => [OverrideSet],
372 silly Conflicting override sets       '@graphql-codegen/client-preset' => [Circular *1],
372 silly Conflicting override sets       '@graphql-codegen/typescript-operations' => [OverrideSet],
372 silly Conflicting override sets       'minimatch' => [OverrideSet],
372 silly Conflicting override sets       'vite' => [OverrideSet]
372 silly Conflicting override sets     }
372 silly Conflicting override sets   },
372 silly Conflicting override sets   children: Map(0) {},
372 silly Conflicting override sets   name: '@graphql-codegen/client-preset',
372 silly Conflicting override sets   key: '@graphql-codegen/client-preset',
372 silly Conflicting override sets   keySpec: '*',
372 silly Conflicting override sets   value: '4.7.0'
372 silly Conflicting override sets } <ref *1> OverrideSet {
372 silly Conflicting override sets   parent: OverrideSet {
372 silly Conflicting override sets     parent: undefined,
372 silly Conflicting override sets     children: Map(5) {
372 silly Conflicting override sets       '@graphql-tools/url-loader' => [OverrideSet],
372 silly Conflicting override sets       '@graphql-codegen/client-preset' => [OverrideSet],
372 silly Conflicting override sets       '@graphql-codegen/typescript-operations' => [Circular *1],
372 silly Conflicting override sets       'minimatch' => [OverrideSet],
372 silly Conflicting override sets       'vite' => [OverrideSet]
372 silly Conflicting override sets     }
372 silly Conflicting override sets   },
372 silly Conflicting override sets   children: Map(0) {},
372 silly Conflicting override sets   name: '@graphql-codegen/typescript-operations',
372 silly Conflicting override sets   key: '@graphql-codegen/typescript-operations',
372 silly Conflicting override sets   keySpec: '*',
372 silly Conflicting override sets   value: '4.5.0'
372 silly Conflicting override sets }
373 silly Conflicting override sets auto-bind
374 silly Conflicting override sets <ref *1> OverrideSet {
374 silly Conflicting override sets   parent: OverrideSet {
374 silly Conflicting override sets     parent: undefined,
374 silly Conflicting override sets     children: Map(5) {
374 silly Conflicting override sets       '@graphql-tools/url-loader' => [OverrideSet],
374 silly Conflicting override sets       '@graphql-codegen/client-preset' => [Circular *1],
374 silly Conflicting override sets       '@graphql-codegen/typescript-operations' => [OverrideSet],
374 silly Conflicting override sets       'minimatch' => [OverrideSet],
374 silly Conflicting override sets       'vite' => [OverrideSet]
374 silly Conflicting override sets     }
374 silly Conflicting override sets   },
374 silly Conflicting override sets   children: Map(0) {},
374 silly Conflicting override sets   name: '@graphql-codegen/client-preset',
374 silly Conflicting override sets   key: '@graphql-codegen/client-preset',
374 silly Conflicting override sets   keySpec: '*',
374 silly Conflicting override sets   value: '4.7.0'
374 silly Conflicting override sets } <ref *1> OverrideSet {
374 silly Conflicting override sets   parent: OverrideSet {
374 silly Conflicting override sets     parent: undefined,
374 silly Conflicting override sets     children: Map(5) {
374 silly Conflicting override sets       '@graphql-tools/url-loader' => [OverrideSet],
374 silly Conflicting override sets       '@graphql-codegen/client-preset' => [OverrideSet],
374 silly Conflicting override sets       '@graphql-codegen/typescript-operations' => [Circular *1],
374 silly Conflicting override sets       'minimatch' => [OverrideSet],
374 silly Conflicting override sets       'vite' => [OverrideSet]
374 silly Conflicting override sets     }
374 silly Conflicting override sets   },
374 silly Conflicting override sets   children: Map(0) {},
374 silly Conflicting override sets   name: '@graphql-codegen/typescript-operations',
374 silly Conflicting override sets   key: '@graphql-codegen/typescript-operations',
374 silly Conflicting override sets   keySpec: '*',
374 silly Conflicting override sets   value: '4.5.0'
374 silly Conflicting override sets }
375 silly Conflicting override sets dependency-graph
376 silly Conflicting override sets <ref *1> OverrideSet {
376 silly Conflicting override sets   parent: OverrideSet {
376 silly Conflicting override sets     parent: undefined,
376 silly Conflicting override sets     children: Map(5) {
376 silly Conflicting override sets       '@graphql-tools/url-loader' => [OverrideSet],
376 silly Conflicting override sets       '@graphql-codegen/client-preset' => [Circular *1],
376 silly Conflicting override sets       '@graphql-codegen/typescript-operations' => [OverrideSet],
376 silly Conflicting override sets       'minimatch' => [OverrideSet],
376 silly Conflicting override sets       'vite' => [OverrideSet]
376 silly Conflicting override sets     }
376 silly Conflicting override sets   },
376 silly Conflicting override sets   children: Map(0) {},
376 silly Conflicting override sets   name: '@graphql-codegen/client-preset',
376 silly Conflicting override sets   key: '@graphql-codegen/client-preset',
376 silly Conflicting override sets   keySpec: '*',
376 silly Conflicting override sets   value: '4.7.0'
376 silly Conflicting override sets } <ref *1> OverrideSet {
376 silly Conflicting override sets   parent: OverrideSet {
376 silly Conflicting override sets     parent: undefined,
376 silly Conflicting override sets     children: Map(5) {
376 silly Conflicting override sets       '@graphql-tools/url-loader' => [OverrideSet],
376 silly Conflicting override sets       '@graphql-codegen/client-preset' => [OverrideSet],
376 silly Conflicting override sets       '@graphql-codegen/typescript-operations' => [Circular *1],
376 silly Conflicting override sets       'minimatch' => [OverrideSet],
376 silly Conflicting override sets       'vite' => [OverrideSet]
376 silly Conflicting override sets     }
376 silly Conflicting override sets   },
376 silly Conflicting override sets   children: Map(0) {},
376 silly Conflicting override sets   name: '@graphql-codegen/typescript-operations',
376 silly Conflicting override sets   key: '@graphql-codegen/typescript-operations',
376 silly Conflicting override sets   keySpec: '*',
376 silly Conflicting override sets   value: '4.5.0'
376 silly Conflicting override sets }
377 silly Conflicting override sets graphql-tag
378 silly Conflicting override sets <ref *1> OverrideSet {
378 silly Conflicting override sets   parent: OverrideSet {
378 silly Conflicting override sets     parent: undefined,
378 silly Conflicting override sets     children: Map(5) {
378 silly Conflicting override sets       '@graphql-tools/url-loader' => [OverrideSet],
378 silly Conflicting override sets       '@graphql-codegen/client-preset' => [Circular *1],
378 silly Conflicting override sets       '@graphql-codegen/typescript-operations' => [OverrideSet],
378 silly Conflicting override sets       'minimatch' => [OverrideSet],
378 silly Conflicting override sets       'vite' => [OverrideSet]
378 silly Conflicting override sets     }
378 silly Conflicting override sets   },
378 silly Conflicting override sets   children: Map(0) {},
378 silly Conflicting override sets   name: '@graphql-codegen/client-preset',
378 silly Conflicting override sets   key: '@graphql-codegen/client-preset',
378 silly Conflicting override sets   keySpec: '*',
378 silly Conflicting override sets   value: '4.7.0'
378 silly Conflicting override sets } <ref *1> OverrideSet {
378 silly Conflicting override sets   parent: OverrideSet {
378 silly Conflicting override sets     parent: undefined,
378 silly Conflicting override sets     children: Map(5) {
378 silly Conflicting override sets       '@graphql-tools/url-loader' => [OverrideSet],
378 silly Conflicting override sets       '@graphql-codegen/client-preset' => [OverrideSet],
378 silly Conflicting override sets       '@graphql-codegen/typescript-operations' => [Circular *1],
378 silly Conflicting override sets       'minimatch' => [OverrideSet],
378 silly Conflicting override sets       'vite' => [OverrideSet]
378 silly Conflicting override sets     }
378 silly Conflicting override sets   },
378 silly Conflicting override sets   children: Map(0) {},
378 silly Conflicting override sets   name: '@graphql-codegen/typescript-operations',
378 silly Conflicting override sets   key: '@graphql-codegen/typescript-operations',
378 silly Conflicting override sets   keySpec: '*',
378 silly Conflicting override sets   value: '4.5.0'
378 silly Conflicting override sets }
379 silly Conflicting override sets parse-filepath
380 silly Conflicting override sets <ref *1> OverrideSet {
380 silly Conflicting override sets   parent: OverrideSet {
380 silly Conflicting override sets     parent: undefined,
380 silly Conflicting override sets     children: Map(5) {
380 silly Conflicting override sets       '@graphql-tools/url-loader' => [OverrideSet],
380 silly Conflicting override sets       '@graphql-codegen/client-preset' => [Circular *1],
380 silly Conflicting override sets       '@graphql-codegen/typescript-operations' => [OverrideSet],
380 silly Conflicting override sets       'minimatch' => [OverrideSet],
380 silly Conflicting override sets       'vite' => [OverrideSet]
380 silly Conflicting override sets     }
380 silly Conflicting override sets   },
380 silly Conflicting override sets   children: Map(0) {},
380 silly Conflicting override sets   name: '@graphql-codegen/client-preset',
380 silly Conflicting override sets   key: '@graphql-codegen/client-preset',
380 silly Conflicting override sets   keySpec: '*',
380 silly Conflicting override sets   value: '4.7.0'
380 silly Conflicting override sets } <ref *1> OverrideSet {
380 silly Conflicting override sets   parent: OverrideSet {
380 silly Conflicting override sets     parent: undefined,
380 silly Conflicting override sets     children: Map(5) {
380 silly Conflicting override sets       '@graphql-tools/url-loader' => [OverrideSet],
380 silly Conflicting override sets       '@graphql-codegen/client-preset' => [OverrideSet],
380 silly Conflicting override sets       '@graphql-codegen/typescript-operations' => [Circular *1],
380 silly Conflicting override sets       'minimatch' => [OverrideSet],
380 silly Conflicting override sets       'vite' => [OverrideSet]
380 silly Conflicting override sets     }
380 silly Conflicting override sets   },
380 silly Conflicting override sets   children: Map(0) {},
380 silly Conflicting override sets   name: '@graphql-codegen/typescript-operations',
380 silly Conflicting override sets   key: '@graphql-codegen/typescript-operations',
380 silly Conflicting override sets   keySpec: '*',
380 silly Conflicting override sets   value: '4.5.0'
380 silly Conflicting override sets }
381 silly Conflicting override sets change-case-all
382 silly Conflicting override sets <ref *1> OverrideSet {
382 silly Conflicting override sets   parent: OverrideSet {
382 silly Conflicting override sets     parent: undefined,
382 silly Conflicting override sets     children: Map(5) {
382 silly Conflicting override sets       '@graphql-tools/url-loader' => [OverrideSet],
382 silly Conflicting override sets       '@graphql-codegen/client-preset' => [Circular *1],
382 silly Conflicting override sets       '@graphql-codegen/typescript-operations' => [OverrideSet],
382 silly Conflicting override sets       'minimatch' => [OverrideSet],
382 silly Conflicting override sets       'vite' => [OverrideSet]
382 silly Conflicting override sets     }
382 silly Conflicting override sets   },
382 silly Conflicting override sets   children: Map(0) {},
382 silly Conflicting override sets   name: '@graphql-codegen/client-preset',
382 silly Conflicting override sets   key: '@graphql-codegen/client-preset',
382 silly Conflicting override sets   keySpec: '*',
382 silly Conflicting override sets   value: '4.7.0'
382 silly Conflicting override sets } <ref *1> OverrideSet {
382 silly Conflicting override sets   parent: OverrideSet {
382 silly Conflicting override sets     parent: undefined,
382 silly Conflicting override sets     children: Map(5) {
382 silly Conflicting override sets       '@graphql-tools/url-loader' => [Circular *1],
382 silly Conflicting override sets       '@graphql-codegen/client-preset' => [OverrideSet],
382 silly Conflicting override sets       '@graphql-codegen/typescript-operations' => [OverrideSet],
382 silly Conflicting override sets       'minimatch' => [OverrideSet],
382 silly Conflicting override sets       'vite' => [OverrideSet]
382 silly Conflicting override sets     }
382 silly Conflicting override sets   },
382 silly Conflicting override sets   children: Map(0) {},
382 silly Conflicting override sets   name: '@graphql-tools/url-loader',
382 silly Conflicting override sets   key: '@graphql-tools/url-loader',
382 silly Conflicting override sets   keySpec: '*',
382 silly Conflicting override sets   value: '8.0.16'
382 silly Conflicting override sets }
383 silly Conflicting override sets graphql
384 silly Conflicting override sets <ref *1> OverrideSet {
384 silly Conflicting override sets   parent: OverrideSet {
384 silly Conflicting override sets     parent: undefined,
384 silly Conflicting override sets     children: Map(5) {
384 silly Conflicting override sets       '@graphql-tools/url-loader' => [OverrideSet],
384 silly Conflicting override sets       '@graphql-codegen/client-preset' => [Circular *1],
384 silly Conflicting override sets       '@graphql-codegen/typescript-operations' => [OverrideSet],
384 silly Conflicting override sets       'minimatch' => [OverrideSet],
384 silly Conflicting override sets       'vite' => [OverrideSet]
384 silly Conflicting override sets     }
384 silly Conflicting override sets   },
384 silly Conflicting override sets   children: Map(0) {},
384 silly Conflicting override sets   name: '@graphql-codegen/client-preset',
384 silly Conflicting override sets   key: '@graphql-codegen/client-preset',
384 silly Conflicting override sets   keySpec: '*',
384 silly Conflicting override sets   value: '4.7.0'
384 silly Conflicting override sets } <ref *1> OverrideSet {
384 silly Conflicting override sets   parent: OverrideSet {
384 silly Conflicting override sets     parent: undefined,
384 silly Conflicting override sets     children: Map(5) {
384 silly Conflicting override sets       '@graphql-tools/url-loader' => [Circular *1],
384 silly Conflicting override sets       '@graphql-codegen/client-preset' => [OverrideSet],
384 silly Conflicting override sets       '@graphql-codegen/typescript-operations' => [OverrideSet],
384 silly Conflicting override sets       'minimatch' => [OverrideSet],
384 silly Conflicting override sets       'vite' => [OverrideSet]
384 silly Conflicting override sets     }
384 silly Conflicting override sets   },
384 silly Conflicting override sets   children: Map(0) {},
384 silly Conflicting override sets   name: '@graphql-tools/url-loader',
384 silly Conflicting override sets   key: '@graphql-tools/url-loader',
384 silly Conflicting override sets   keySpec: '*',
384 silly Conflicting override sets   value: '8.0.16'
384 silly Conflicting override sets }
385 silly Conflicting override sets @graphql-typed-document-node/core
386 silly Conflicting override sets <ref *1> OverrideSet {
386 silly Conflicting override sets   parent: OverrideSet {
386 silly Conflicting override sets     parent: undefined,
386 silly Conflicting override sets     children: Map(5) {
386 silly Conflicting override sets       '@graphql-tools/url-loader' => [OverrideSet],
386 silly Conflicting override sets       '@graphql-codegen/client-preset' => [Circular *1],
386 silly Conflicting override sets       '@graphql-codegen/typescript-operations' => [OverrideSet],
386 silly Conflicting override sets       'minimatch' => [OverrideSet],
386 silly Conflicting override sets       'vite' => [OverrideSet]
386 silly Conflicting override sets     }
386 silly Conflicting override sets   },
386 silly Conflicting override sets   children: Map(0) {},
386 silly Conflicting override sets   name: '@graphql-codegen/client-preset',
386 silly Conflicting override sets   key: '@graphql-codegen/client-preset',
386 silly Conflicting override sets   keySpec: '*',
386 silly Conflicting override sets   value: '4.7.0'
386 silly Conflicting override sets } <ref *1> OverrideSet {
386 silly Conflicting override sets   parent: OverrideSet {
386 silly Conflicting override sets     parent: undefined,
386 silly Conflicting override sets     children: Map(5) {
386 silly Conflicting override sets       '@graphql-tools/url-loader' => [Circular *1],
386 silly Conflicting override sets       '@graphql-codegen/client-preset' => [OverrideSet],
386 silly Conflicting override sets       '@graphql-codegen/typescript-operations' => [OverrideSet],
386 silly Conflicting override sets       'minimatch' => [OverrideSet],
386 silly Conflicting override sets       'vite' => [OverrideSet]
386 silly Conflicting override sets     }
386 silly Conflicting override sets   },
386 silly Conflicting override sets   children: Map(0) {},
386 silly Conflicting override sets   name: '@graphql-tools/url-loader',
386 silly Conflicting override sets   key: '@graphql-tools/url-loader',
386 silly Conflicting override sets   keySpec: '*',
386 silly Conflicting override sets   value: '8.0.16'
386 silly Conflicting override sets }
387 silly Conflicting override sets cross-inspect
388 silly Conflicting override sets <ref *1> OverrideSet {
388 silly Conflicting override sets   parent: OverrideSet {
388 silly Conflicting override sets     parent: undefined,
388 silly Conflicting override sets     children: Map(5) {
388 silly Conflicting override sets       '@graphql-tools/url-loader' => [OverrideSet],
388 silly Conflicting override sets       '@graphql-codegen/client-preset' => [Circular *1],
388 silly Conflicting override sets       '@graphql-codegen/typescript-operations' => [OverrideSet],
388 silly Conflicting override sets       'minimatch' => [OverrideSet],
388 silly Conflicting override sets       'vite' => [OverrideSet]
388 silly Conflicting override sets     }
388 silly Conflicting override sets   },
388 silly Conflicting override sets   children: Map(0) {},
388 silly Conflicting override sets   name: '@graphql-codegen/client-preset',
388 silly Conflicting override sets   key: '@graphql-codegen/client-preset',
388 silly Conflicting override sets   keySpec: '*',
388 silly Conflicting override sets   value: '4.7.0'
388 silly Conflicting override sets } <ref *1> OverrideSet {
388 silly Conflicting override sets   parent: OverrideSet {
388 silly Conflicting override sets     parent: undefined,
388 silly Conflicting override sets     children: Map(5) {
388 silly Conflicting override sets       '@graphql-tools/url-loader' => [Circular *1],
388 silly Conflicting override sets       '@graphql-codegen/client-preset' => [OverrideSet],
388 silly Conflicting override sets       '@graphql-codegen/typescript-operations' => [OverrideSet],
388 silly Conflicting override sets       'minimatch' => [OverrideSet],
388 silly Conflicting override sets       'vite' => [OverrideSet]
388 silly Conflicting override sets     }
388 silly Conflicting override sets   },
388 silly Conflicting override sets   children: Map(0) {},
388 silly Conflicting override sets   name: '@graphql-tools/url-loader',
388 silly Conflicting override sets   key: '@graphql-tools/url-loader',
388 silly Conflicting override sets   keySpec: '*',
388 silly Conflicting override sets   value: '8.0.16'
388 silly Conflicting override sets }
389 silly Conflicting override sets graphql
390 silly Conflicting override sets <ref *1> OverrideSet {
390 silly Conflicting override sets   parent: OverrideSet {
390 silly Conflicting override sets     parent: undefined,
390 silly Conflicting override sets     children: Map(5) {
390 silly Conflicting override sets       '@graphql-tools/url-loader' => [OverrideSet],
390 silly Conflicting override sets       '@graphql-codegen/client-preset' => [Circular *1],
390 silly Conflicting override sets       '@graphql-codegen/typescript-operations' => [OverrideSet],
390 silly Conflicting override sets       'minimatch' => [OverrideSet],
390 silly Conflicting override sets       'vite' => [OverrideSet]
390 silly Conflicting override sets     }
390 silly Conflicting override sets   },
390 silly Conflicting override sets   children: Map(0) {},
390 silly Conflicting override sets   name: '@graphql-codegen/client-preset',
390 silly Conflicting override sets   key: '@graphql-codegen/client-preset',
390 silly Conflicting override sets   keySpec: '*',
390 silly Conflicting override sets   value: '4.7.0'
390 silly Conflicting override sets } <ref *1> OverrideSet {
390 silly Conflicting override sets   parent: OverrideSet {
390 silly Conflicting override sets     parent: undefined,
390 silly Conflicting override sets     children: Map(5) {
390 silly Conflicting override sets       '@graphql-tools/url-loader' => [Circular *1],
390 silly Conflicting override sets       '@graphql-codegen/client-preset' => [OverrideSet],
390 silly Conflicting override sets       '@graphql-codegen/typescript-operations' => [OverrideSet],
390 silly Conflicting override sets       'minimatch' => [OverrideSet],
390 silly Conflicting override sets       'vite' => [OverrideSet]
390 silly Conflicting override sets     }
390 silly Conflicting override sets   },
390 silly Conflicting override sets   children: Map(0) {},
390 silly Conflicting override sets   name: '@graphql-tools/url-loader',
390 silly Conflicting override sets   key: '@graphql-tools/url-loader',
390 silly Conflicting override sets   keySpec: '*',
390 silly Conflicting override sets   value: '8.0.16'
390 silly Conflicting override sets }
391 silly Conflicting override sets @graphql-typed-document-node/core
392 silly Conflicting override sets <ref *1> OverrideSet {
392 silly Conflicting override sets   parent: OverrideSet {
392 silly Conflicting override sets     parent: undefined,
392 silly Conflicting override sets     children: Map(5) {
392 silly Conflicting override sets       '@graphql-tools/url-loader' => [OverrideSet],
392 silly Conflicting override sets       '@graphql-codegen/client-preset' => [Circular *1],
392 silly Conflicting override sets       '@graphql-codegen/typescript-operations' => [OverrideSet],
392 silly Conflicting override sets       'minimatch' => [OverrideSet],
392 silly Conflicting override sets       'vite' => [OverrideSet]
392 silly Conflicting override sets     }
392 silly Conflicting override sets   },
392 silly Conflicting override sets   children: Map(0) {},
392 silly Conflicting override sets   name: '@graphql-codegen/client-preset',
392 silly Conflicting override sets   key: '@graphql-codegen/client-preset',
392 silly Conflicting override sets   keySpec: '*',
392 silly Conflicting override sets   value: '4.7.0'
392 silly Conflicting override sets } <ref *1> OverrideSet {
392 silly Conflicting override sets   parent: OverrideSet {
392 silly Conflicting override sets     parent: undefined,
392 silly Conflicting override sets     children: Map(5) {
392 silly Conflicting override sets       '@graphql-tools/url-loader' => [Circular *1],
392 silly Conflicting override sets       '@graphql-codegen/client-preset' => [OverrideSet],
392 silly Conflicting override sets       '@graphql-codegen/typescript-operations' => [OverrideSet],
392 silly Conflicting override sets       'minimatch' => [OverrideSet],
392 silly Conflicting override sets       'vite' => [OverrideSet]
392 silly Conflicting override sets     }
392 silly Conflicting override sets   },
392 silly Conflicting override sets   children: Map(0) {},
392 silly Conflicting override sets   name: '@graphql-tools/url-loader',
392 silly Conflicting override sets   key: '@graphql-tools/url-loader',
392 silly Conflicting override sets   keySpec: '*',
392 silly Conflicting override sets   value: '8.0.16'
392 silly Conflicting override sets }
393 silly Conflicting override sets cross-inspect
394 silly Conflicting override sets <ref *1> OverrideSet {
394 silly Conflicting override sets   parent: OverrideSet {
394 silly Conflicting override sets     parent: undefined,
394 silly Conflicting override sets     children: Map(5) {
394 silly Conflicting override sets       '@graphql-tools/url-loader' => [OverrideSet],
394 silly Conflicting override sets       '@graphql-codegen/client-preset' => [Circular *1],
394 silly Conflicting override sets       '@graphql-codegen/typescript-operations' => [OverrideSet],
394 silly Conflicting override sets       'minimatch' => [OverrideSet],
394 silly Conflicting override sets       'vite' => [OverrideSet]
394 silly Conflicting override sets     }
394 silly Conflicting override sets   },
394 silly Conflicting override sets   children: Map(0) {},
394 silly Conflicting override sets   name: '@graphql-codegen/client-preset',
394 silly Conflicting override sets   key: '@graphql-codegen/client-preset',
394 silly Conflicting override sets   keySpec: '*',
394 silly Conflicting override sets   value: '4.7.0'
394 silly Conflicting override sets } <ref *1> OverrideSet {
394 silly Conflicting override sets   parent: OverrideSet {
394 silly Conflicting override sets     parent: undefined,
394 silly Conflicting override sets     children: Map(5) {
394 silly Conflicting override sets       '@graphql-tools/url-loader' => [OverrideSet],
394 silly Conflicting override sets       '@graphql-codegen/client-preset' => [OverrideSet],
394 silly Conflicting override sets       '@graphql-codegen/typescript-operations' => [Circular *1],
394 silly Conflicting override sets       'minimatch' => [OverrideSet],
394 silly Conflicting override sets       'vite' => [OverrideSet]
394 silly Conflicting override sets     }
394 silly Conflicting override sets   },
394 silly Conflicting override sets   children: Map(0) {},
394 silly Conflicting override sets   name: '@graphql-codegen/typescript-operations',
394 silly Conflicting override sets   key: '@graphql-codegen/typescript-operations',
394 silly Conflicting override sets   keySpec: '*',
394 silly Conflicting override sets   value: '4.5.0'
394 silly Conflicting override sets }
395 silly Conflicting override sets graphql
396 silly Conflicting override sets <ref *1> OverrideSet {
396 silly Conflicting override sets   parent: OverrideSet {
396 silly Conflicting override sets     parent: undefined,
396 silly Conflicting override sets     children: Map(5) {
396 silly Conflicting override sets       '@graphql-tools/url-loader' => [OverrideSet],
396 silly Conflicting override sets       '@graphql-codegen/client-preset' => [Circular *1],
396 silly Conflicting override sets       '@graphql-codegen/typescript-operations' => [OverrideSet],
396 silly Conflicting override sets       'minimatch' => [OverrideSet],
396 silly Conflicting override sets       'vite' => [OverrideSet]
396 silly Conflicting override sets     }
396 silly Conflicting override sets   },
396 silly Conflicting override sets   children: Map(0) {},
396 silly Conflicting override sets   name: '@graphql-codegen/client-preset',
396 silly Conflicting override sets   key: '@graphql-codegen/client-preset',
396 silly Conflicting override sets   keySpec: '*',
396 silly Conflicting override sets   value: '4.7.0'
396 silly Conflicting override sets } <ref *1> OverrideSet {
396 silly Conflicting override sets   parent: OverrideSet {
396 silly Conflicting override sets     parent: undefined,
396 silly Conflicting override sets     children: Map(5) {
396 silly Conflicting override sets       '@graphql-tools/url-loader' => [OverrideSet],
396 silly Conflicting override sets       '@graphql-codegen/client-preset' => [OverrideSet],
396 silly Conflicting override sets       '@graphql-codegen/typescript-operations' => [Circular *1],
396 silly Conflicting override sets       'minimatch' => [OverrideSet],
396 silly Conflicting override sets       'vite' => [OverrideSet]
396 silly Conflicting override sets     }
396 silly Conflicting override sets   },
396 silly Conflicting override sets   children: Map(0) {},
396 silly Conflicting override sets   name: '@graphql-codegen/typescript-operations',
396 silly Conflicting override sets   key: '@graphql-codegen/typescript-operations',
396 silly Conflicting override sets   keySpec: '*',
396 silly Conflicting override sets   value: '4.5.0'
396 silly Conflicting override sets }
397 silly Conflicting override sets @graphql-codegen/plugin-helpers
398 silly Conflicting override sets <ref *1> OverrideSet {
398 silly Conflicting override sets   parent: OverrideSet {
398 silly Conflicting override sets     parent: undefined,
398 silly Conflicting override sets     children: Map(5) {
398 silly Conflicting override sets       '@graphql-tools/url-loader' => [OverrideSet],
398 silly Conflicting override sets       '@graphql-codegen/client-preset' => [Circular *1],
398 silly Conflicting override sets       '@graphql-codegen/typescript-operations' => [OverrideSet],
398 silly Conflicting override sets       'minimatch' => [OverrideSet],
398 silly Conflicting override sets       'vite' => [OverrideSet]
398 silly Conflicting override sets     }
398 silly Conflicting override sets   },
398 silly Conflicting override sets   children: Map(0) {},
398 silly Conflicting override sets   name: '@graphql-codegen/client-preset',
398 silly Conflicting override sets   key: '@graphql-codegen/client-preset',
398 silly Conflicting override sets   keySpec: '*',
398 silly Conflicting override sets   value: '4.7.0'
398 silly Conflicting override sets } <ref *1> OverrideSet {
398 silly Conflicting override sets   parent: OverrideSet {
398 silly Conflicting override sets     parent: undefined,
398 silly Conflicting override sets     children: Map(5) {
398 silly Conflicting override sets       '@graphql-tools/url-loader' => [OverrideSet],
398 silly Conflicting override sets       '@graphql-codegen/client-preset' => [OverrideSet],
398 silly Conflicting override sets       '@graphql-codegen/typescript-operations' => [Circular *1],
398 silly Conflicting override sets       'minimatch' => [OverrideSet],
398 silly Conflicting override sets       'vite' => [OverrideSet]
398 silly Conflicting override sets     }
398 silly Conflicting override sets   },
398 silly Conflicting override sets   children: Map(0) {},
398 silly Conflicting override sets   name: '@graphql-codegen/typescript-operations',
398 silly Conflicting override sets   key: '@graphql-codegen/typescript-operations',
398 silly Conflicting override sets   keySpec: '*',
398 silly Conflicting override sets   value: '4.5.0'
398 silly Conflicting override sets }
399 silly Conflicting override sets graphql
400 silly Conflicting override sets <ref *1> OverrideSet {
400 silly Conflicting override sets   parent: OverrideSet {
400 silly Conflicting override sets     parent: undefined,
400 silly Conflicting override sets     children: Map(5) {
400 silly Conflicting override sets       '@graphql-tools/url-loader' => [OverrideSet],
400 silly Conflicting override sets       '@graphql-codegen/client-preset' => [Circular *1],
400 silly Conflicting override sets       '@graphql-codegen/typescript-operations' => [OverrideSet],
400 silly Conflicting override sets       'minimatch' => [OverrideSet],
400 silly Conflicting override sets       'vite' => [OverrideSet]
400 silly Conflicting override sets     }
400 silly Conflicting override sets   },
400 silly Conflicting override sets   children: Map(0) {},
400 silly Conflicting override sets   name: '@graphql-codegen/client-preset',
400 silly Conflicting override sets   key: '@graphql-codegen/client-preset',
400 silly Conflicting override sets   keySpec: '*',
400 silly Conflicting override sets   value: '4.7.0'
400 silly Conflicting override sets } <ref *1> OverrideSet {
400 silly Conflicting override sets   parent: OverrideSet {
400 silly Conflicting override sets     parent: undefined,
400 silly Conflicting override sets     children: Map(5) {
400 silly Conflicting override sets       '@graphql-tools/url-loader' => [OverrideSet],
400 silly Conflicting override sets       '@graphql-codegen/client-preset' => [OverrideSet],
400 silly Conflicting override sets       '@graphql-codegen/typescript-operations' => [Circular *1],
400 silly Conflicting override sets       'minimatch' => [OverrideSet],
400 silly Conflicting override sets       'vite' => [OverrideSet]
400 silly Conflicting override sets     }
400 silly Conflicting override sets   },
400 silly Conflicting override sets   children: Map(0) {},
400 silly Conflicting override sets   name: '@graphql-codegen/typescript-operations',
400 silly Conflicting override sets   key: '@graphql-codegen/typescript-operations',
400 silly Conflicting override sets   keySpec: '*',
400 silly Conflicting override sets   value: '4.5.0'
400 silly Conflicting override sets }
401 silly Conflicting override sets @graphql-codegen/plugin-helpers
402 silly Conflicting override sets <ref *1> OverrideSet {
402 silly Conflicting override sets   parent: OverrideSet {
402 silly Conflicting override sets     parent: undefined,
402 silly Conflicting override sets     children: Map(5) {
402 silly Conflicting override sets       '@graphql-tools/url-loader' => [OverrideSet],
402 silly Conflicting override sets       '@graphql-codegen/client-preset' => [Circular *1],
402 silly Conflicting override sets       '@graphql-codegen/typescript-operations' => [OverrideSet],
402 silly Conflicting override sets       'minimatch' => [OverrideSet],
402 silly Conflicting override sets       'vite' => [OverrideSet]
402 silly Conflicting override sets     }
402 silly Conflicting override sets   },
402 silly Conflicting override sets   children: Map(0) {},
402 silly Conflicting override sets   name: '@graphql-codegen/client-preset',
402 silly Conflicting override sets   key: '@graphql-codegen/client-preset',
402 silly Conflicting override sets   keySpec: '*',
402 silly Conflicting override sets   value: '4.7.0'
402 silly Conflicting override sets } <ref *1> OverrideSet {
402 silly Conflicting override sets   parent: OverrideSet {
402 silly Conflicting override sets     parent: undefined,
402 silly Conflicting override sets     children: Map(5) {
402 silly Conflicting override sets       '@graphql-tools/url-loader' => [OverrideSet],
402 silly Conflicting override sets       '@graphql-codegen/client-preset' => [OverrideSet],
402 silly Conflicting override sets       '@graphql-codegen/typescript-operations' => [Circular *1],
402 silly Conflicting override sets       'minimatch' => [OverrideSet],
402 silly Conflicting override sets       'vite' => [OverrideSet]
402 silly Conflicting override sets     }
402 silly Conflicting override sets   },
402 silly Conflicting override sets   children: Map(0) {},
402 silly Conflicting override sets   name: '@graphql-codegen/typescript-operations',
402 silly Conflicting override sets   key: '@graphql-codegen/typescript-operations',
402 silly Conflicting override sets   keySpec: '*',
402 silly Conflicting override sets   value: '4.5.0'
402 silly Conflicting override sets }
403 silly Conflicting override sets @graphql-tools/utils
404 silly Conflicting override sets <ref *1> OverrideSet {
404 silly Conflicting override sets   parent: OverrideSet {
404 silly Conflicting override sets     parent: undefined,
404 silly Conflicting override sets     children: Map(5) {
404 silly Conflicting override sets       '@graphql-tools/url-loader' => [OverrideSet],
404 silly Conflicting override sets       '@graphql-codegen/client-preset' => [Circular *1],
404 silly Conflicting override sets       '@graphql-codegen/typescript-operations' => [OverrideSet],
404 silly Conflicting override sets       'minimatch' => [OverrideSet],
404 silly Conflicting override sets       'vite' => [OverrideSet]
404 silly Conflicting override sets     }
404 silly Conflicting override sets   },
404 silly Conflicting override sets   children: Map(0) {},
404 silly Conflicting override sets   name: '@graphql-codegen/client-preset',
404 silly Conflicting override sets   key: '@graphql-codegen/client-preset',
404 silly Conflicting override sets   keySpec: '*',
404 silly Conflicting override sets   value: '4.7.0'
404 silly Conflicting override sets } <ref *1> OverrideSet {
404 silly Conflicting override sets   parent: OverrideSet {
404 silly Conflicting override sets     parent: undefined,
404 silly Conflicting override sets     children: Map(5) {
404 silly Conflicting override sets       '@graphql-tools/url-loader' => [OverrideSet],
404 silly Conflicting override sets       '@graphql-codegen/client-preset' => [OverrideSet],
404 silly Conflicting override sets       '@graphql-codegen/typescript-operations' => [Circular *1],
404 silly Conflicting override sets       'minimatch' => [OverrideSet],
404 silly Conflicting override sets       'vite' => [OverrideSet]
404 silly Conflicting override sets     }
404 silly Conflicting override sets   },
404 silly Conflicting override sets   children: Map(0) {},
404 silly Conflicting override sets   name: '@graphql-codegen/typescript-operations',
404 silly Conflicting override sets   key: '@graphql-codegen/typescript-operations',
404 silly Conflicting override sets   keySpec: '*',
404 silly Conflicting override sets   value: '4.5.0'
404 silly Conflicting override sets }
405 silly Conflicting override sets auto-bind
406 silly Conflicting override sets <ref *1> OverrideSet {
406 silly Conflicting override sets   parent: OverrideSet {
406 silly Conflicting override sets     parent: undefined,
406 silly Conflicting override sets     children: Map(5) {
406 silly Conflicting override sets       '@graphql-tools/url-loader' => [OverrideSet],
406 silly Conflicting override sets       '@graphql-codegen/client-preset' => [Circular *1],
406 silly Conflicting override sets       '@graphql-codegen/typescript-operations' => [OverrideSet],
406 silly Conflicting override sets       'minimatch' => [OverrideSet],
406 silly Conflicting override sets       'vite' => [OverrideSet]
406 silly Conflicting override sets     }
406 silly Conflicting override sets   },
406 silly Conflicting override sets   children: Map(0) {},
406 silly Conflicting override sets   name: '@graphql-codegen/client-preset',
406 silly Conflicting override sets   key: '@graphql-codegen/client-preset',
406 silly Conflicting override sets   keySpec: '*',
406 silly Conflicting override sets   value: '4.7.0'
406 silly Conflicting override sets } <ref *1> OverrideSet {
406 silly Conflicting override sets   parent: OverrideSet {
406 silly Conflicting override sets     parent: undefined,
406 silly Conflicting override sets     children: Map(5) {
406 silly Conflicting override sets       '@graphql-tools/url-loader' => [Circular *1],
406 silly Conflicting override sets       '@graphql-codegen/client-preset' => [OverrideSet],
406 silly Conflicting override sets       '@graphql-codegen/typescript-operations' => [OverrideSet],
406 silly Conflicting override sets       'minimatch' => [OverrideSet],
406 silly Conflicting override sets       'vite' => [OverrideSet]
406 silly Conflicting override sets     }
406 silly Conflicting override sets   },
406 silly Conflicting override sets   children: Map(0) {},
406 silly Conflicting override sets   name: '@graphql-tools/url-loader',
406 silly Conflicting override sets   key: '@graphql-tools/url-loader',
406 silly Conflicting override sets   keySpec: '*',
406 silly Conflicting override sets   value: '8.0.16'
406 silly Conflicting override sets }
407 silly Conflicting override sets graphql
408 silly Conflicting override sets <ref *1> OverrideSet {
408 silly Conflicting override sets   parent: OverrideSet {
408 silly Conflicting override sets     parent: undefined,
408 silly Conflicting override sets     children: Map(5) {
408 silly Conflicting override sets       '@graphql-tools/url-loader' => [OverrideSet],
408 silly Conflicting override sets       '@graphql-codegen/client-preset' => [Circular *1],
408 silly Conflicting override sets       '@graphql-codegen/typescript-operations' => [OverrideSet],
408 silly Conflicting override sets       'minimatch' => [OverrideSet],
408 silly Conflicting override sets       'vite' => [OverrideSet]
408 silly Conflicting override sets     }
408 silly Conflicting override sets   },
408 silly Conflicting override sets   children: Map(0) {},
408 silly Conflicting override sets   name: '@graphql-codegen/client-preset',
408 silly Conflicting override sets   key: '@graphql-codegen/client-preset',
408 silly Conflicting override sets   keySpec: '*',
408 silly Conflicting override sets   value: '4.7.0'
408 silly Conflicting override sets } <ref *1> OverrideSet {
408 silly Conflicting override sets   parent: OverrideSet {
408 silly Conflicting override sets     parent: undefined,
408 silly Conflicting override sets     children: Map(5) {
408 silly Conflicting override sets       '@graphql-tools/url-loader' => [Circular *1],
408 silly Conflicting override sets       '@graphql-codegen/client-preset' => [OverrideSet],
408 silly Conflicting override sets       '@graphql-codegen/typescript-operations' => [OverrideSet],
408 silly Conflicting override sets       'minimatch' => [OverrideSet],
408 silly Conflicting override sets       'vite' => [OverrideSet]
408 silly Conflicting override sets     }
408 silly Conflicting override sets   },
408 silly Conflicting override sets   children: Map(0) {},
408 silly Conflicting override sets   name: '@graphql-tools/url-loader',
408 silly Conflicting override sets   key: '@graphql-tools/url-loader',
408 silly Conflicting override sets   keySpec: '*',
408 silly Conflicting override sets   value: '8.0.16'
408 silly Conflicting override sets }
409 silly Conflicting override sets @graphql-typed-document-node/core
410 silly Conflicting override sets <ref *1> OverrideSet {
410 silly Conflicting override sets   parent: OverrideSet {
410 silly Conflicting override sets     parent: undefined,
410 silly Conflicting override sets     children: Map(5) {
410 silly Conflicting override sets       '@graphql-tools/url-loader' => [OverrideSet],
410 silly Conflicting override sets       '@graphql-codegen/client-preset' => [Circular *1],
410 silly Conflicting override sets       '@graphql-codegen/typescript-operations' => [OverrideSet],
410 silly Conflicting override sets       'minimatch' => [OverrideSet],
410 silly Conflicting override sets       'vite' => [OverrideSet]
410 silly Conflicting override sets     }
410 silly Conflicting override sets   },
410 silly Conflicting override sets   children: Map(0) {},
410 silly Conflicting override sets   name: '@graphql-codegen/client-preset',
410 silly Conflicting override sets   key: '@graphql-codegen/client-preset',
410 silly Conflicting override sets   keySpec: '*',
410 silly Conflicting override sets   value: '4.7.0'
410 silly Conflicting override sets } <ref *1> OverrideSet {
410 silly Conflicting override sets   parent: OverrideSet {
410 silly Conflicting override sets     parent: undefined,
410 silly Conflicting override sets     children: Map(5) {
410 silly Conflicting override sets       '@graphql-tools/url-loader' => [Circular *1],
410 silly Conflicting override sets       '@graphql-codegen/client-preset' => [OverrideSet],
410 silly Conflicting override sets       '@graphql-codegen/typescript-operations' => [OverrideSet],
410 silly Conflicting override sets       'minimatch' => [OverrideSet],
410 silly Conflicting override sets       'vite' => [OverrideSet]
410 silly Conflicting override sets     }
410 silly Conflicting override sets   },
410 silly Conflicting override sets   children: Map(0) {},
410 silly Conflicting override sets   name: '@graphql-tools/url-loader',
410 silly Conflicting override sets   key: '@graphql-tools/url-loader',
410 silly Conflicting override sets   keySpec: '*',
410 silly Conflicting override sets   value: '8.0.16'
410 silly Conflicting override sets }
411 silly Conflicting override sets cross-inspect
412 silly Conflicting override sets <ref *1> OverrideSet {
412 silly Conflicting override sets   parent: OverrideSet {
412 silly Conflicting override sets     parent: undefined,
412 silly Conflicting override sets     children: Map(5) {
412 silly Conflicting override sets       '@graphql-tools/url-loader' => [OverrideSet],
412 silly Conflicting override sets       '@graphql-codegen/client-preset' => [Circular *1],
412 silly Conflicting override sets       '@graphql-codegen/typescript-operations' => [OverrideSet],
412 silly Conflicting override sets       'minimatch' => [OverrideSet],
412 silly Conflicting override sets       'vite' => [OverrideSet]
412 silly Conflicting override sets     }
412 silly Conflicting override sets   },
412 silly Conflicting override sets   children: Map(0) {},
412 silly Conflicting override sets   name: '@graphql-codegen/client-preset',
412 silly Conflicting override sets   key: '@graphql-codegen/client-preset',
412 silly Conflicting override sets   keySpec: '*',
412 silly Conflicting override sets   value: '4.7.0'
412 silly Conflicting override sets } <ref *1> OverrideSet {
412 silly Conflicting override sets   parent: OverrideSet {
412 silly Conflicting override sets     parent: undefined,
412 silly Conflicting override sets     children: Map(5) {
412 silly Conflicting override sets       '@graphql-tools/url-loader' => [Circular *1],
412 silly Conflicting override sets       '@graphql-codegen/client-preset' => [OverrideSet],
412 silly Conflicting override sets       '@graphql-codegen/typescript-operations' => [OverrideSet],
412 silly Conflicting override sets       'minimatch' => [OverrideSet],
412 silly Conflicting override sets       'vite' => [OverrideSet]
412 silly Conflicting override sets     }
412 silly Conflicting override sets   },
412 silly Conflicting override sets   children: Map(0) {},
412 silly Conflicting override sets   name: '@graphql-tools/url-loader',
412 silly Conflicting override sets   key: '@graphql-tools/url-loader',
412 silly Conflicting override sets   keySpec: '*',
412 silly Conflicting override sets   value: '8.0.16'
412 silly Conflicting override sets }
413 silly Conflicting override sets graphql
414 silly Conflicting override sets <ref *1> OverrideSet {
414 silly Conflicting override sets   parent: OverrideSet {
414 silly Conflicting override sets     parent: undefined,
414 silly Conflicting override sets     children: Map(5) {
414 silly Conflicting override sets       '@graphql-tools/url-loader' => [OverrideSet],
414 silly Conflicting override sets       '@graphql-codegen/client-preset' => [Circular *1],
414 silly Conflicting override sets       '@graphql-codegen/typescript-operations' => [OverrideSet],
414 silly Conflicting override sets       'minimatch' => [OverrideSet],
414 silly Conflicting override sets       'vite' => [OverrideSet]
414 silly Conflicting override sets     }
414 silly Conflicting override sets   },
414 silly Conflicting override sets   children: Map(0) {},
414 silly Conflicting override sets   name: '@graphql-codegen/client-preset',
414 silly Conflicting override sets   key: '@graphql-codegen/client-preset',
414 silly Conflicting override sets   keySpec: '*',
414 silly Conflicting override sets   value: '4.7.0'
414 silly Conflicting override sets } <ref *1> OverrideSet {
414 silly Conflicting override sets   parent: OverrideSet {
414 silly Conflicting override sets     parent: undefined,
414 silly Conflicting override sets     children: Map(5) {
414 silly Conflicting override sets       '@graphql-tools/url-loader' => [Circular *1],
414 silly Conflicting override sets       '@graphql-codegen/client-preset' => [OverrideSet],
414 silly Conflicting override sets       '@graphql-codegen/typescript-operations' => [OverrideSet],
414 silly Conflicting override sets       'minimatch' => [OverrideSet],
414 silly Conflicting override sets       'vite' => [OverrideSet]
414 silly Conflicting override sets     }
414 silly Conflicting override sets   },
414 silly Conflicting override sets   children: Map(0) {},
414 silly Conflicting override sets   name: '@graphql-tools/url-loader',
414 silly Conflicting override sets   key: '@graphql-tools/url-loader',
414 silly Conflicting override sets   keySpec: '*',
414 silly Conflicting override sets   value: '8.0.16'
414 silly Conflicting override sets }
415 silly Conflicting override sets @graphql-typed-document-node/core
416 silly Conflicting override sets <ref *1> OverrideSet {
416 silly Conflicting override sets   parent: OverrideSet {
416 silly Conflicting override sets     parent: undefined,
416 silly Conflicting override sets     children: Map(5) {
416 silly Conflicting override sets       '@graphql-tools/url-loader' => [OverrideSet],
416 silly Conflicting override sets       '@graphql-codegen/client-preset' => [Circular *1],
416 silly Conflicting override sets       '@graphql-codegen/typescript-operations' => [OverrideSet],
416 silly Conflicting override sets       'minimatch' => [OverrideSet],
416 silly Conflicting override sets       'vite' => [OverrideSet]
416 silly Conflicting override sets     }
416 silly Conflicting override sets   },
416 silly Conflicting override sets   children: Map(0) {},
416 silly Conflicting override sets   name: '@graphql-codegen/client-preset',
416 silly Conflicting override sets   key: '@graphql-codegen/client-preset',
416 silly Conflicting override sets   keySpec: '*',
416 silly Conflicting override sets   value: '4.7.0'
416 silly Conflicting override sets } <ref *1> OverrideSet {
416 silly Conflicting override sets   parent: OverrideSet {
416 silly Conflicting override sets     parent: undefined,
416 silly Conflicting override sets     children: Map(5) {
416 silly Conflicting override sets       '@graphql-tools/url-loader' => [Circular *1],
416 silly Conflicting override sets       '@graphql-codegen/client-preset' => [OverrideSet],
416 silly Conflicting override sets       '@graphql-codegen/typescript-operations' => [OverrideSet],
416 silly Conflicting override sets       'minimatch' => [OverrideSet],
416 silly Conflicting override sets       'vite' => [OverrideSet]
416 silly Conflicting override sets     }
416 silly Conflicting override sets   },
416 silly Conflicting override sets   children: Map(0) {},
416 silly Conflicting override sets   name: '@graphql-tools/url-loader',
416 silly Conflicting override sets   key: '@graphql-tools/url-loader',
416 silly Conflicting override sets   keySpec: '*',
416 silly Conflicting override sets   value: '8.0.16'
416 silly Conflicting override sets }
417 silly Conflicting override sets cross-inspect
418 silly Conflicting override sets <ref *1> OverrideSet {
418 silly Conflicting override sets   parent: OverrideSet {
418 silly Conflicting override sets     parent: undefined,
418 silly Conflicting override sets     children: Map(5) {
418 silly Conflicting override sets       '@graphql-tools/url-loader' => [OverrideSet],
418 silly Conflicting override sets       '@graphql-codegen/client-preset' => [OverrideSet],
418 silly Conflicting override sets       '@graphql-codegen/typescript-operations' => [Circular *1],
418 silly Conflicting override sets       'minimatch' => [OverrideSet],
418 silly Conflicting override sets       'vite' => [OverrideSet]
418 silly Conflicting override sets     }
418 silly Conflicting override sets   },
418 silly Conflicting override sets   children: Map(0) {},
418 silly Conflicting override sets   name: '@graphql-codegen/typescript-operations',
418 silly Conflicting override sets   key: '@graphql-codegen/typescript-operations',
418 silly Conflicting override sets   keySpec: '*',
418 silly Conflicting override sets   value: '4.5.0'
418 silly Conflicting override sets } <ref *1> OverrideSet {
418 silly Conflicting override sets   parent: OverrideSet {
418 silly Conflicting override sets     parent: undefined,
418 silly Conflicting override sets     children: Map(5) {
418 silly Conflicting override sets       '@graphql-tools/url-loader' => [OverrideSet],
418 silly Conflicting override sets       '@graphql-codegen/client-preset' => [Circular *1],
418 silly Conflicting override sets       '@graphql-codegen/typescript-operations' => [OverrideSet],
418 silly Conflicting override sets       'minimatch' => [OverrideSet],
418 silly Conflicting override sets       'vite' => [OverrideSet]
418 silly Conflicting override sets     }
418 silly Conflicting override sets   },
418 silly Conflicting override sets   children: Map(0) {},
418 silly Conflicting override sets   name: '@graphql-codegen/client-preset',
418 silly Conflicting override sets   key: '@graphql-codegen/client-preset',
418 silly Conflicting override sets   keySpec: '*',
418 silly Conflicting override sets   value: '4.7.0'
418 silly Conflicting override sets }
419 silly Conflicting override sets <ref *1> OverrideSet {
419 silly Conflicting override sets   parent: OverrideSet {
419 silly Conflicting override sets     parent: undefined,
419 silly Conflicting override sets     children: Map(5) {
419 silly Conflicting override sets       '@graphql-tools/url-loader' => [Circular *1],
419 silly Conflicting override sets       '@graphql-codegen/client-preset' => [OverrideSet],
419 silly Conflicting override sets       '@graphql-codegen/typescript-operations' => [OverrideSet],
419 silly Conflicting override sets       'minimatch' => [OverrideSet],
419 silly Conflicting override sets       'vite' => [OverrideSet]
419 silly Conflicting override sets     }
419 silly Conflicting override sets   },
419 silly Conflicting override sets   children: Map(0) {},
419 silly Conflicting override sets   name: '@graphql-tools/url-loader',
419 silly Conflicting override sets   key: '@graphql-tools/url-loader',
419 silly Conflicting override sets   keySpec: '*',
419 silly Conflicting override sets   value: '8.0.16'
419 silly Conflicting override sets } <ref *1> OverrideSet {
419 silly Conflicting override sets   parent: OverrideSet {
419 silly Conflicting override sets     parent: undefined,
419 silly Conflicting override sets     children: Map(5) {
419 silly Conflicting override sets       '@graphql-tools/url-loader' => [OverrideSet],
419 silly Conflicting override sets       '@graphql-codegen/client-preset' => [Circular *1],
419 silly Conflicting override sets       '@graphql-codegen/typescript-operations' => [OverrideSet],
419 silly Conflicting override sets       'minimatch' => [OverrideSet],
419 silly Conflicting override sets       'vite' => [OverrideSet]
419 silly Conflicting override sets     }
419 silly Conflicting override sets   },
419 silly Conflicting override sets   children: Map(0) {},
419 silly Conflicting override sets   name: '@graphql-codegen/client-preset',
419 silly Conflicting override sets   key: '@graphql-codegen/client-preset',
419 silly Conflicting override sets   keySpec: '*',
419 silly Conflicting override sets   value: '4.7.0'
419 silly Conflicting override sets }
420 silly Conflicting override sets <ref *1> OverrideSet {
420 silly Conflicting override sets   parent: OverrideSet {
420 silly Conflicting override sets     parent: undefined,
420 silly Conflicting override sets     children: Map(5) {
420 silly Conflicting override sets       '@graphql-tools/url-loader' => [OverrideSet],
420 silly Conflicting override sets       '@graphql-codegen/client-preset' => [Circular *1],
420 silly Conflicting override sets       '@graphql-codegen/typescript-operations' => [OverrideSet],
420 silly Conflicting override sets       'minimatch' => [OverrideSet],
420 silly Conflicting override sets       'vite' => [OverrideSet]
420 silly Conflicting override sets     }
420 silly Conflicting override sets   },
420 silly Conflicting override sets   children: Map(0) {},
420 silly Conflicting override sets   name: '@graphql-codegen/client-preset',
420 silly Conflicting override sets   key: '@graphql-codegen/client-preset',
420 silly Conflicting override sets   keySpec: '*',
420 silly Conflicting override sets   value: '4.7.0'
420 silly Conflicting override sets } <ref *1> OverrideSet {
420 silly Conflicting override sets   parent: OverrideSet {
420 silly Conflicting override sets     parent: undefined,
420 silly Conflicting override sets     children: Map(5) {
420 silly Conflicting override sets       '@graphql-tools/url-loader' => [Circular *1],
420 silly Conflicting override sets       '@graphql-codegen/client-preset' => [OverrideSet],
420 silly Conflicting override sets       '@graphql-codegen/typescript-operations' => [OverrideSet],
420 silly Conflicting override sets       'minimatch' => [OverrideSet],
420 silly Conflicting override sets       'vite' => [OverrideSet]
420 silly Conflicting override sets     }
420 silly Conflicting override sets   },
420 silly Conflicting override sets   children: Map(0) {},
420 silly Conflicting override sets   name: '@graphql-tools/url-loader',
420 silly Conflicting override sets   key: '@graphql-tools/url-loader',
420 silly Conflicting override sets   keySpec: '*',
420 silly Conflicting override sets   value: '8.0.16'
420 silly Conflicting override sets }
421 silly Conflicting override sets <ref *1> OverrideSet {
421 silly Conflicting override sets   parent: OverrideSet {
421 silly Conflicting override sets     parent: undefined,
421 silly Conflicting override sets     children: Map(5) {
421 silly Conflicting override sets       '@graphql-tools/url-loader' => [OverrideSet],
421 silly Conflicting override sets       '@graphql-codegen/client-preset' => [OverrideSet],
421 silly Conflicting override sets       '@graphql-codegen/typescript-operations' => [Circular *1],
421 silly Conflicting override sets       'minimatch' => [OverrideSet],
421 silly Conflicting override sets       'vite' => [OverrideSet]
421 silly Conflicting override sets     }
421 silly Conflicting override sets   },
421 silly Conflicting override sets   children: Map(0) {},
421 silly Conflicting override sets   name: '@graphql-codegen/typescript-operations',
421 silly Conflicting override sets   key: '@graphql-codegen/typescript-operations',
421 silly Conflicting override sets   keySpec: '*',
421 silly Conflicting override sets   value: '4.5.0'
421 silly Conflicting override sets } <ref *1> OverrideSet {
421 silly Conflicting override sets   parent: OverrideSet {
421 silly Conflicting override sets     parent: undefined,
421 silly Conflicting override sets     children: Map(5) {
421 silly Conflicting override sets       '@graphql-tools/url-loader' => [OverrideSet],
421 silly Conflicting override sets       '@graphql-codegen/client-preset' => [Circular *1],
421 silly Conflicting override sets       '@graphql-codegen/typescript-operations' => [OverrideSet],
421 silly Conflicting override sets       'minimatch' => [OverrideSet],
421 silly Conflicting override sets       'vite' => [OverrideSet]
421 silly Conflicting override sets     }
421 silly Conflicting override sets   },
421 silly Conflicting override sets   children: Map(0) {},
421 silly Conflicting override sets   name: '@graphql-codegen/client-preset',
421 silly Conflicting override sets   key: '@graphql-codegen/client-preset',
421 silly Conflicting override sets   keySpec: '*',
421 silly Conflicting override sets   value: '4.7.0'
421 silly Conflicting override sets }
422 silly Conflicting override sets <ref *1> OverrideSet {
422 silly Conflicting override sets   parent: OverrideSet {
422 silly Conflicting override sets     parent: undefined,
422 silly Conflicting override sets     children: Map(5) {
422 silly Conflicting override sets       '@graphql-tools/url-loader' => [OverrideSet],
422 silly Conflicting override sets       '@graphql-codegen/client-preset' => [Circular *1],
422 silly Conflicting override sets       '@graphql-codegen/typescript-operations' => [OverrideSet],
422 silly Conflicting override sets       'minimatch' => [OverrideSet],
422 silly Conflicting override sets       'vite' => [OverrideSet]
422 silly Conflicting override sets     }
422 silly Conflicting override sets   },
422 silly Conflicting override sets   children: Map(0) {},
422 silly Conflicting override sets   name: '@graphql-codegen/client-preset',
422 silly Conflicting override sets   key: '@graphql-codegen/client-preset',
422 silly Conflicting override sets   keySpec: '*',
422 silly Conflicting override sets   value: '4.7.0'
422 silly Conflicting override sets } <ref *1> OverrideSet {
422 silly Conflicting override sets   parent: OverrideSet {
422 silly Conflicting override sets     parent: undefined,
422 silly Conflicting override sets     children: Map(5) {
422 silly Conflicting override sets       '@graphql-tools/url-loader' => [OverrideSet],
422 silly Conflicting override sets       '@graphql-codegen/client-preset' => [OverrideSet],
422 silly Conflicting override sets       '@graphql-codegen/typescript-operations' => [Circular *1],
422 silly Conflicting override sets       'minimatch' => [OverrideSet],
422 silly Conflicting override sets       'vite' => [OverrideSet]
422 silly Conflicting override sets     }
422 silly Conflicting override sets   },
422 silly Conflicting override sets   children: Map(0) {},
422 silly Conflicting override sets   name: '@graphql-codegen/typescript-operations',
422 silly Conflicting override sets   key: '@graphql-codegen/typescript-operations',
422 silly Conflicting override sets   keySpec: '*',
422 silly Conflicting override sets   value: '4.5.0'
422 silly Conflicting override sets }
423 silly Conflicting override sets graphql
424 silly Conflicting override sets <ref *1> OverrideSet {
424 silly Conflicting override sets   parent: OverrideSet {
424 silly Conflicting override sets     parent: undefined,
424 silly Conflicting override sets     children: Map(5) {
424 silly Conflicting override sets       '@graphql-tools/url-loader' => [OverrideSet],
424 silly Conflicting override sets       '@graphql-codegen/client-preset' => [Circular *1],
424 silly Conflicting override sets       '@graphql-codegen/typescript-operations' => [OverrideSet],
424 silly Conflicting override sets       'minimatch' => [OverrideSet],
424 silly Conflicting override sets       'vite' => [OverrideSet]
424 silly Conflicting override sets     }
424 silly Conflicting override sets   },
424 silly Conflicting override sets   children: Map(0) {},
424 silly Conflicting override sets   name: '@graphql-codegen/client-preset',
424 silly Conflicting override sets   key: '@graphql-codegen/client-preset',
424 silly Conflicting override sets   keySpec: '*',
424 silly Conflicting override sets   value: '4.7.0'
424 silly Conflicting override sets } <ref *1> OverrideSet {
424 silly Conflicting override sets   parent: OverrideSet {
424 silly Conflicting override sets     parent: undefined,
424 silly Conflicting override sets     children: Map(5) {
424 silly Conflicting override sets       '@graphql-tools/url-loader' => [OverrideSet],
424 silly Conflicting override sets       '@graphql-codegen/client-preset' => [OverrideSet],
424 silly Conflicting override sets       '@graphql-codegen/typescript-operations' => [Circular *1],
424 silly Conflicting override sets       'minimatch' => [OverrideSet],
424 silly Conflicting override sets       'vite' => [OverrideSet]
424 silly Conflicting override sets     }
424 silly Conflicting override sets   },
424 silly Conflicting override sets   children: Map(0) {},
424 silly Conflicting override sets   name: '@graphql-codegen/typescript-operations',
424 silly Conflicting override sets   key: '@graphql-codegen/typescript-operations',
424 silly Conflicting override sets   keySpec: '*',
424 silly Conflicting override sets   value: '4.5.0'
424 silly Conflicting override sets }
425 silly Conflicting override sets @graphql-typed-document-node/core
426 silly Conflicting override sets <ref *1> OverrideSet {
426 silly Conflicting override sets   parent: OverrideSet {
426 silly Conflicting override sets     parent: undefined,
426 silly Conflicting override sets     children: Map(5) {
426 silly Conflicting override sets       '@graphql-tools/url-loader' => [Circular *1],
426 silly Conflicting override sets       '@graphql-codegen/client-preset' => [OverrideSet],
426 silly Conflicting override sets       '@graphql-codegen/typescript-operations' => [OverrideSet],
426 silly Conflicting override sets       'minimatch' => [OverrideSet],
426 silly Conflicting override sets       'vite' => [OverrideSet]
426 silly Conflicting override sets     }
426 silly Conflicting override sets   },
426 silly Conflicting override sets   children: Map(0) {},
426 silly Conflicting override sets   name: '@graphql-tools/url-loader',
426 silly Conflicting override sets   key: '@graphql-tools/url-loader',
426 silly Conflicting override sets   keySpec: '*',
426 silly Conflicting override sets   value: '8.0.16'
426 silly Conflicting override sets } <ref *1> OverrideSet {
426 silly Conflicting override sets   parent: OverrideSet {
426 silly Conflicting override sets     parent: undefined,
426 silly Conflicting override sets     children: Map(5) {
426 silly Conflicting override sets       '@graphql-tools/url-loader' => [OverrideSet],
426 silly Conflicting override sets       '@graphql-codegen/client-preset' => [OverrideSet],
426 silly Conflicting override sets       '@graphql-codegen/typescript-operations' => [Circular *1],
426 silly Conflicting override sets       'minimatch' => [OverrideSet],
426 silly Conflicting override sets       'vite' => [OverrideSet]
426 silly Conflicting override sets     }
426 silly Conflicting override sets   },
426 silly Conflicting override sets   children: Map(0) {},
426 silly Conflicting override sets   name: '@graphql-codegen/typescript-operations',
426 silly Conflicting override sets   key: '@graphql-codegen/typescript-operations',
426 silly Conflicting override sets   keySpec: '*',
426 silly Conflicting override sets   value: '4.5.0'
426 silly Conflicting override sets }
427 silly Conflicting override sets @whatwg-node/promise-helpers
428 silly Conflicting override sets <ref *1> OverrideSet {
428 silly Conflicting override sets   parent: OverrideSet {
428 silly Conflicting override sets     parent: undefined,
428 silly Conflicting override sets     children: Map(5) {
428 silly Conflicting override sets       '@graphql-tools/url-loader' => [OverrideSet],
428 silly Conflicting override sets       '@graphql-codegen/client-preset' => [Circular *1],
428 silly Conflicting override sets       '@graphql-codegen/typescript-operations' => [OverrideSet],
428 silly Conflicting override sets       'minimatch' => [OverrideSet],
428 silly Conflicting override sets       'vite' => [OverrideSet]
428 silly Conflicting override sets     }
428 silly Conflicting override sets   },
428 silly Conflicting override sets   children: Map(0) {},
428 silly Conflicting override sets   name: '@graphql-codegen/client-preset',
428 silly Conflicting override sets   key: '@graphql-codegen/client-preset',
428 silly Conflicting override sets   keySpec: '*',
428 silly Conflicting override sets   value: '4.7.0'
428 silly Conflicting override sets } <ref *1> OverrideSet {
428 silly Conflicting override sets   parent: OverrideSet {
428 silly Conflicting override sets     parent: undefined,
428 silly Conflicting override sets     children: Map(5) {
428 silly Conflicting override sets       '@graphql-tools/url-loader' => [OverrideSet],
428 silly Conflicting override sets       '@graphql-codegen/client-preset' => [OverrideSet],
428 silly Conflicting override sets       '@graphql-codegen/typescript-operations' => [Circular *1],
428 silly Conflicting override sets       'minimatch' => [OverrideSet],
428 silly Conflicting override sets       'vite' => [OverrideSet]
428 silly Conflicting override sets     }
428 silly Conflicting override sets   },
428 silly Conflicting override sets   children: Map(0) {},
428 silly Conflicting override sets   name: '@graphql-codegen/typescript-operations',
428 silly Conflicting override sets   key: '@graphql-codegen/typescript-operations',
428 silly Conflicting override sets   keySpec: '*',
428 silly Conflicting override sets   value: '4.5.0'
428 silly Conflicting override sets }
429 silly Conflicting override sets cross-inspect
430 silly Conflicting override sets <ref *1> OverrideSet {
430 silly Conflicting override sets   parent: OverrideSet {
430 silly Conflicting override sets     parent: undefined,
430 silly Conflicting override sets     children: Map(5) {
430 silly Conflicting override sets       '@graphql-tools/url-loader' => [Circular *1],
430 silly Conflicting override sets       '@graphql-codegen/client-preset' => [OverrideSet],
430 silly Conflicting override sets       '@graphql-codegen/typescript-operations' => [OverrideSet],
430 silly Conflicting override sets       'minimatch' => [OverrideSet],
430 silly Conflicting override sets       'vite' => [OverrideSet]
430 silly Conflicting override sets     }
430 silly Conflicting override sets   },
430 silly Conflicting override sets   children: Map(0) {},
430 silly Conflicting override sets   name: '@graphql-tools/url-loader',
430 silly Conflicting override sets   key: '@graphql-tools/url-loader',
430 silly Conflicting override sets   keySpec: '*',
430 silly Conflicting override sets   value: '8.0.16'
430 silly Conflicting override sets } <ref *1> OverrideSet {
430 silly Conflicting override sets   parent: OverrideSet {
430 silly Conflicting override sets     parent: undefined,
430 silly Conflicting override sets     children: Map(5) {
430 silly Conflicting override sets       '@graphql-tools/url-loader' => [OverrideSet],
430 silly Conflicting override sets       '@graphql-codegen/client-preset' => [OverrideSet],
430 silly Conflicting override sets       '@graphql-codegen/typescript-operations' => [Circular *1],
430 silly Conflicting override sets       'minimatch' => [OverrideSet],
430 silly Conflicting override sets       'vite' => [OverrideSet]
430 silly Conflicting override sets     }
430 silly Conflicting override sets   },
430 silly Conflicting override sets   children: Map(0) {},
430 silly Conflicting override sets   name: '@graphql-codegen/typescript-operations',
430 silly Conflicting override sets   key: '@graphql-codegen/typescript-operations',
430 silly Conflicting override sets   keySpec: '*',
430 silly Conflicting override sets   value: '4.5.0'
430 silly Conflicting override sets }
431 silly Conflicting override sets tslib
432 silly Conflicting override sets <ref *1> OverrideSet {
432 silly Conflicting override sets   parent: OverrideSet {
432 silly Conflicting override sets     parent: undefined,
432 silly Conflicting override sets     children: Map(5) {
432 silly Conflicting override sets       '@graphql-tools/url-loader' => [Circular *1],
432 silly Conflicting override sets       '@graphql-codegen/client-preset' => [OverrideSet],
432 silly Conflicting override sets       '@graphql-codegen/typescript-operations' => [OverrideSet],
432 silly Conflicting override sets       'minimatch' => [OverrideSet],
432 silly Conflicting override sets       'vite' => [OverrideSet]
432 silly Conflicting override sets     }
432 silly Conflicting override sets   },
432 silly Conflicting override sets   children: Map(0) {},
432 silly Conflicting override sets   name: '@graphql-tools/url-loader',
432 silly Conflicting override sets   key: '@graphql-tools/url-loader',
432 silly Conflicting override sets   keySpec: '*',
432 silly Conflicting override sets   value: '8.0.16'
432 silly Conflicting override sets } <ref *1> OverrideSet {
432 silly Conflicting override sets   parent: OverrideSet {
432 silly Conflicting override sets     parent: undefined,
432 silly Conflicting override sets     children: Map(5) {
432 silly Conflicting override sets       '@graphql-tools/url-loader' => [OverrideSet],
432 silly Conflicting override sets       '@graphql-codegen/client-preset' => [Circular *1],
432 silly Conflicting override sets       '@graphql-codegen/typescript-operations' => [OverrideSet],
432 silly Conflicting override sets       'minimatch' => [OverrideSet],
432 silly Conflicting override sets       'vite' => [OverrideSet]
432 silly Conflicting override sets     }
432 silly Conflicting override sets   },
432 silly Conflicting override sets   children: Map(0) {},
432 silly Conflicting override sets   name: '@graphql-codegen/client-preset',
432 silly Conflicting override sets   key: '@graphql-codegen/client-preset',
432 silly Conflicting override sets   keySpec: '*',
432 silly Conflicting override sets   value: '4.7.0'
432 silly Conflicting override sets }
433 silly Conflicting override sets @whatwg-node/promise-helpers
434 silly Conflicting override sets <ref *1> OverrideSet {
434 silly Conflicting override sets   parent: OverrideSet {
434 silly Conflicting override sets     parent: undefined,
434 silly Conflicting override sets     children: Map(5) {
434 silly Conflicting override sets       '@graphql-tools/url-loader' => [Circular *1],
434 silly Conflicting override sets       '@graphql-codegen/client-preset' => [OverrideSet],
434 silly Conflicting override sets       '@graphql-codegen/typescript-operations' => [OverrideSet],
434 silly Conflicting override sets       'minimatch' => [OverrideSet],
434 silly Conflicting override sets       'vite' => [OverrideSet]
434 silly Conflicting override sets     }
434 silly Conflicting override sets   },
434 silly Conflicting override sets   children: Map(0) {},
434 silly Conflicting override sets   name: '@graphql-tools/url-loader',
434 silly Conflicting override sets   key: '@graphql-tools/url-loader',
434 silly Conflicting override sets   keySpec: '*',
434 silly Conflicting override sets   value: '8.0.16'
434 silly Conflicting override sets } <ref *1> OverrideSet {
434 silly Conflicting override sets   parent: OverrideSet {
434 silly Conflicting override sets     parent: undefined,
434 silly Conflicting override sets     children: Map(5) {
434 silly Conflicting override sets       '@graphql-tools/url-loader' => [OverrideSet],
434 silly Conflicting override sets       '@graphql-codegen/client-preset' => [Circular *1],
434 silly Conflicting override sets       '@graphql-codegen/typescript-operations' => [OverrideSet],
434 silly Conflicting override sets       'minimatch' => [OverrideSet],
434 silly Conflicting override sets       'vite' => [OverrideSet]
434 silly Conflicting override sets     }
434 silly Conflicting override sets   },
434 silly Conflicting override sets   children: Map(0) {},
434 silly Conflicting override sets   name: '@graphql-codegen/client-preset',
434 silly Conflicting override sets   key: '@graphql-codegen/client-preset',
434 silly Conflicting override sets   keySpec: '*',
434 silly Conflicting override sets   value: '4.7.0'
434 silly Conflicting override sets }
435 silly Conflicting override sets tslib
436 silly Conflicting override sets <ref *1> OverrideSet {
436 silly Conflicting override sets   parent: OverrideSet {
436 silly Conflicting override sets     parent: undefined,
436 silly Conflicting override sets     children: Map(5) {
436 silly Conflicting override sets       '@graphql-tools/url-loader' => [OverrideSet],
436 silly Conflicting override sets       '@graphql-codegen/client-preset' => [Circular *1],
436 silly Conflicting override sets       '@graphql-codegen/typescript-operations' => [OverrideSet],
436 silly Conflicting override sets       'minimatch' => [OverrideSet],
436 silly Conflicting override sets       'vite' => [OverrideSet]
436 silly Conflicting override sets     }
436 silly Conflicting override sets   },
436 silly Conflicting override sets   children: Map(0) {},
436 silly Conflicting override sets   name: '@graphql-codegen/client-preset',
436 silly Conflicting override sets   key: '@graphql-codegen/client-preset',
436 silly Conflicting override sets   keySpec: '*',
436 silly Conflicting override sets   value: '4.7.0'
436 silly Conflicting override sets } <ref *1> OverrideSet {
436 silly Conflicting override sets   parent: OverrideSet {
436 silly Conflicting override sets     parent: undefined,
436 silly Conflicting override sets     children: Map(5) {
436 silly Conflicting override sets       '@graphql-tools/url-loader' => [OverrideSet],
436 silly Conflicting override sets       '@graphql-codegen/client-preset' => [OverrideSet],
436 silly Conflicting override sets       '@graphql-codegen/typescript-operations' => [Circular *1],
436 silly Conflicting override sets       'minimatch' => [OverrideSet],
436 silly Conflicting override sets       'vite' => [OverrideSet]
436 silly Conflicting override sets     }
436 silly Conflicting override sets   },
436 silly Conflicting override sets   children: Map(0) {},
436 silly Conflicting override sets   name: '@graphql-codegen/typescript-operations',
436 silly Conflicting override sets   key: '@graphql-codegen/typescript-operations',
436 silly Conflicting override sets   keySpec: '*',
436 silly Conflicting override sets   value: '4.5.0'
436 silly Conflicting override sets }
437 silly Conflicting override sets graphql
438 silly Conflicting override sets <ref *1> OverrideSet {
438 silly Conflicting override sets   parent: OverrideSet {
438 silly Conflicting override sets     parent: undefined,
438 silly Conflicting override sets     children: Map(5) {
438 silly Conflicting override sets       '@graphql-tools/url-loader' => [OverrideSet],
438 silly Conflicting override sets       '@graphql-codegen/client-preset' => [Circular *1],
438 silly Conflicting override sets       '@graphql-codegen/typescript-operations' => [OverrideSet],
438 silly Conflicting override sets       'minimatch' => [OverrideSet],
438 silly Conflicting override sets       'vite' => [OverrideSet]
438 silly Conflicting override sets     }
438 silly Conflicting override sets   },
438 silly Conflicting override sets   children: Map(0) {},
438 silly Conflicting override sets   name: '@graphql-codegen/client-preset',
438 silly Conflicting override sets   key: '@graphql-codegen/client-preset',
438 silly Conflicting override sets   keySpec: '*',
438 silly Conflicting override sets   value: '4.7.0'
438 silly Conflicting override sets } <ref *1> OverrideSet {
438 silly Conflicting override sets   parent: OverrideSet {
438 silly Conflicting override sets     parent: undefined,
438 silly Conflicting override sets     children: Map(5) {
438 silly Conflicting override sets       '@graphql-tools/url-loader' => [OverrideSet],
438 silly Conflicting override sets       '@graphql-codegen/client-preset' => [OverrideSet],
438 silly Conflicting override sets       '@graphql-codegen/typescript-operations' => [Circular *1],
438 silly Conflicting override sets       'minimatch' => [OverrideSet],
438 silly Conflicting override sets       'vite' => [OverrideSet]
438 silly Conflicting override sets     }
438 silly Conflicting override sets   },
438 silly Conflicting override sets   children: Map(0) {},
438 silly Conflicting override sets   name: '@graphql-codegen/typescript-operations',
438 silly Conflicting override sets   key: '@graphql-codegen/typescript-operations',
438 silly Conflicting override sets   keySpec: '*',
438 silly Conflicting override sets   value: '4.5.0'
438 silly Conflicting override sets }
439 silly Conflicting override sets change-case-all
440 silly Conflicting override sets <ref *1> OverrideSet {
440 silly Conflicting override sets   parent: OverrideSet {
440 silly Conflicting override sets     parent: undefined,
440 silly Conflicting override sets     children: Map(5) {
440 silly Conflicting override sets       '@graphql-tools/url-loader' => [OverrideSet],
440 silly Conflicting override sets       '@graphql-codegen/client-preset' => [Circular *1],
440 silly Conflicting override sets       '@graphql-codegen/typescript-operations' => [OverrideSet],
440 silly Conflicting override sets       'minimatch' => [OverrideSet],
440 silly Conflicting override sets       'vite' => [OverrideSet]
440 silly Conflicting override sets     }
440 silly Conflicting override sets   },
440 silly Conflicting override sets   children: Map(0) {},
440 silly Conflicting override sets   name: '@graphql-codegen/client-preset',
440 silly Conflicting override sets   key: '@graphql-codegen/client-preset',
440 silly Conflicting override sets   keySpec: '*',
440 silly Conflicting override sets   value: '4.7.0'
440 silly Conflicting override sets } <ref *1> OverrideSet {
440 silly Conflicting override sets   parent: OverrideSet {
440 silly Conflicting override sets     parent: undefined,
440 silly Conflicting override sets     children: Map(5) {
440 silly Conflicting override sets       '@graphql-tools/url-loader' => [OverrideSet],
440 silly Conflicting override sets       '@graphql-codegen/client-preset' => [OverrideSet],
440 silly Conflicting override sets       '@graphql-codegen/typescript-operations' => [Circular *1],
440 silly Conflicting override sets       'minimatch' => [OverrideSet],
440 silly Conflicting override sets       'vite' => [OverrideSet]
440 silly Conflicting override sets     }
440 silly Conflicting override sets   },
440 silly Conflicting override sets   children: Map(0) {},
440 silly Conflicting override sets   name: '@graphql-codegen/typescript-operations',
440 silly Conflicting override sets   key: '@graphql-codegen/typescript-operations',
440 silly Conflicting override sets   keySpec: '*',
440 silly Conflicting override sets   value: '4.5.0'
440 silly Conflicting override sets }
441 silly Conflicting override sets common-tags
442 silly Conflicting override sets <ref *1> OverrideSet {
442 silly Conflicting override sets   parent: OverrideSet {
442 silly Conflicting override sets     parent: undefined,
442 silly Conflicting override sets     children: Map(5) {
442 silly Conflicting override sets       '@graphql-tools/url-loader' => [OverrideSet],
442 silly Conflicting override sets       '@graphql-codegen/client-preset' => [Circular *1],
442 silly Conflicting override sets       '@graphql-codegen/typescript-operations' => [OverrideSet],
442 silly Conflicting override sets       'minimatch' => [OverrideSet],
442 silly Conflicting override sets       'vite' => [OverrideSet]
442 silly Conflicting override sets     }
442 silly Conflicting override sets   },
442 silly Conflicting override sets   children: Map(0) {},
442 silly Conflicting override sets   name: '@graphql-codegen/client-preset',
442 silly Conflicting override sets   key: '@graphql-codegen/client-preset',
442 silly Conflicting override sets   keySpec: '*',
442 silly Conflicting override sets   value: '4.7.0'
442 silly Conflicting override sets } <ref *1> OverrideSet {
442 silly Conflicting override sets   parent: OverrideSet {
442 silly Conflicting override sets     parent: undefined,
442 silly Conflicting override sets     children: Map(5) {
442 silly Conflicting override sets       '@graphql-tools/url-loader' => [OverrideSet],
442 silly Conflicting override sets       '@graphql-codegen/client-preset' => [OverrideSet],
442 silly Conflicting override sets       '@graphql-codegen/typescript-operations' => [Circular *1],
442 silly Conflicting override sets       'minimatch' => [OverrideSet],
442 silly Conflicting override sets       'vite' => [OverrideSet]
442 silly Conflicting override sets     }
442 silly Conflicting override sets   },
442 silly Conflicting override sets   children: Map(0) {},
442 silly Conflicting override sets   name: '@graphql-codegen/typescript-operations',
442 silly Conflicting override sets   key: '@graphql-codegen/typescript-operations',
442 silly Conflicting override sets   keySpec: '*',
442 silly Conflicting override sets   value: '4.5.0'
442 silly Conflicting override sets }
443 silly Conflicting override sets import-from
444 silly Conflicting override sets <ref *1> OverrideSet {
444 silly Conflicting override sets   parent: OverrideSet {
444 silly Conflicting override sets     parent: undefined,
444 silly Conflicting override sets     children: Map(5) {
444 silly Conflicting override sets       '@graphql-tools/url-loader' => [Circular *1],
444 silly Conflicting override sets       '@graphql-codegen/client-preset' => [OverrideSet],
444 silly Conflicting override sets       '@graphql-codegen/typescript-operations' => [OverrideSet],
444 silly Conflicting override sets       'minimatch' => [OverrideSet],
444 silly Conflicting override sets       'vite' => [OverrideSet]
444 silly Conflicting override sets     }
444 silly Conflicting override sets   },
444 silly Conflicting override sets   children: Map(0) {},
444 silly Conflicting override sets   name: '@graphql-tools/url-loader',
444 silly Conflicting override sets   key: '@graphql-tools/url-loader',
444 silly Conflicting override sets   keySpec: '*',
444 silly Conflicting override sets   value: '8.0.16'
444 silly Conflicting override sets } <ref *1> OverrideSet {
444 silly Conflicting override sets   parent: OverrideSet {
444 silly Conflicting override sets     parent: undefined,
444 silly Conflicting override sets     children: Map(5) {
444 silly Conflicting override sets       '@graphql-tools/url-loader' => [OverrideSet],
444 silly Conflicting override sets       '@graphql-codegen/client-preset' => [OverrideSet],
444 silly Conflicting override sets       '@graphql-codegen/typescript-operations' => [Circular *1],
444 silly Conflicting override sets       'minimatch' => [OverrideSet],
444 silly Conflicting override sets       'vite' => [OverrideSet]
444 silly Conflicting override sets     }
444 silly Conflicting override sets   },
444 silly Conflicting override sets   children: Map(0) {},
444 silly Conflicting override sets   name: '@graphql-codegen/typescript-operations',
444 silly Conflicting override sets   key: '@graphql-codegen/typescript-operations',
444 silly Conflicting override sets   keySpec: '*',
444 silly Conflicting override sets   value: '4.5.0'
444 silly Conflicting override sets }
445 silly Conflicting override sets tslib
446 silly Conflicting override sets <ref *1> OverrideSet {
446 silly Conflicting override sets   parent: OverrideSet {
446 silly Conflicting override sets     parent: undefined,
446 silly Conflicting override sets     children: Map(5) {
446 silly Conflicting override sets       '@graphql-tools/url-loader' => [OverrideSet],
446 silly Conflicting override sets       '@graphql-codegen/client-preset' => [OverrideSet],
446 silly Conflicting override sets       '@graphql-codegen/typescript-operations' => [Circular *1],
446 silly Conflicting override sets       'minimatch' => [OverrideSet],
446 silly Conflicting override sets       'vite' => [OverrideSet]
446 silly Conflicting override sets     }
446 silly Conflicting override sets   },
446 silly Conflicting override sets   children: Map(0) {},
446 silly Conflicting override sets   name: '@graphql-codegen/typescript-operations',
446 silly Conflicting override sets   key: '@graphql-codegen/typescript-operations',
446 silly Conflicting override sets   keySpec: '*',
446 silly Conflicting override sets   value: '4.5.0'
446 silly Conflicting override sets } <ref *1> OverrideSet {
446 silly Conflicting override sets   parent: OverrideSet {
446 silly Conflicting override sets     parent: undefined,
446 silly Conflicting override sets     children: Map(5) {
446 silly Conflicting override sets       '@graphql-tools/url-loader' => [OverrideSet],
446 silly Conflicting override sets       '@graphql-codegen/client-preset' => [Circular *1],
446 silly Conflicting override sets       '@graphql-codegen/typescript-operations' => [OverrideSet],
446 silly Conflicting override sets       'minimatch' => [OverrideSet],
446 silly Conflicting override sets       'vite' => [OverrideSet]
446 silly Conflicting override sets     }
446 silly Conflicting override sets   },
446 silly Conflicting override sets   children: Map(0) {},
446 silly Conflicting override sets   name: '@graphql-codegen/client-preset',
446 silly Conflicting override sets   key: '@graphql-codegen/client-preset',
446 silly Conflicting override sets   keySpec: '*',
446 silly Conflicting override sets   value: '4.7.0'
446 silly Conflicting override sets }
447 silly Conflicting override sets @graphql-tools/utils
448 silly Conflicting override sets <ref *1> OverrideSet {
448 silly Conflicting override sets   parent: OverrideSet {
448 silly Conflicting override sets     parent: undefined,
448 silly Conflicting override sets     children: Map(5) {
448 silly Conflicting override sets       '@graphql-tools/url-loader' => [Circular *1],
448 silly Conflicting override sets       '@graphql-codegen/client-preset' => [OverrideSet],
448 silly Conflicting override sets       '@graphql-codegen/typescript-operations' => [OverrideSet],
448 silly Conflicting override sets       'minimatch' => [OverrideSet],
448 silly Conflicting override sets       'vite' => [OverrideSet]
448 silly Conflicting override sets     }
448 silly Conflicting override sets   },
448 silly Conflicting override sets   children: Map(0) {},
448 silly Conflicting override sets   name: '@graphql-tools/url-loader',
448 silly Conflicting override sets   key: '@graphql-tools/url-loader',
448 silly Conflicting override sets   keySpec: '*',
448 silly Conflicting override sets   value: '8.0.16'
448 silly Conflicting override sets } <ref *1> OverrideSet {
448 silly Conflicting override sets   parent: OverrideSet {
448 silly Conflicting override sets     parent: undefined,
448 silly Conflicting override sets     children: Map(5) {
448 silly Conflicting override sets       '@graphql-tools/url-loader' => [OverrideSet],
448 silly Conflicting override sets       '@graphql-codegen/client-preset' => [Circular *1],
448 silly Conflicting override sets       '@graphql-codegen/typescript-operations' => [OverrideSet],
448 silly Conflicting override sets       'minimatch' => [OverrideSet],
448 silly Conflicting override sets       'vite' => [OverrideSet]
448 silly Conflicting override sets     }
448 silly Conflicting override sets   },
448 silly Conflicting override sets   children: Map(0) {},
448 silly Conflicting override sets   name: '@graphql-codegen/client-preset',
448 silly Conflicting override sets   key: '@graphql-codegen/client-preset',
448 silly Conflicting override sets   keySpec: '*',
448 silly Conflicting override sets   value: '4.7.0'
448 silly Conflicting override sets }
449 silly Conflicting override sets <ref *1> OverrideSet {
449 silly Conflicting override sets   parent: OverrideSet {
449 silly Conflicting override sets     parent: undefined,
449 silly Conflicting override sets     children: Map(5) {
449 silly Conflicting override sets       '@graphql-tools/url-loader' => [OverrideSet],
449 silly Conflicting override sets       '@graphql-codegen/client-preset' => [Circular *1],
449 silly Conflicting override sets       '@graphql-codegen/typescript-operations' => [OverrideSet],
449 silly Conflicting override sets       'minimatch' => [OverrideSet],
449 silly Conflicting override sets       'vite' => [OverrideSet]
449 silly Conflicting override sets     }
449 silly Conflicting override sets   },
449 silly Conflicting override sets   children: Map(0) {},
449 silly Conflicting override sets   name: '@graphql-codegen/client-preset',
449 silly Conflicting override sets   key: '@graphql-codegen/client-preset',
449 silly Conflicting override sets   keySpec: '*',
449 silly Conflicting override sets   value: '4.7.0'
449 silly Conflicting override sets } <ref *1> OverrideSet {
449 silly Conflicting override sets   parent: OverrideSet {
449 silly Conflicting override sets     parent: undefined,
449 silly Conflicting override sets     children: Map(5) {
449 silly Conflicting override sets       '@graphql-tools/url-loader' => [Circular *1],
449 silly Conflicting override sets       '@graphql-codegen/client-preset' => [OverrideSet],
449 silly Conflicting override sets       '@graphql-codegen/typescript-operations' => [OverrideSet],
449 silly Conflicting override sets       'minimatch' => [OverrideSet],
449 silly Conflicting override sets       'vite' => [OverrideSet]
449 silly Conflicting override sets     }
449 silly Conflicting override sets   },
449 silly Conflicting override sets   children: Map(0) {},
449 silly Conflicting override sets   name: '@graphql-tools/url-loader',
449 silly Conflicting override sets   key: '@graphql-tools/url-loader',
449 silly Conflicting override sets   keySpec: '*',
449 silly Conflicting override sets   value: '8.0.16'
449 silly Conflicting override sets }
450 silly Conflicting override sets <ref *1> OverrideSet {
450 silly Conflicting override sets   parent: OverrideSet {
450 silly Conflicting override sets     parent: undefined,
450 silly Conflicting override sets     children: Map(5) {
450 silly Conflicting override sets       '@graphql-tools/url-loader' => [OverrideSet],
450 silly Conflicting override sets       '@graphql-codegen/client-preset' => [OverrideSet],
450 silly Conflicting override sets       '@graphql-codegen/typescript-operations' => [Circular *1],
450 silly Conflicting override sets       'minimatch' => [OverrideSet],
450 silly Conflicting override sets       'vite' => [OverrideSet]
450 silly Conflicting override sets     }
450 silly Conflicting override sets   },
450 silly Conflicting override sets   children: Map(0) {},
450 silly Conflicting override sets   name: '@graphql-codegen/typescript-operations',
450 silly Conflicting override sets   key: '@graphql-codegen/typescript-operations',
450 silly Conflicting override sets   keySpec: '*',
450 silly Conflicting override sets   value: '4.5.0'
450 silly Conflicting override sets } <ref *1> OverrideSet {
450 silly Conflicting override sets   parent: OverrideSet {
450 silly Conflicting override sets     parent: undefined,
450 silly Conflicting override sets     children: Map(5) {
450 silly Conflicting override sets       '@graphql-tools/url-loader' => [OverrideSet],
450 silly Conflicting override sets       '@graphql-codegen/client-preset' => [Circular *1],
450 silly Conflicting override sets       '@graphql-codegen/typescript-operations' => [OverrideSet],
450 silly Conflicting override sets       'minimatch' => [OverrideSet],
450 silly Conflicting override sets       'vite' => [OverrideSet]
450 silly Conflicting override sets     }
450 silly Conflicting override sets   },
450 silly Conflicting override sets   children: Map(0) {},
450 silly Conflicting override sets   name: '@graphql-codegen/client-preset',
450 silly Conflicting override sets   key: '@graphql-codegen/client-preset',
450 silly Conflicting override sets   keySpec: '*',
450 silly Conflicting override sets   value: '4.7.0'
450 silly Conflicting override sets }
451 silly Conflicting override sets <ref *1> OverrideSet {
451 silly Conflicting override sets   parent: OverrideSet {
451 silly Conflicting override sets     parent: undefined,
451 silly Conflicting override sets     children: Map(5) {
451 silly Conflicting override sets       '@graphql-tools/url-loader' => [Circular *1],
451 silly Conflicting override sets       '@graphql-codegen/client-preset' => [OverrideSet],
451 silly Conflicting override sets       '@graphql-codegen/typescript-operations' => [OverrideSet],
451 silly Conflicting override sets       'minimatch' => [OverrideSet],
451 silly Conflicting override sets       'vite' => [OverrideSet]
451 silly Conflicting override sets     }
451 silly Conflicting override sets   },
451 silly Conflicting override sets   children: Map(0) {},
451 silly Conflicting override sets   name: '@graphql-tools/url-loader',
451 silly Conflicting override sets   key: '@graphql-tools/url-loader',
451 silly Conflicting override sets   keySpec: '*',
451 silly Conflicting override sets   value: '8.0.16'
451 silly Conflicting override sets } <ref *1> OverrideSet {
451 silly Conflicting override sets   parent: OverrideSet {
451 silly Conflicting override sets     parent: undefined,
451 silly Conflicting override sets     children: Map(5) {
451 silly Conflicting override sets       '@graphql-tools/url-loader' => [OverrideSet],
451 silly Conflicting override sets       '@graphql-codegen/client-preset' => [Circular *1],
451 silly Conflicting override sets       '@graphql-codegen/typescript-operations' => [OverrideSet],
451 silly Conflicting override sets       'minimatch' => [OverrideSet],
451 silly Conflicting override sets       'vite' => [OverrideSet]
451 silly Conflicting override sets     }
451 silly Conflicting override sets   },
451 silly Conflicting override sets   children: Map(0) {},
451 silly Conflicting override sets   name: '@graphql-codegen/client-preset',
451 silly Conflicting override sets   key: '@graphql-codegen/client-preset',
451 silly Conflicting override sets   keySpec: '*',
451 silly Conflicting override sets   value: '4.7.0'
451 silly Conflicting override sets }
452 silly Conflicting override sets <ref *1> OverrideSet {
452 silly Conflicting override sets   parent: OverrideSet {
452 silly Conflicting override sets     parent: undefined,
452 silly Conflicting override sets     children: Map(5) {
452 silly Conflicting override sets       '@graphql-tools/url-loader' => [OverrideSet],
452 silly Conflicting override sets       '@graphql-codegen/client-preset' => [Circular *1],
452 silly Conflicting override sets       '@graphql-codegen/typescript-operations' => [OverrideSet],
452 silly Conflicting override sets       'minimatch' => [OverrideSet],
452 silly Conflicting override sets       'vite' => [OverrideSet]
452 silly Conflicting override sets     }
452 silly Conflicting override sets   },
452 silly Conflicting override sets   children: Map(0) {},
452 silly Conflicting override sets   name: '@graphql-codegen/client-preset',
452 silly Conflicting override sets   key: '@graphql-codegen/client-preset',
452 silly Conflicting override sets   keySpec: '*',
452 silly Conflicting override sets   value: '4.7.0'
452 silly Conflicting override sets } <ref *1> OverrideSet {
452 silly Conflicting override sets   parent: OverrideSet {
452 silly Conflicting override sets     parent: undefined,
452 silly Conflicting override sets     children: Map(5) {
452 silly Conflicting override sets       '@graphql-tools/url-loader' => [Circular *1],
452 silly Conflicting override sets       '@graphql-codegen/client-preset' => [OverrideSet],
452 silly Conflicting override sets       '@graphql-codegen/typescript-operations' => [OverrideSet],
452 silly Conflicting override sets       'minimatch' => [OverrideSet],
452 silly Conflicting override sets       'vite' => [OverrideSet]
452 silly Conflicting override sets     }
452 silly Conflicting override sets   },
452 silly Conflicting override sets   children: Map(0) {},
452 silly Conflicting override sets   name: '@graphql-tools/url-loader',
452 silly Conflicting override sets   key: '@graphql-tools/url-loader',
452 silly Conflicting override sets   keySpec: '*',
452 silly Conflicting override sets   value: '8.0.16'
452 silly Conflicting override sets }
453 silly Conflicting override sets <ref *1> OverrideSet {
453 silly Conflicting override sets   parent: OverrideSet {
453 silly Conflicting override sets     parent: undefined,
453 silly Conflicting override sets     children: Map(5) {
453 silly Conflicting override sets       '@graphql-tools/url-loader' => [OverrideSet],
453 silly Conflicting override sets       '@graphql-codegen/client-preset' => [OverrideSet],
453 silly Conflicting override sets       '@graphql-codegen/typescript-operations' => [Circular *1],
453 silly Conflicting override sets       'minimatch' => [OverrideSet],
453 silly Conflicting override sets       'vite' => [OverrideSet]
453 silly Conflicting override sets     }
453 silly Conflicting override sets   },
453 silly Conflicting override sets   children: Map(0) {},
453 silly Conflicting override sets   name: '@graphql-codegen/typescript-operations',
453 silly Conflicting override sets   key: '@graphql-codegen/typescript-operations',
453 silly Conflicting override sets   keySpec: '*',
453 silly Conflicting override sets   value: '4.5.0'
453 silly Conflicting override sets } <ref *1> OverrideSet {
453 silly Conflicting override sets   parent: OverrideSet {
453 silly Conflicting override sets     parent: undefined,
453 silly Conflicting override sets     children: Map(5) {
453 silly Conflicting override sets       '@graphql-tools/url-loader' => [OverrideSet],
453 silly Conflicting override sets       '@graphql-codegen/client-preset' => [Circular *1],
453 silly Conflicting override sets       '@graphql-codegen/typescript-operations' => [OverrideSet],
453 silly Conflicting override sets       'minimatch' => [OverrideSet],
453 silly Conflicting override sets       'vite' => [OverrideSet]
453 silly Conflicting override sets     }
453 silly Conflicting override sets   },
453 silly Conflicting override sets   children: Map(0) {},
453 silly Conflicting override sets   name: '@graphql-codegen/client-preset',
453 silly Conflicting override sets   key: '@graphql-codegen/client-preset',
453 silly Conflicting override sets   keySpec: '*',
453 silly Conflicting override sets   value: '4.7.0'
453 silly Conflicting override sets }
454 silly Conflicting override sets <ref *1> OverrideSet {
454 silly Conflicting override sets   parent: OverrideSet {
454 silly Conflicting override sets     parent: undefined,
454 silly Conflicting override sets     children: Map(5) {
454 silly Conflicting override sets       '@graphql-tools/url-loader' => [OverrideSet],
454 silly Conflicting override sets       '@graphql-codegen/client-preset' => [Circular *1],
454 silly Conflicting override sets       '@graphql-codegen/typescript-operations' => [OverrideSet],
454 silly Conflicting override sets       'minimatch' => [OverrideSet],
454 silly Conflicting override sets       'vite' => [OverrideSet]
454 silly Conflicting override sets     }
454 silly Conflicting override sets   },
454 silly Conflicting override sets   children: Map(0) {},
454 silly Conflicting override sets   name: '@graphql-codegen/client-preset',
454 silly Conflicting override sets   key: '@graphql-codegen/client-preset',
454 silly Conflicting override sets   keySpec: '*',
454 silly Conflicting override sets   value: '4.7.0'
454 silly Conflicting override sets } <ref *1> OverrideSet {
454 silly Conflicting override sets   parent: OverrideSet {
454 silly Conflicting override sets     parent: undefined,
454 silly Conflicting override sets     children: Map(5) {
454 silly Conflicting override sets       '@graphql-tools/url-loader' => [OverrideSet],
454 silly Conflicting override sets       '@graphql-codegen/client-preset' => [OverrideSet],
454 silly Conflicting override sets       '@graphql-codegen/typescript-operations' => [Circular *1],
454 silly Conflicting override sets       'minimatch' => [OverrideSet],
454 silly Conflicting override sets       'vite' => [OverrideSet]
454 silly Conflicting override sets     }
454 silly Conflicting override sets   },
454 silly Conflicting override sets   children: Map(0) {},
454 silly Conflicting override sets   name: '@graphql-codegen/typescript-operations',
454 silly Conflicting override sets   key: '@graphql-codegen/typescript-operations',
454 silly Conflicting override sets   keySpec: '*',
454 silly Conflicting override sets   value: '4.5.0'
454 silly Conflicting override sets }
455 silly Conflicting override sets graphql
456 silly Conflicting override sets <ref *1> OverrideSet {
456 silly Conflicting override sets   parent: OverrideSet {
456 silly Conflicting override sets     parent: undefined,
456 silly Conflicting override sets     children: Map(5) {
456 silly Conflicting override sets       '@graphql-tools/url-loader' => [OverrideSet],
456 silly Conflicting override sets       '@graphql-codegen/client-preset' => [Circular *1],
456 silly Conflicting override sets       '@graphql-codegen/typescript-operations' => [OverrideSet],
456 silly Conflicting override sets       'minimatch' => [OverrideSet],
456 silly Conflicting override sets       'vite' => [OverrideSet]
456 silly Conflicting override sets     }
456 silly Conflicting override sets   },
456 silly Conflicting override sets   children: Map(0) {},
456 silly Conflicting override sets   name: '@graphql-codegen/client-preset',
456 silly Conflicting override sets   key: '@graphql-codegen/client-preset',
456 silly Conflicting override sets   keySpec: '*',
456 silly Conflicting override sets   value: '4.7.0'
456 silly Conflicting override sets } <ref *1> OverrideSet {
456 silly Conflicting override sets   parent: OverrideSet {
456 silly Conflicting override sets     parent: undefined,
456 silly Conflicting override sets     children: Map(5) {
456 silly Conflicting override sets       '@graphql-tools/url-loader' => [OverrideSet],
456 silly Conflicting override sets       '@graphql-codegen/client-preset' => [OverrideSet],
456 silly Conflicting override sets       '@graphql-codegen/typescript-operations' => [Circular *1],
456 silly Conflicting override sets       'minimatch' => [OverrideSet],
456 silly Conflicting override sets       'vite' => [OverrideSet]
456 silly Conflicting override sets     }
456 silly Conflicting override sets   },
456 silly Conflicting override sets   children: Map(0) {},
456 silly Conflicting override sets   name: '@graphql-codegen/typescript-operations',
456 silly Conflicting override sets   key: '@graphql-codegen/typescript-operations',
456 silly Conflicting override sets   keySpec: '*',
456 silly Conflicting override sets   value: '4.5.0'
456 silly Conflicting override sets }
457 silly Conflicting override sets @graphql-typed-document-node/core
458 silly Conflicting override sets <ref *1> OverrideSet {
458 silly Conflicting override sets   parent: OverrideSet {
458 silly Conflicting override sets     parent: undefined,
458 silly Conflicting override sets     children: Map(5) {
458 silly Conflicting override sets       '@graphql-tools/url-loader' => [Circular *1],
458 silly Conflicting override sets       '@graphql-codegen/client-preset' => [OverrideSet],
458 silly Conflicting override sets       '@graphql-codegen/typescript-operations' => [OverrideSet],
458 silly Conflicting override sets       'minimatch' => [OverrideSet],
458 silly Conflicting override sets       'vite' => [OverrideSet]
458 silly Conflicting override sets     }
458 silly Conflicting override sets   },
458 silly Conflicting override sets   children: Map(0) {},
458 silly Conflicting override sets   name: '@graphql-tools/url-loader',
458 silly Conflicting override sets   key: '@graphql-tools/url-loader',
458 silly Conflicting override sets   keySpec: '*',
458 silly Conflicting override sets   value: '8.0.16'
458 silly Conflicting override sets } <ref *1> OverrideSet {
458 silly Conflicting override sets   parent: OverrideSet {
458 silly Conflicting override sets     parent: undefined,
458 silly Conflicting override sets     children: Map(5) {
458 silly Conflicting override sets       '@graphql-tools/url-loader' => [OverrideSet],
458 silly Conflicting override sets       '@graphql-codegen/client-preset' => [OverrideSet],
458 silly Conflicting override sets       '@graphql-codegen/typescript-operations' => [Circular *1],
458 silly Conflicting override sets       'minimatch' => [OverrideSet],
458 silly Conflicting override sets       'vite' => [OverrideSet]
458 silly Conflicting override sets     }
458 silly Conflicting override sets   },
458 silly Conflicting override sets   children: Map(0) {},
458 silly Conflicting override sets   name: '@graphql-codegen/typescript-operations',
458 silly Conflicting override sets   key: '@graphql-codegen/typescript-operations',
458 silly Conflicting override sets   keySpec: '*',
458 silly Conflicting override sets   value: '4.5.0'
458 silly Conflicting override sets }
459 silly Conflicting override sets @whatwg-node/promise-helpers
460 silly Conflicting override sets <ref *1> OverrideSet {
460 silly Conflicting override sets   parent: OverrideSet {
460 silly Conflicting override sets     parent: undefined,
460 silly Conflicting override sets     children: Map(5) {
460 silly Conflicting override sets       '@graphql-tools/url-loader' => [OverrideSet],
460 silly Conflicting override sets       '@graphql-codegen/client-preset' => [Circular *1],
460 silly Conflicting override sets       '@graphql-codegen/typescript-operations' => [OverrideSet],
460 silly Conflicting override sets       'minimatch' => [OverrideSet],
460 silly Conflicting override sets       'vite' => [OverrideSet]
460 silly Conflicting override sets     }
460 silly Conflicting override sets   },
460 silly Conflicting override sets   children: Map(0) {},
460 silly Conflicting override sets   name: '@graphql-codegen/client-preset',
460 silly Conflicting override sets   key: '@graphql-codegen/client-preset',
460 silly Conflicting override sets   keySpec: '*',
460 silly Conflicting override sets   value: '4.7.0'
460 silly Conflicting override sets } <ref *1> OverrideSet {
460 silly Conflicting override sets   parent: OverrideSet {
460 silly Conflicting override sets     parent: undefined,
460 silly Conflicting override sets     children: Map(5) {
460 silly Conflicting override sets       '@graphql-tools/url-loader' => [OverrideSet],
460 silly Conflicting override sets       '@graphql-codegen/client-preset' => [OverrideSet],
460 silly Conflicting override sets       '@graphql-codegen/typescript-operations' => [Circular *1],
460 silly Conflicting override sets       'minimatch' => [OverrideSet],
460 silly Conflicting override sets       'vite' => [OverrideSet]
460 silly Conflicting override sets     }
460 silly Conflicting override sets   },
460 silly Conflicting override sets   children: Map(0) {},
460 silly Conflicting override sets   name: '@graphql-codegen/typescript-operations',
460 silly Conflicting override sets   key: '@graphql-codegen/typescript-operations',
460 silly Conflicting override sets   keySpec: '*',
460 silly Conflicting override sets   value: '4.5.0'
460 silly Conflicting override sets }
461 silly Conflicting override sets cross-inspect
462 silly Conflicting override sets <ref *1> OverrideSet {
462 silly Conflicting override sets   parent: OverrideSet {
462 silly Conflicting override sets     parent: undefined,
462 silly Conflicting override sets     children: Map(5) {
462 silly Conflicting override sets       '@graphql-tools/url-loader' => [Circular *1],
462 silly Conflicting override sets       '@graphql-codegen/client-preset' => [OverrideSet],
462 silly Conflicting override sets       '@graphql-codegen/typescript-operations' => [OverrideSet],
462 silly Conflicting override sets       'minimatch' => [OverrideSet],
462 silly Conflicting override sets       'vite' => [OverrideSet]
462 silly Conflicting override sets     }
462 silly Conflicting override sets   },
462 silly Conflicting override sets   children: Map(0) {},
462 silly Conflicting override sets   name: '@graphql-tools/url-loader',
462 silly Conflicting override sets   key: '@graphql-tools/url-loader',
462 silly Conflicting override sets   keySpec: '*',
462 silly Conflicting override sets   value: '8.0.16'
462 silly Conflicting override sets } <ref *1> OverrideSet {
462 silly Conflicting override sets   parent: OverrideSet {
462 silly Conflicting override sets     parent: undefined,
462 silly Conflicting override sets     children: Map(5) {
462 silly Conflicting override sets       '@graphql-tools/url-loader' => [OverrideSet],
462 silly Conflicting override sets       '@graphql-codegen/client-preset' => [OverrideSet],
462 silly Conflicting override sets       '@graphql-codegen/typescript-operations' => [Circular *1],
462 silly Conflicting override sets       'minimatch' => [OverrideSet],
462 silly Conflicting override sets       'vite' => [OverrideSet]
462 silly Conflicting override sets     }
462 silly Conflicting override sets   },
462 silly Conflicting override sets   children: Map(0) {},
462 silly Conflicting override sets   name: '@graphql-codegen/typescript-operations',
462 silly Conflicting override sets   key: '@graphql-codegen/typescript-operations',
462 silly Conflicting override sets   keySpec: '*',
462 silly Conflicting override sets   value: '4.5.0'
462 silly Conflicting override sets }
463 silly Conflicting override sets tslib
464 silly Conflicting override sets <ref *1> OverrideSet {
464 silly Conflicting override sets   parent: OverrideSet {
464 silly Conflicting override sets     parent: undefined,
464 silly Conflicting override sets     children: Map(5) {
464 silly Conflicting override sets       '@graphql-tools/url-loader' => [OverrideSet],
464 silly Conflicting override sets       '@graphql-codegen/client-preset' => [Circular *1],
464 silly Conflicting override sets       '@graphql-codegen/typescript-operations' => [OverrideSet],
464 silly Conflicting override sets       'minimatch' => [OverrideSet],
464 silly Conflicting override sets       'vite' => [OverrideSet]
464 silly Conflicting override sets     }
464 silly Conflicting override sets   },
464 silly Conflicting override sets   children: Map(0) {},
464 silly Conflicting override sets   name: '@graphql-codegen/client-preset',
464 silly Conflicting override sets   key: '@graphql-codegen/client-preset',
464 silly Conflicting override sets   keySpec: '*',
464 silly Conflicting override sets   value: '4.7.0'
464 silly Conflicting override sets } <ref *1> OverrideSet {
464 silly Conflicting override sets   parent: OverrideSet {
464 silly Conflicting override sets     parent: undefined,
464 silly Conflicting override sets     children: Map(5) {
464 silly Conflicting override sets       '@graphql-tools/url-loader' => [Circular *1],
464 silly Conflicting override sets       '@graphql-codegen/client-preset' => [OverrideSet],
464 silly Conflicting override sets       '@graphql-codegen/typescript-operations' => [OverrideSet],
464 silly Conflicting override sets       'minimatch' => [OverrideSet],
464 silly Conflicting override sets       'vite' => [OverrideSet]
464 silly Conflicting override sets     }
464 silly Conflicting override sets   },
464 silly Conflicting override sets   children: Map(0) {},
464 silly Conflicting override sets   name: '@graphql-tools/url-loader',
464 silly Conflicting override sets   key: '@graphql-tools/url-loader',
464 silly Conflicting override sets   keySpec: '*',
464 silly Conflicting override sets   value: '8.0.16'
464 silly Conflicting override sets }
465 silly Conflicting override sets graphql
466 silly Conflicting override sets <ref *1> OverrideSet {
466 silly Conflicting override sets   parent: OverrideSet {
466 silly Conflicting override sets     parent: undefined,
466 silly Conflicting override sets     children: Map(5) {
466 silly Conflicting override sets       '@graphql-tools/url-loader' => [OverrideSet],
466 silly Conflicting override sets       '@graphql-codegen/client-preset' => [OverrideSet],
466 silly Conflicting override sets       '@graphql-codegen/typescript-operations' => [Circular *1],
466 silly Conflicting override sets       'minimatch' => [OverrideSet],
466 silly Conflicting override sets       'vite' => [OverrideSet]
466 silly Conflicting override sets     }
466 silly Conflicting override sets   },
466 silly Conflicting override sets   children: Map(0) {},
466 silly Conflicting override sets   name: '@graphql-codegen/typescript-operations',
466 silly Conflicting override sets   key: '@graphql-codegen/typescript-operations',
466 silly Conflicting override sets   keySpec: '*',
466 silly Conflicting override sets   value: '4.5.0'
466 silly Conflicting override sets } <ref *1> OverrideSet {
466 silly Conflicting override sets   parent: OverrideSet {
466 silly Conflicting override sets     parent: undefined,
466 silly Conflicting override sets     children: Map(5) {
466 silly Conflicting override sets       '@graphql-tools/url-loader' => [Circular *1],
466 silly Conflicting override sets       '@graphql-codegen/client-preset' => [OverrideSet],
466 silly Conflicting override sets       '@graphql-codegen/typescript-operations' => [OverrideSet],
466 silly Conflicting override sets       'minimatch' => [OverrideSet],
466 silly Conflicting override sets       'vite' => [OverrideSet]
466 silly Conflicting override sets     }
466 silly Conflicting override sets   },
466 silly Conflicting override sets   children: Map(0) {},
466 silly Conflicting override sets   name: '@graphql-tools/url-loader',
466 silly Conflicting override sets   key: '@graphql-tools/url-loader',
466 silly Conflicting override sets   keySpec: '*',
466 silly Conflicting override sets   value: '8.0.16'
466 silly Conflicting override sets }
467 silly Conflicting override sets @graphql-tools/utils
468 silly Conflicting override sets <ref *1> OverrideSet {
468 silly Conflicting override sets   parent: OverrideSet {
468 silly Conflicting override sets     parent: undefined,
468 silly Conflicting override sets     children: Map(5) {
468 silly Conflicting override sets       '@graphql-tools/url-loader' => [OverrideSet],
468 silly Conflicting override sets       '@graphql-codegen/client-preset' => [Circular *1],
468 silly Conflicting override sets       '@graphql-codegen/typescript-operations' => [OverrideSet],
468 silly Conflicting override sets       'minimatch' => [OverrideSet],
468 silly Conflicting override sets       'vite' => [OverrideSet]
468 silly Conflicting override sets     }
468 silly Conflicting override sets   },
468 silly Conflicting override sets   children: Map(0) {},
468 silly Conflicting override sets   name: '@graphql-codegen/client-preset',
468 silly Conflicting override sets   key: '@graphql-codegen/client-preset',
468 silly Conflicting override sets   keySpec: '*',
468 silly Conflicting override sets   value: '4.7.0'
468 silly Conflicting override sets } <ref *1> OverrideSet {
468 silly Conflicting override sets   parent: OverrideSet {
468 silly Conflicting override sets     parent: undefined,
468 silly Conflicting override sets     children: Map(5) {
468 silly Conflicting override sets       '@graphql-tools/url-loader' => [OverrideSet],
468 silly Conflicting override sets       '@graphql-codegen/client-preset' => [OverrideSet],
468 silly Conflicting override sets       '@graphql-codegen/typescript-operations' => [Circular *1],
468 silly Conflicting override sets       'minimatch' => [OverrideSet],
468 silly Conflicting override sets       'vite' => [OverrideSet]
468 silly Conflicting override sets     }
468 silly Conflicting override sets   },
468 silly Conflicting override sets   children: Map(0) {},
468 silly Conflicting override sets   name: '@graphql-codegen/typescript-operations',
468 silly Conflicting override sets   key: '@graphql-codegen/typescript-operations',
468 silly Conflicting override sets   keySpec: '*',
468 silly Conflicting override sets   value: '4.5.0'
468 silly Conflicting override sets }
469 silly Conflicting override sets graphql
470 silly Conflicting override sets <ref *1> OverrideSet {
470 silly Conflicting override sets   parent: OverrideSet {
470 silly Conflicting override sets     parent: undefined,
470 silly Conflicting override sets     children: Map(5) {
470 silly Conflicting override sets       '@graphql-tools/url-loader' => [OverrideSet],
470 silly Conflicting override sets       '@graphql-codegen/client-preset' => [Circular *1],
470 silly Conflicting override sets       '@graphql-codegen/typescript-operations' => [OverrideSet],
470 silly Conflicting override sets       'minimatch' => [OverrideSet],
470 silly Conflicting override sets       'vite' => [OverrideSet]
470 silly Conflicting override sets     }
470 silly Conflicting override sets   },
470 silly Conflicting override sets   children: Map(0) {},
470 silly Conflicting override sets   name: '@graphql-codegen/client-preset',
470 silly Conflicting override sets   key: '@graphql-codegen/client-preset',
470 silly Conflicting override sets   keySpec: '*',
470 silly Conflicting override sets   value: '4.7.0'
470 silly Conflicting override sets } <ref *1> OverrideSet {
470 silly Conflicting override sets   parent: OverrideSet {
470 silly Conflicting override sets     parent: undefined,
470 silly Conflicting override sets     children: Map(5) {
470 silly Conflicting override sets       '@graphql-tools/url-loader' => [OverrideSet],
470 silly Conflicting override sets       '@graphql-codegen/client-preset' => [OverrideSet],
470 silly Conflicting override sets       '@graphql-codegen/typescript-operations' => [Circular *1],
470 silly Conflicting override sets       'minimatch' => [OverrideSet],
470 silly Conflicting override sets       'vite' => [OverrideSet]
470 silly Conflicting override sets     }
470 silly Conflicting override sets   },
470 silly Conflicting override sets   children: Map(0) {},
470 silly Conflicting override sets   name: '@graphql-codegen/typescript-operations',
470 silly Conflicting override sets   key: '@graphql-codegen/typescript-operations',
470 silly Conflicting override sets   keySpec: '*',
470 silly Conflicting override sets   value: '4.5.0'
470 silly Conflicting override sets }
471 silly Conflicting override sets @graphql-tools/optimize
472 silly Conflicting override sets <ref *1> OverrideSet {
472 silly Conflicting override sets   parent: OverrideSet {
472 silly Conflicting override sets     parent: undefined,
472 silly Conflicting override sets     children: Map(5) {
472 silly Conflicting override sets       '@graphql-tools/url-loader' => [OverrideSet],
472 silly Conflicting override sets       '@graphql-codegen/client-preset' => [Circular *1],
472 silly Conflicting override sets       '@graphql-codegen/typescript-operations' => [OverrideSet],
472 silly Conflicting override sets       'minimatch' => [OverrideSet],
472 silly Conflicting override sets       'vite' => [OverrideSet]
472 silly Conflicting override sets     }
472 silly Conflicting override sets   },
472 silly Conflicting override sets   children: Map(0) {},
472 silly Conflicting override sets   name: '@graphql-codegen/client-preset',
472 silly Conflicting override sets   key: '@graphql-codegen/client-preset',
472 silly Conflicting override sets   keySpec: '*',
472 silly Conflicting override sets   value: '4.7.0'
472 silly Conflicting override sets } <ref *1> OverrideSet {
472 silly Conflicting override sets   parent: OverrideSet {
472 silly Conflicting override sets     parent: undefined,
472 silly Conflicting override sets     children: Map(5) {
472 silly Conflicting override sets       '@graphql-tools/url-loader' => [OverrideSet],
472 silly Conflicting override sets       '@graphql-codegen/client-preset' => [OverrideSet],
472 silly Conflicting override sets       '@graphql-codegen/typescript-operations' => [Circular *1],
472 silly Conflicting override sets       'minimatch' => [OverrideSet],
472 silly Conflicting override sets       'vite' => [OverrideSet]
472 silly Conflicting override sets     }
472 silly Conflicting override sets   },
472 silly Conflicting override sets   children: Map(0) {},
472 silly Conflicting override sets   name: '@graphql-codegen/typescript-operations',
472 silly Conflicting override sets   key: '@graphql-codegen/typescript-operations',
472 silly Conflicting override sets   keySpec: '*',
472 silly Conflicting override sets   value: '4.5.0'
472 silly Conflicting override sets }
473 silly Conflicting override sets @graphql-codegen/plugin-helpers
474 silly Conflicting override sets <ref *1> OverrideSet {
474 silly Conflicting override sets   parent: OverrideSet {
474 silly Conflicting override sets     parent: undefined,
474 silly Conflicting override sets     children: Map(5) {
474 silly Conflicting override sets       '@graphql-tools/url-loader' => [OverrideSet],
474 silly Conflicting override sets       '@graphql-codegen/client-preset' => [Circular *1],
474 silly Conflicting override sets       '@graphql-codegen/typescript-operations' => [OverrideSet],
474 silly Conflicting override sets       'minimatch' => [OverrideSet],
474 silly Conflicting override sets       'vite' => [OverrideSet]
474 silly Conflicting override sets     }
474 silly Conflicting override sets   },
474 silly Conflicting override sets   children: Map(0) {},
474 silly Conflicting override sets   name: '@graphql-codegen/client-preset',
474 silly Conflicting override sets   key: '@graphql-codegen/client-preset',
474 silly Conflicting override sets   keySpec: '*',
474 silly Conflicting override sets   value: '4.7.0'
474 silly Conflicting override sets } <ref *1> OverrideSet {
474 silly Conflicting override sets   parent: OverrideSet {
474 silly Conflicting override sets     parent: undefined,
474 silly Conflicting override sets     children: Map(5) {
474 silly Conflicting override sets       '@graphql-tools/url-loader' => [OverrideSet],
474 silly Conflicting override sets       '@graphql-codegen/client-preset' => [OverrideSet],
474 silly Conflicting override sets       '@graphql-codegen/typescript-operations' => [Circular *1],
474 silly Conflicting override sets       'minimatch' => [OverrideSet],
474 silly Conflicting override sets       'vite' => [OverrideSet]
474 silly Conflicting override sets     }
474 silly Conflicting override sets   },
474 silly Conflicting override sets   children: Map(0) {},
474 silly Conflicting override sets   name: '@graphql-codegen/typescript-operations',
474 silly Conflicting override sets   key: '@graphql-codegen/typescript-operations',
474 silly Conflicting override sets   keySpec: '*',
474 silly Conflicting override sets   value: '4.5.0'
474 silly Conflicting override sets }
475 silly Conflicting override sets @graphql-tools/relay-operation-optimizer
476 silly Conflicting override sets <ref *1> OverrideSet {
476 silly Conflicting override sets   parent: OverrideSet {
476 silly Conflicting override sets     parent: undefined,
476 silly Conflicting override sets     children: Map(5) {
476 silly Conflicting override sets       '@graphql-tools/url-loader' => [OverrideSet],
476 silly Conflicting override sets       '@graphql-codegen/client-preset' => [Circular *1],
476 silly Conflicting override sets       '@graphql-codegen/typescript-operations' => [OverrideSet],
476 silly Conflicting override sets       'minimatch' => [OverrideSet],
476 silly Conflicting override sets       'vite' => [OverrideSet]
476 silly Conflicting override sets     }
476 silly Conflicting override sets   },
476 silly Conflicting override sets   children: Map(0) {},
476 silly Conflicting override sets   name: '@graphql-codegen/client-preset',
476 silly Conflicting override sets   key: '@graphql-codegen/client-preset',
476 silly Conflicting override sets   keySpec: '*',
476 silly Conflicting override sets   value: '4.7.0'
476 silly Conflicting override sets } <ref *1> OverrideSet {
476 silly Conflicting override sets   parent: OverrideSet {
476 silly Conflicting override sets     parent: undefined,
476 silly Conflicting override sets     children: Map(5) {
476 silly Conflicting override sets       '@graphql-tools/url-loader' => [OverrideSet],
476 silly Conflicting override sets       '@graphql-codegen/client-preset' => [OverrideSet],
476 silly Conflicting override sets       '@graphql-codegen/typescript-operations' => [Circular *1],
476 silly Conflicting override sets       'minimatch' => [OverrideSet],
476 silly Conflicting override sets       'vite' => [OverrideSet]
476 silly Conflicting override sets     }
476 silly Conflicting override sets   },
476 silly Conflicting override sets   children: Map(0) {},
476 silly Conflicting override sets   name: '@graphql-codegen/typescript-operations',
476 silly Conflicting override sets   key: '@graphql-codegen/typescript-operations',
476 silly Conflicting override sets   keySpec: '*',
476 silly Conflicting override sets   value: '4.5.0'
476 silly Conflicting override sets }
477 silly Conflicting override sets auto-bind
478 silly Conflicting override sets <ref *1> OverrideSet {
478 silly Conflicting override sets   parent: OverrideSet {
478 silly Conflicting override sets     parent: undefined,
478 silly Conflicting override sets     children: Map(5) {
478 silly Conflicting override sets       '@graphql-tools/url-loader' => [OverrideSet],
478 silly Conflicting override sets       '@graphql-codegen/client-preset' => [Circular *1],
478 silly Conflicting override sets       '@graphql-codegen/typescript-operations' => [OverrideSet],
478 silly Conflicting override sets       'minimatch' => [OverrideSet],
478 silly Conflicting override sets       'vite' => [OverrideSet]
478 silly Conflicting override sets     }
478 silly Conflicting override sets   },
478 silly Conflicting override sets   children: Map(0) {},
478 silly Conflicting override sets   name: '@graphql-codegen/client-preset',
478 silly Conflicting override sets   key: '@graphql-codegen/client-preset',
478 silly Conflicting override sets   keySpec: '*',
478 silly Conflicting override sets   value: '4.7.0'
478 silly Conflicting override sets } <ref *1> OverrideSet {
478 silly Conflicting override sets   parent: OverrideSet {
478 silly Conflicting override sets     parent: undefined,
478 silly Conflicting override sets     children: Map(5) {
478 silly Conflicting override sets       '@graphql-tools/url-loader' => [OverrideSet],
478 silly Conflicting override sets       '@graphql-codegen/client-preset' => [OverrideSet],
478 silly Conflicting override sets       '@graphql-codegen/typescript-operations' => [Circular *1],
478 silly Conflicting override sets       'minimatch' => [OverrideSet],
478 silly Conflicting override sets       'vite' => [OverrideSet]
478 silly Conflicting override sets     }
478 silly Conflicting override sets   },
478 silly Conflicting override sets   children: Map(0) {},
478 silly Conflicting override sets   name: '@graphql-codegen/typescript-operations',
478 silly Conflicting override sets   key: '@graphql-codegen/typescript-operations',
478 silly Conflicting override sets   keySpec: '*',
478 silly Conflicting override sets   value: '4.5.0'
478 silly Conflicting override sets }
479 silly Conflicting override sets dependency-graph
480 silly Conflicting override sets <ref *1> OverrideSet {
480 silly Conflicting override sets   parent: OverrideSet {
480 silly Conflicting override sets     parent: undefined,
480 silly Conflicting override sets     children: Map(5) {
480 silly Conflicting override sets       '@graphql-tools/url-loader' => [OverrideSet],
480 silly Conflicting override sets       '@graphql-codegen/client-preset' => [Circular *1],
480 silly Conflicting override sets       '@graphql-codegen/typescript-operations' => [OverrideSet],
480 silly Conflicting override sets       'minimatch' => [OverrideSet],
480 silly Conflicting override sets       'vite' => [OverrideSet]
480 silly Conflicting override sets     }
480 silly Conflicting override sets   },
480 silly Conflicting override sets   children: Map(0) {},
480 silly Conflicting override sets   name: '@graphql-codegen/client-preset',
480 silly Conflicting override sets   key: '@graphql-codegen/client-preset',
480 silly Conflicting override sets   keySpec: '*',
480 silly Conflicting override sets   value: '4.7.0'
480 silly Conflicting override sets } <ref *1> OverrideSet {
480 silly Conflicting override sets   parent: OverrideSet {
480 silly Conflicting override sets     parent: undefined,
480 silly Conflicting override sets     children: Map(5) {
480 silly Conflicting override sets       '@graphql-tools/url-loader' => [OverrideSet],
480 silly Conflicting override sets       '@graphql-codegen/client-preset' => [OverrideSet],
480 silly Conflicting override sets       '@graphql-codegen/typescript-operations' => [Circular *1],
480 silly Conflicting override sets       'minimatch' => [OverrideSet],
480 silly Conflicting override sets       'vite' => [OverrideSet]
480 silly Conflicting override sets     }
480 silly Conflicting override sets   },
480 silly Conflicting override sets   children: Map(0) {},
480 silly Conflicting override sets   name: '@graphql-codegen/typescript-operations',
480 silly Conflicting override sets   key: '@graphql-codegen/typescript-operations',
480 silly Conflicting override sets   keySpec: '*',
480 silly Conflicting override sets   value: '4.5.0'
480 silly Conflicting override sets }
481 silly Conflicting override sets graphql-tag
482 silly Conflicting override sets <ref *1> OverrideSet {
482 silly Conflicting override sets   parent: OverrideSet {
482 silly Conflicting override sets     parent: undefined,
482 silly Conflicting override sets     children: Map(5) {
482 silly Conflicting override sets       '@graphql-tools/url-loader' => [OverrideSet],
482 silly Conflicting override sets       '@graphql-codegen/client-preset' => [Circular *1],
482 silly Conflicting override sets       '@graphql-codegen/typescript-operations' => [OverrideSet],
482 silly Conflicting override sets       'minimatch' => [OverrideSet],
482 silly Conflicting override sets       'vite' => [OverrideSet]
482 silly Conflicting override sets     }
482 silly Conflicting override sets   },
482 silly Conflicting override sets   children: Map(0) {},
482 silly Conflicting override sets   name: '@graphql-codegen/client-preset',
482 silly Conflicting override sets   key: '@graphql-codegen/client-preset',
482 silly Conflicting override sets   keySpec: '*',
482 silly Conflicting override sets   value: '4.7.0'
482 silly Conflicting override sets } <ref *1> OverrideSet {
482 silly Conflicting override sets   parent: OverrideSet {
482 silly Conflicting override sets     parent: undefined,
482 silly Conflicting override sets     children: Map(5) {
482 silly Conflicting override sets       '@graphql-tools/url-loader' => [OverrideSet],
482 silly Conflicting override sets       '@graphql-codegen/client-preset' => [OverrideSet],
482 silly Conflicting override sets       '@graphql-codegen/typescript-operations' => [Circular *1],
482 silly Conflicting override sets       'minimatch' => [OverrideSet],
482 silly Conflicting override sets       'vite' => [OverrideSet]
482 silly Conflicting override sets     }
482 silly Conflicting override sets   },
482 silly Conflicting override sets   children: Map(0) {},
482 silly Conflicting override sets   name: '@graphql-codegen/typescript-operations',
482 silly Conflicting override sets   key: '@graphql-codegen/typescript-operations',
482 silly Conflicting override sets   keySpec: '*',
482 silly Conflicting override sets   value: '4.5.0'
482 silly Conflicting override sets }
483 silly Conflicting override sets parse-filepath
484 silly Conflicting override sets <ref *1> OverrideSet {
484 silly Conflicting override sets   parent: OverrideSet {
484 silly Conflicting override sets     parent: undefined,
484 silly Conflicting override sets     children: Map(5) {
484 silly Conflicting override sets       '@graphql-tools/url-loader' => [OverrideSet],
484 silly Conflicting override sets       '@graphql-codegen/client-preset' => [Circular *1],
484 silly Conflicting override sets       '@graphql-codegen/typescript-operations' => [OverrideSet],
484 silly Conflicting override sets       'minimatch' => [OverrideSet],
484 silly Conflicting override sets       'vite' => [OverrideSet]
484 silly Conflicting override sets     }
484 silly Conflicting override sets   },
484 silly Conflicting override sets   children: Map(0) {},
484 silly Conflicting override sets   name: '@graphql-codegen/client-preset',
484 silly Conflicting override sets   key: '@graphql-codegen/client-preset',
484 silly Conflicting override sets   keySpec: '*',
484 silly Conflicting override sets   value: '4.7.0'
484 silly Conflicting override sets } <ref *1> OverrideSet {
484 silly Conflicting override sets   parent: OverrideSet {
484 silly Conflicting override sets     parent: undefined,
484 silly Conflicting override sets     children: Map(5) {
484 silly Conflicting override sets       '@graphql-tools/url-loader' => [OverrideSet],
484 silly Conflicting override sets       '@graphql-codegen/client-preset' => [OverrideSet],
484 silly Conflicting override sets       '@graphql-codegen/typescript-operations' => [Circular *1],
484 silly Conflicting override sets       'minimatch' => [OverrideSet],
484 silly Conflicting override sets       'vite' => [OverrideSet]
484 silly Conflicting override sets     }
484 silly Conflicting override sets   },
484 silly Conflicting override sets   children: Map(0) {},
484 silly Conflicting override sets   name: '@graphql-codegen/typescript-operations',
484 silly Conflicting override sets   key: '@graphql-codegen/typescript-operations',
484 silly Conflicting override sets   keySpec: '*',
484 silly Conflicting override sets   value: '4.5.0'
484 silly Conflicting override sets }
485 silly Conflicting override sets change-case-all
486 silly reify moves {}
487 silly audit bulk request {
487 silly audit   '@acemir/cssom': [ '0.9.31' ],
487 silly audit   '@alcalzone/ansi-tokenize': [ '0.1.3' ],
487 silly audit   'ansi-styles': [ '6.2.3', '4.3.0', '5.2.0' ],
487 silly audit   '@ardatan/relay-compiler': [ '13.0.1' ],
487 silly audit   '@ardatan/sync-fetch': [ '0.0.1' ],
487 silly audit   '@asamuzakjp/css-color': [ '5.1.11' ],
487 silly audit   '@asamuzakjp/dom-selector': [ '6.8.1' ],
487 silly audit   'lru-cache': [ '11.5.1', '7.18.3', '6.0.0', '10.4.3', '5.1.1', '4.1.5' ],
487 silly audit   '@asamuzakjp/generational-cache': [ '1.0.1' ],
487 silly audit   '@asamuzakjp/nwsapi': [ '2.3.9' ],
487 silly audit   '@ast-grep/napi': [ '0.33.0' ],
487 silly audit   '@ast-grep/napi-darwin-arm64': [ '0.33.0' ],
487 silly audit   '@ast-grep/napi-darwin-x64': [ '0.33.0' ],
487 silly audit   '@ast-grep/napi-linux-arm64-gnu': [ '0.33.0' ],
487 silly audit   '@ast-grep/napi-linux-arm64-musl': [ '0.33.0' ],
487 silly audit   '@ast-grep/napi-linux-x64-gnu': [ '0.33.0' ],
487 silly audit   '@ast-grep/napi-linux-x64-musl': [ '0.33.0' ],
487 silly audit   '@ast-grep/napi-win32-arm64-msvc': [ '0.33.0' ],
487 silly audit   '@ast-grep/napi-win32-ia32-msvc': [ '0.33.0' ],
487 silly audit   '@ast-grep/napi-win32-x64-msvc': [ '0.33.0' ],
487 silly audit   '@babel/code-frame': [ '7.29.7' ],
487 silly audit   '@babel/compat-data': [ '7.29.7' ],
487 silly audit   '@babel/core': [ '7.29.7' ],
487 silly audit   semver: [ '6.3.1', '7.5.4', '7.8.1', '7.8.5' ],
487 silly audit   '@babel/eslint-parser': [ '7.29.7' ],
487 silly audit   '@babel/generator': [ '7.29.7' ],
487 silly audit   '@babel/helper-annotate-as-pure': [ '7.29.7' ],
487 silly audit   '@babel/helper-compilation-targets': [ '7.29.7' ],
487 silly audit   '@babel/helper-create-class-features-plugin': [ '7.29.7' ],
487 silly audit   '@babel/helper-globals': [ '7.29.7' ],
487 silly audit   '@babel/helper-member-expression-to-functions': [ '7.29.7' ],
487 silly audit   '@babel/helper-module-imports': [ '7.29.7' ],
487 silly audit   '@babel/helper-module-transforms': [ '7.29.7' ],
487 silly audit   '@babel/helper-optimise-call-expression': [ '7.29.7' ],
487 silly audit   '@babel/helper-plugin-utils': [ '7.29.7' ],
487 silly audit   '@babel/helper-replace-supers': [ '7.29.7' ],
487 silly audit   '@babel/helper-skip-transparent-expression-wrappers': [ '7.29.7' ],
487 silly audit   '@babel/helper-string-parser': [ '7.29.7' ],
487 silly audit   '@babel/helper-validator-identifier': [ '7.29.7' ],
487 silly audit   '@babel/helper-validator-option': [ '7.29.7' ],
487 silly audit   '@babel/helpers': [ '7.29.7' ],
487 silly audit   '@babel/parser': [ '7.29.7' ],
487 silly audit   '@babel/plugin-syntax-decorators': [ '7.29.7' ],
487 silly audit   '@babel/plugin-syntax-import-assertions': [ '7.29.7' ],
487 silly audit   '@babel/plugin-syntax-jsx': [ '7.29.7' ],
487 silly audit   '@babel/plugin-syntax-typescript': [ '7.29.7' ],
487 silly audit   '@babel/plugin-transform-modules-commonjs': [ '7.29.7' ],
487 silly audit   '@babel/plugin-transform-react-display-name': [ '7.29.7' ],
487 silly audit   '@babel/plugin-transform-react-jsx': [ '7.29.7' ],
487 silly audit   '@babel/plugin-transform-react-jsx-development': [ '7.29.7' ],
487 silly audit   '@babel/plugin-transform-react-pure-annotations': [ '7.29.7' ],
487 silly audit   '@babel/plugin-transform-typescript': [ '7.29.7' ],
487 silly audit   '@babel/preset-react': [ '7.29.7' ],
487 silly audit   '@babel/preset-typescript': [ '7.29.7' ],
487 silly audit   '@babel/runtime': [ '7.29.7' ],
487 silly audit   '@babel/template': [ '7.29.7' ],
487 silly audit   '@babel/traverse': [ '7.29.7' ],
487 silly audit   '@babel/types': [ '7.29.7' ],
487 silly audit   '@bramus/specificity': [ '2.4.2' ],
487 silly audit   '@bugsnag/browser': [ '7.25.0' ],
487 silly audit   '@bugsnag/core': [ '7.25.0' ],
487 silly audit   '@bugsnag/cuid': [ '3.2.2' ],
487 silly audit   '@bugsnag/js': [ '7.21.0' ],
487 silly audit   '@bugsnag/node': [ '7.25.0' ],
487 silly audit   '@bugsnag/safe-json-stringify': [ '6.1.0' ],
487 silly audit   '@csstools/color-helpers': [ '6.1.0' ],
487 silly audit   '@csstools/css-calc': [ '3.2.1' ],
487 silly audit   '@csstools/css-color-parser': [ '4.1.9' ],
487 silly audit   '@csstools/css-parser-algorithms': [ '4.0.0' ],
487 silly audit   '@csstools/css-syntax-patches-for-csstree': [ '1.1.5' ],
487 silly audit   '@csstools/css-tokenizer': [ '4.0.0' ],
487 silly audit   '@emnapi/core': [ '1.10.0' ],
487 silly audit   '@emnapi/runtime': [ '1.10.0' ],
487 silly audit   '@emnapi/wasi-threads': [ '1.2.1' ],
487 silly audit   '@emotion/hash': [ '0.9.2' ],
487 silly audit   '@envelop/core': [ '5.5.1' ],
487 silly audit   '@envelop/instrumentation': [ '1.0.0' ],
487 silly audit   '@envelop/types': [ '5.2.1' ],
487 silly audit   '@esbuild/aix-ppc64': [ '0.27.4', '0.28.1', '0.25.12' ],
487 silly audit   '@esbuild/android-arm': [ '0.17.6', '0.19.8', '0.27.4', '0.28.1', '0.25.12' ],
487 silly audit   '@esbuild/android-arm64': [ '0.17.6', '0.19.8', '0.27.4', '0.28.1', '0.25.12' ],
487 silly audit   '@esbuild/android-x64': [ '0.17.6', '0.19.8', '0.27.4', '0.28.1', '0.25.12' ],
487 silly audit   '@esbuild/darwin-arm64': [ '0.17.6', '0.19.8', '0.27.4', '0.28.1', '0.25.12' ],
487 silly audit   '@esbuild/darwin-x64': [ '0.17.6', '0.19.8', '0.27.4', '0.28.1', '0.25.12' ],
487 silly audit   '@esbuild/freebsd-arm64': [ '0.17.6', '0.19.8', '0.27.4', '0.28.1', '0.25.12' ],
487 silly audit   '@esbuild/freebsd-x64': [ '0.17.6', '0.19.8', '0.27.4', '0.28.1', '0.25.12' ],
487 silly audit   '@esbuild/linux-arm': [ '0.17.6', '0.19.8', '0.27.4', '0.28.1', '0.25.12' ],
487 silly audit   '@esbuild/linux-arm64': [ '0.17.6', '0.19.8', '0.27.4', '0.28.1', '0.25.12' ],
487 silly audit   '@esbuild/linux-ia32': [ '0.17.6', '0.19.8', '0.27.4', '0.28.1', '0.25.12' ],
487 silly audit   '@esbuild/linux-loong64': [ '0.17.6', '0.19.8', '0.27.4', '0.28.1', '0.25.12' ],
487 silly audit   '@esbuild/linux-mips64el': [ '0.17.6', '0.19.8', '0.27.4', '0.28.1', '0.25.12' ],
487 silly audit   '@esbuild/linux-ppc64': [ '0.17.6', '0.19.8', '0.27.4', '0.28.1', '0.25.12' ],
487 silly audit   '@esbuild/linux-riscv64': [ '0.17.6', '0.19.8', '0.27.4', '0.28.1', '0.25.12' ],
487 silly audit   '@esbuild/linux-s390x': [ '0.17.6', '0.19.8', '0.27.4', '0.28.1', '0.25.12' ],
487 silly audit   '@esbuild/linux-x64': [ '0.17.6', '0.19.8', '0.27.4', '0.28.1', '0.25.12' ],
487 silly audit   '@esbuild/netbsd-arm64': [ '0.27.4', '0.28.1', '0.25.12' ],
487 silly audit   '@esbuild/netbsd-x64': [ '0.17.6', '0.19.8', '0.27.4', '0.28.1', '0.25.12' ],
487 silly audit   '@esbuild/openbsd-arm64': [ '0.27.4', '0.28.1', '0.25.12' ],
487 silly audit   '@esbuild/openbsd-x64': [ '0.17.6', '0.19.8', '0.27.4', '0.28.1', '0.25.12' ],
487 silly audit   '@esbuild/openharmony-arm64': [ '0.27.4', '0.28.1', '0.25.12' ],
487 silly audit   '@esbuild/sunos-x64': [ '0.17.6', '0.19.8', '0.27.4', '0.28.1', '0.25.12' ],
487 silly audit   '@esbuild/win32-arm64': [ '0.17.6', '0.19.8', '0.27.4', '0.28.1', '0.25.12' ],
487 silly audit   '@esbuild/win32-ia32': [ '0.17.6', '0.19.8', '0.27.4', '0.28.1', '0.25.12' ],
487 silly audit   '@esbuild/win32-x64': [ '0.17.6', '0.19.8', '0.27.4', '0.28.1', '0.25.12' ],
487 silly audit   '@eslint-community/eslint-utils': [ '4.9.1' ],
487 silly audit   'eslint-visitor-keys': [ '3.4.3', '1.3.0', '2.1.0' ],
487 silly audit   '@eslint-community/regexpp': [ '4.12.2' ],
487 silly audit   '@eslint/eslintrc': [ '2.1.4' ],
487 silly audit   ajv: [ '6.15.0', '8.20.0' ],
487 silly audit   'json-schema-traverse': [ '0.4.1', '1.0.0' ],
487 silly audit   '@eslint/js': [ '8.57.1' ],
487 silly audit   '@exodus/bytes': [ '1.15.1' ],
487 silly audit   '@fastify/busboy': [ '3.2.0' ],
487 silly audit   '@graphql-codegen/add': [ '5.0.3' ],
487 silly audit   tslib: [ '2.6.3', '2.8.1', '1.14.1' ],
487 silly audit   '@graphql-codegen/cli': [ '5.0.7' ],
487 silly audit   '@graphql-codegen/client-preset': [ '4.7.0' ],
487 silly audit   '@graphql-codegen/schema-ast': [ '4.1.0', '5.0.2' ],
487 silly audit   '@graphql-codegen/typescript': [ '4.1.6', '5.0.10' ],
487 silly audit   '@graphql-codegen/core': [ '4.0.2' ],
487 silly audit   '@graphql-codegen/gql-tag-operations': [ '4.0.16' ],
487 silly audit   '@graphql-codegen/visitor-plugin-common': [ '5.7.1', '5.8.0', '5.7.0', '6.3.0' ],
487 silly audit   '@graphql-codegen/introspection': [ '4.0.3' ],
487 silly audit   '@graphql-codegen/plugin-helpers': [ '5.1.1', '6.3.0' ],
487 silly audit   lodash: [ '4.17.23', '4.17.21', '4.18.1' ],
487 silly audit   '@graphql-tools/utils': [ '11.1.0', '10.11.0' ],
487 silly audit   '@graphql-codegen/typed-document-node': [ '5.1.2' ],
487 silly audit   '@graphql-codegen/typescript-operations': [ '4.5.0' ],
487 silly audit   'dependency-graph': [ '1.0.0', '0.11.0' ],
487 silly audit   '@graphql-hive/signal': [ '1.0.0' ],
487 silly audit   '@graphql-tools/apollo-engine-loader': [ '8.0.30' ],
487 silly audit   '@graphql-tools/batch-execute': [ '9.0.19' ],
487 silly audit   '@graphql-tools/code-file-loader': [ '8.1.32' ],
487 silly audit   '@graphql-tools/delegate': [ '10.2.23' ],
487 silly audit   '@graphql-tools/documents': [ '1.0.1' ],
487 silly audit   '@graphql-tools/executor': [ '1.5.3' ],
487 silly audit   '@graphql-tools/executor-common': [ '0.0.4', '0.0.1' ],
487 silly audit   '@graphql-tools/executor-graphql-ws': [ '1.3.7' ],
487 silly audit   '@whatwg-node/disposablestack': [ '0.0.5', '0.0.6' ],
487 silly audit   '@graphql-tools/executor-http': [ '1.3.3' ],
487 silly audit   '@graphql-tools/executor-legacy-ws': [ '1.1.28' ],
487 silly audit   '@graphql-tools/git-loader': [ '8.0.36' ],
487 silly audit   '@graphql-tools/github-loader': [ '8.0.22' ],
487 silly audit   'data-uri-to-buffer': [ '4.0.1', '3.0.1', '2.0.2' ],
487 silly audit   'node-fetch': [ '3.3.2', '2.7.0' ],
487 silly audit   'sync-fetch': [ '0.6.0-2', '0.6.0' ],
487 silly audit   'whatwg-mimetype': [ '4.0.0', '5.0.0' ],
487 silly audit   '@graphql-tools/graphql-file-loader': [ '8.1.14' ],
487 silly audit   '@graphql-tools/graphql-tag-pluck': [ '8.3.31' ],
487 silly audit   '@graphql-tools/import': [ '7.1.14' ],
487 silly audit   '@graphql-tools/json-file-loader': [ '8.0.28' ],
487 silly audit   '@graphql-tools/load': [ '8.1.10' ],
487 silly audit   '@graphql-tools/merge': [ '9.1.9' ],
487 silly audit   '@graphql-tools/optimize': [ '2.0.0' ],
487 silly audit   '@graphql-tools/prisma-loader': [ '8.0.17' ],
487 silly audit   dotenv: [ '16.6.1', '16.4.5', '17.4.2' ],
487 silly audit   '@graphql-tools/relay-operation-optimizer': [ '7.1.4' ],
487 silly audit   '@graphql-tools/schema': [ '10.0.33' ],
487 silly audit   '@graphql-tools/url-loader': [ '8.0.16' ],
487 silly audit   '@graphql-tools/wrap': [ '10.1.4' ],
487 silly audit   '@graphql-typed-document-node/core': [ '3.2.0' ],
487 silly audit   '@humanwhocodes/config-array': [ '0.13.0' ],
487 silly audit   '@humanwhocodes/module-importer': [ '1.0.1' ],
487 silly audit   '@humanwhocodes/object-schema': [ '2.0.3' ],
487 silly audit   '@iarna/toml': [ '2.2.5' ],
487 silly audit   '@inquirer/external-editor': [ '1.0.3' ],
487 silly audit   'iconv-lite': [ '0.7.2', '0.4.24' ],
487 silly audit   '@ioredis/commands': [ '1.10.0', '1.5.1' ],
487 silly audit   '@isaacs/cliui': [ '8.0.2' ],
487 silly audit   'ansi-regex': [ '6.2.2', '5.0.1' ],
487 silly audit   'string-width': [ '5.1.2', '4.2.3' ],
487 silly audit   'strip-ansi': [ '7.2.0', '7.1.0', '6.0.1' ],
487 silly audit   'wrap-ansi': [ '8.1.0', '6.2.0', '7.0.0' ],
487 silly audit   '@jridgewell/gen-mapping': [ '0.3.13' ],
487 silly audit   '@jridgewell/remapping': [ '2.3.5' ],
487 silly audit   '@jridgewell/resolve-uri': [ '3.1.2' ],
487 silly audit   '@jridgewell/sourcemap-codec': [ '1.5.5' ],
487 silly audit   '@jridgewell/trace-mapping': [ '0.3.31' ],
487 silly audit   '@jspm/core': [ '2.1.0' ],
487 silly audit   '@kwsites/file-exists': [ '1.1.1' ],
487 silly audit   '@kwsites/promise-deferred': [ '1.1.1' ],
487 silly audit   '@luckycatfactory/esbuild-graphql-loader': [ '3.8.1' ],
487 silly audit   '@mdx-js/mdx': [ '2.3.0' ],
487 silly audit   '@msgpackr-extract/msgpackr-extract-darwin-arm64': [ '3.0.4' ],
487 silly audit   '@msgpackr-extract/msgpackr-extract-darwin-x64': [ '3.0.4' ],
487 silly audit   '@msgpackr-extract/msgpackr-extract-linux-arm': [ '3.0.4' ],
487 silly audit   '@msgpackr-extract/msgpackr-extract-linux-arm64': [ '3.0.4' ],
487 silly audit   '@msgpackr-extract/msgpackr-extract-linux-x64': [ '3.0.4' ],
487 silly audit   '@msgpackr-extract/msgpackr-extract-win32-x64': [ '3.0.4' ],
487 silly audit   '@napi-rs/wasm-runtime': [ '1.1.6' ],
487 silly audit   '@nicolo-ribaudo/eslint-scope-5-internals': [ '5.1.1-v1' ],
487 silly audit   '@nodelib/fs.scandir': [ '2.1.5' ],
487 silly audit   '@nodelib/fs.stat': [ '2.0.5' ],
487 silly audit   '@nodelib/fs.walk': [ '1.2.8' ],
487 silly audit   '@nolyfill/is-core-module': [ '1.0.39' ],
487 silly audit   '@npmcli/fs': [ '3.1.1' ],
487 silly audit   '@npmcli/git': [ '4.1.0' ],
487 silly audit   '@npmcli/package-json': [ '4.0.1' ],
487 silly audit   '@npmcli/promise-spawn': [ '6.0.2' ],
487 silly audit   '@oclif/core': [ '3.19.6' ],
487 silly audit   argparse: [ '1.0.10', '2.0.1' ],
487 silly audit   'js-yaml': [ '3.15.0', '4.1.0', '4.3.0' ],
487 silly audit   'sprintf-js': [ '1.0.3', '1.1.3' ],
487 silly audit   '@opentelemetry/api': [ '1.6.0' ],
487 silly audit   '@opentelemetry/api-logs': [ '0.43.0' ],
487 silly audit   '@opentelemetry/core': [ '1.17.1', '1.17.0' ],
487 silly audit   '@opentelemetry/exporter-metrics-otlp-http': [ '0.43.0' ],
487 silly audit   '@opentelemetry/resources': [ '1.17.0', '1.17.1' ],
487 silly audit   '@opentelemetry/sdk-metrics': [ '1.17.0', '1.17.1' ],
487 silly audit   '@opentelemetry/semantic-conventions': [ '1.17.0', '1.17.1' ],
487 silly audit   '@opentelemetry/otlp-exporter-base': [ '0.43.0' ],
487 silly audit   '@opentelemetry/otlp-transformer': [ '0.43.0' ],
487 silly audit   '@opentelemetry/sdk-logs': [ '0.43.0' ],
487 silly audit   '@opentelemetry/sdk-trace-base': [ '1.17.0' ],
487 silly audit   '@parcel/watcher': [ '2.5.6' ],
487 silly audit   '@parcel/watcher-android-arm64': [ '2.5.6' ],
487 silly audit   '@parcel/watcher-darwin-arm64': [ '2.5.6' ],
487 silly audit   '@parcel/watcher-darwin-x64': [ '2.5.6' ],
487 silly audit   '@parcel/watcher-freebsd-x64': [ '2.5.6' ],
487 silly audit   '@parcel/watcher-linux-arm-glibc': [ '2.5.6' ],
487 silly audit   '@parcel/watcher-linux-arm-musl': [ '2.5.6' ],
487 silly audit   '@parcel/watcher-linux-arm64-glibc': [ '2.5.6' ],
487 silly audit   '@parcel/watcher-linux-arm64-musl': [ '2.5.6' ],
487 silly audit   '@parcel/watcher-linux-x64-glibc': [ '2.5.6' ],
487 silly audit   '@parcel/watcher-linux-x64-musl': [ '2.5.6' ],
487 silly audit   '@parcel/watcher-win32-arm64': [ '2.5.6' ],
487 silly audit   '@parcel/watcher-win32-ia32': [ '2.5.6' ],
487 silly audit   '@parcel/watcher-win32-x64': [ '2.5.6' ],
487 silly audit   picomatch: [ '4.0.4', '2.3.2' ],
487 silly audit   '@pkgjs/parseargs': [ '0.11.0' ],
487 silly audit   '@pnpm/config.env-replace': [ '1.1.0' ],
487 silly audit   '@pnpm/network.ca-file': [ '1.0.2' ],
487 silly audit   'graceful-fs': [ '4.2.10', '4.2.11' ],
487 silly audit   '@pnpm/npm-conf': [ '3.0.3' ],
487 silly audit   '@prisma/client': [ '6.19.3' ],
487 silly audit   '@prisma/config': [ '6.19.3' ],
487 silly audit   '@prisma/debug': [ '6.19.3' ],
487 silly audit   '@prisma/engines': [ '6.19.3' ],
487 silly audit   '@prisma/engines-version': [ '7.1.1-3.c2990dca591cba766e3b7ef5d9e8a84796e47ab7' ],
487 silly audit   '@prisma/fetch-engine': [ '6.19.3' ],
487 silly audit   '@prisma/get-platform': [ '6.19.3' ],
487 silly audit   '@remix-run/dev': [ '2.17.5' ],
487 silly audit   prettier: [ '2.8.8', '3.8.5' ],
487 silly audit   ws: [ '7.5.11', '8.13.0', '8.21.0' ],
487 silly audit   '@remix-run/eslint-config': [ '2.17.5' ],
487 silly audit   '@remix-run/express': [ '2.17.5' ],
487 silly audit   '@remix-run/fs-routes': [ '2.17.5' ],
487 silly audit   '@remix-run/node': [ '2.17.5' ],
487 silly audit   '@remix-run/react': [ '2.17.5' ],
487 silly audit   '@remix-run/route-config': [ '2.17.5' ],
487 silly audit   '@remix-run/router': [ '1.23.3' ],
487 silly audit   '@remix-run/serve': [ '2.17.5' ],
487 silly audit   '@remix-run/server-runtime': [ '2.17.5' ],
487 silly audit   '@remix-run/web-blob': [ '3.1.0' ],
487 silly audit   '@remix-run/web-fetch': [ '4.4.2' ],
487 silly audit   '@remix-run/web-file': [ '3.1.0' ],
487 silly audit   '@remix-run/web-form-data': [ '3.1.0' ],
487 silly audit   '@remix-run/web-stream': [ '1.1.0' ],
487 silly audit   '@repeaterjs/repeater': [ '3.1.0' ],
487 silly audit   '@rollup/rollup-android-arm-eabi': [ '4.62.2' ],
487 silly audit   '@rollup/rollup-android-arm64': [ '4.62.2' ],
487 silly audit   '@rollup/rollup-darwin-arm64': [ '4.62.2' ],
487 silly audit   '@rollup/rollup-darwin-x64': [ '4.62.2' ],
487 silly audit   '@rollup/rollup-freebsd-arm64': [ '4.62.2' ],
487 silly audit   '@rollup/rollup-freebsd-x64': [ '4.62.2' ],
487 silly audit   '@rollup/rollup-linux-arm-gnueabihf': [ '4.62.2' ],
487 silly audit   '@rollup/rollup-linux-arm-musleabihf': [ '4.62.2' ],
487 silly audit   '@rollup/rollup-linux-arm64-gnu': [ '4.62.2' ],
487 silly audit   '@rollup/rollup-linux-arm64-musl': [ '4.62.2' ],
487 silly audit   '@rollup/rollup-linux-loong64-gnu': [ '4.62.2' ],
487 silly audit   '@rollup/rollup-linux-loong64-musl': [ '4.62.2' ],
487 silly audit   '@rollup/rollup-linux-ppc64-gnu': [ '4.62.2' ],
487 silly audit   '@rollup/rollup-linux-ppc64-musl': [ '4.62.2' ],
487 silly audit   '@rollup/rollup-linux-riscv64-gnu': [ '4.62.2' ],
487 silly audit   '@rollup/rollup-linux-riscv64-musl': [ '4.62.2' ],
487 silly audit   '@rollup/rollup-linux-s390x-gnu': [ '4.62.2' ],
487 silly audit   '@rollup/rollup-linux-x64-gnu': [ '4.62.2' ],
487 silly audit   '@rollup/rollup-linux-x64-musl': [ '4.62.2' ],
487 silly audit   '@rollup/rollup-openbsd-x64': [ '4.62.2' ],
487 silly audit   '@rollup/rollup-openharmony-arm64': [ '4.62.2' ],
487 silly audit   '@rollup/rollup-win32-arm64-msvc': [ '4.62.2' ],
487 silly audit   '@rollup/rollup-win32-ia32-msvc': [ '4.62.2' ],
487 silly audit   '@rollup/rollup-win32-x64-gnu': [ '4.62.2' ],
487 silly audit   '@rollup/rollup-win32-x64-msvc': [ '4.62.2' ],
487 silly audit   '@rtsao/scc': [ '1.1.0' ],
487 silly audit   '@rushstack/eslint-patch': [ '1.16.1' ],
487 silly audit   '@shopify/admin-api-client': [ '1.1.2' ],
487 silly audit   '@shopify/api-codegen-preset': [ '1.2.2' ],
487 silly audit   '@shopify/app': [ '3.58.2' ],
487 silly audit   '@shopify/app-bridge-react': [ '4.2.11' ],
487 silly audit   '@shopify/app-bridge-types': [ '0.7.1' ],
487 silly audit   '@shopify/polaris': [ '12.10.0', '12.27.0' ],
487 silly audit   chokidar: [ '3.5.3', '4.0.3', '3.6.0' ],
487 silly audit   cookie: [ '0.5.0', '0.7.2' ],
487 silly audit   'cookie-signature': [ '1.0.6', '1.2.2', '1.0.7' ],
487 silly audit   'cross-fetch': [ '3.2.0', '4.1.0' ],
487 silly audit   debug: [ '2.6.9', '4.4.3', '3.2.7' ],
487 silly audit   ms: [ '2.0.0', '2.1.3' ],
487 silly audit   encodeurl: [ '1.0.2', '2.0.0' ],
487 silly audit   esbuild: [ '0.19.8', '0.27.4', '0.17.6', '0.28.1', '0.25.12' ],
487 silly audit   express: [ '4.18.2', '4.22.2' ],
487 silly audit   'body-parser': [ '1.20.1', '1.20.2', '1.20.5' ],
487 silly audit   finalhandler: [ '1.2.0', '1.3.2' ],
487 silly audit   'form-data': [ '3.0.5', '4.0.0', '2.3.3' ],
487 silly audit   'graphql-request': [ '5.2.0', '6.1.0' ],
487 silly audit   'merge-descriptors': [ '1.0.1', '1.0.3' ],
487 silly audit   micromatch: [ '4.0.5', '4.0.8' ],
487 silly audit   mime: [ '1.6.0', '1.2.11' ],
487 silly audit   'path-to-regexp': [ '0.1.7', '0.1.13' ],
487 silly audit   'raw-body': [ '2.5.1', '2.5.3', '2.5.2' ],
487 silly audit   react: [ '18.2.0', '18.3.1' ],
487 silly audit   'react-dom': [ '18.2.0', '18.3.1' ],
487 silly audit   send: [ '0.18.0', '0.19.2' ],
487 silly audit   statuses: [ '2.0.1', '2.0.2' ],
487 silly audit   '@shopify/cli': [ '3.94.3' ],
487 silly audit   '@shopify/cli-kit': [ '3.58.2' ],
487 silly audit   'ansi-escapes': [ '6.2.0', '4.3.2', '6.2.1', '5.0.0' ],
487 silly audit   chalk: [ '5.3.0', '4.1.2', '5.6.2' ],
487 silly audit   execa: [ '7.2.0', '5.1.1', '0.9.0' ],
487 silly audit   'fs-extra': [ '11.1.0', '10.1.0' ],
487 silly audit   graphql: [ '16.8.1', '16.14.2' ],
487 silly audit   'human-signals': [ '4.3.1', '2.1.0' ],
487 silly audit   'is-stream': [ '3.0.0', '2.0.1', '1.1.0' ],
487 silly audit   'npm-run-path': [ '5.3.0', '4.0.1', '2.0.2' ],
487 silly audit   onetime: [ '6.0.0', '5.1.2' ],
487 silly audit   'path-key': [ '4.0.0', '3.1.1', '2.0.1' ],
487 silly audit   pathe: [ '1.1.1', '2.0.3', '1.1.2' ],
487 silly audit   'strip-final-newline': [ '3.0.0', '2.0.0' ],
487 silly audit   'supports-color': [ '7.2.0', '8.1.1' ],
487 silly audit   'supports-hyperlinks': [ '3.0.0', '2.3.0' ],
487 silly audit   tr46: [ '0.0.3', '6.0.0' ],
487 silly audit   'type-fest': [
487 silly audit     '3.13.1', '0.21.3',
487 silly audit     '1.4.0',  '2.19.0',
487 silly audit     '0.20.2', '0.12.0',
487 silly audit     '0.13.1', '4.41.0'
487 silly audit   ],
487 silly audit   'webidl-conversions': [ '3.0.1', '8.0.1' ],
487 silly audit   'whatwg-url': [ '5.0.0', '16.0.1' ],
487 silly audit   yallist: [ '4.0.0', '2.1.2', '3.1.1' ],
487 silly audit   zod: [ '3.22.3', '4.4.3' ],
487 silly audit   '@shopify/create-app': [ '3.58.2' ],
487 silly audit   '@shopify/function-runner': [ '4.1.1' ],
487 silly audit   '@shopify/graphql-client': [ '1.4.2' ],
487 silly audit   '@shopify/graphql-codegen': [ '0.1.0' ],
487 silly audit   '@shopify/liquid-html-parser': [ '2.0.3' ],
487 silly audit   '@shopify/network': [ '3.3.0' ],
487 silly audit   '@shopify/plugin-cloudflare': [ '3.58.2' ],
487 silly audit   '@shopify/polaris-icons': [ '8.0.0', '8.11.1' ],
487 silly audit   '@shopify/polaris-tokens': [ '8.10.0' ],
487 silly audit   '@shopify/shopify-api': [ '11.14.1', '13.1.0' ],
487 silly audit   '@shopify/shopify-app-remix': [ '4.2.1' ],
487 silly audit   '@shopify/shopify-app-session-storage': [ '5.0.1', '3.0.20' ],
487 silly audit   '@shopify/shopify-app-session-storage-prisma': [ '6.0.9' ],
487 silly audit   '@shopify/storefront-api-client': [ '1.0.10' ],
487 silly audit   '@shopify/theme-check-common': [ '2.2.2' ],
487 silly audit   '@shopify/theme-check-docs-updater': [ '2.2.2' ],
487 silly audit   'env-paths': [ '2.2.1', '3.0.0' ],
487 silly audit   '@shopify/theme-check-node': [ '2.2.2' ],
487 silly audit   glob: [ '8.1.0', '7.2.3', '10.5.0' ],
487 silly audit   '@sindresorhus/is': [ '5.6.0' ],
487 silly audit   '@standard-schema/spec': [ '1.1.0' ],
487 silly audit   '@szmarczak/http-timer': [ '5.0.1' ],
487 silly audit   '@testing-library/dom': [ '8.20.1' ],
487 silly audit   '@tybys/wasm-util': [ '0.10.3' ],
487 silly audit   '@types/acorn': [ '4.0.6' ],
487 silly audit   '@types/archiver': [ '5.3.2' ],
487 silly audit   '@types/aria-query': [ '5.0.4' ],
487 silly audit   '@types/cli-progress': [ '3.11.6' ],
487 silly audit   '@types/cookie': [ '0.6.0' ],
487 silly audit   '@types/debug': [ '4.1.13' ],
487 silly audit   '@types/eslint': [ '9.6.1' ],
487 silly audit   '@types/estree': [ '1.0.9' ],
487 silly audit   '@types/estree-jsx': [ '1.0.5' ],
487 silly audit   '@types/hast': [ '2.3.10' ],
487 silly audit   '@types/http-cache-semantics': [ '4.2.0' ],
487 silly audit   '@types/js-yaml': [ '4.0.9' ],
487 silly audit   '@types/json-schema': [ '7.0.15' ],
487 silly audit   '@types/json5': [ '0.0.29' ],
487 silly audit   '@types/mdast': [ '3.0.15' ],
487 silly audit   '@types/mdx': [ '2.0.14' ],
487 silly audit   '@types/ms': [ '2.1.0' ],
487 silly audit   '@types/node': [ '22.20.0' ],
487 silly audit   '@types/prop-types': [ '15.7.15' ],
487 silly audit   '@types/react': [ '18.3.31' ],
487 silly audit   '@types/react-dom': [ '18.3.7' ],
487 silly audit   '@types/react-transition-group': [ '4.4.12' ],
487 silly audit   '@types/readdir-glob': [ '1.1.5' ],
487 silly audit   '@types/semver': [ '7.7.1' ],
487 silly audit   '@types/tinycolor2': [ '1.4.6' ],
487 silly audit   '@types/trusted-types': [ '2.0.7' ],
487 silly audit   '@types/unist': [ '2.0.11' ],
487 silly audit   '@types/ws': [ '8.18.1' ],
487 silly audit   '@typescript-eslint/eslint-plugin': [ '5.62.0' ],
487 silly audit   '@typescript-eslint/parser': [ '5.62.0' ],
487 silly audit   '@typescript-eslint/scope-manager': [ '5.62.0' ],
487 silly audit   '@typescript-eslint/type-utils': [ '5.62.0' ],
487 silly audit   '@typescript-eslint/types': [ '5.62.0' ],
487 silly audit   '@typescript-eslint/typescript-estree': [ '5.62.0' ],
487 silly audit   '@typescript-eslint/utils': [ '5.62.0' ],
487 silly audit   '@typescript-eslint/visitor-keys': [ '5.62.0' ],
487 silly audit   '@ungap/structured-clone': [ '1.3.2' ],
487 silly audit   '@unrs/resolver-binding-android-arm-eabi': [ '1.12.2' ],
487 silly audit   '@unrs/resolver-binding-android-arm64': [ '1.12.2' ],
487 silly audit   '@unrs/resolver-binding-darwin-arm64': [ '1.12.2' ],
487 silly audit   '@unrs/resolver-binding-darwin-x64': [ '1.12.2' ],
487 silly audit   '@unrs/resolver-binding-freebsd-x64': [ '1.12.2' ],
487 silly audit   '@unrs/resolver-binding-linux-arm-gnueabihf': [ '1.12.2' ],
487 silly audit   '@unrs/resolver-binding-linux-arm-musleabihf': [ '1.12.2' ],
487 silly audit   '@unrs/resolver-binding-linux-arm64-gnu': [ '1.12.2' ],
487 silly audit   '@unrs/resolver-binding-linux-arm64-musl': [ '1.12.2' ],
487 silly audit   '@unrs/resolver-binding-linux-loong64-gnu': [ '1.12.2' ],
487 silly audit   '@unrs/resolver-binding-linux-loong64-musl': [ '1.12.2' ],
487 silly audit   '@unrs/resolver-binding-linux-ppc64-gnu': [ '1.12.2' ],
487 silly audit   '@unrs/resolver-binding-linux-riscv64-gnu': [ '1.12.2' ],
487 silly audit   '@unrs/resolver-binding-linux-riscv64-musl': [ '1.12.2' ],
487 silly audit   '@unrs/resolver-binding-linux-s390x-gnu': [ '1.12.2' ],
487 silly audit   '@unrs/resolver-binding-linux-x64-gnu': [ '1.12.2' ],
487 silly audit   '@unrs/resolver-binding-linux-x64-musl': [ '1.12.2' ],
487 silly audit   '@unrs/resolver-binding-openharmony-arm64': [ '1.12.2' ],
487 silly audit   '@unrs/resolver-binding-wasm32-wasi': [ '1.12.2' ],
487 silly audit   '@unrs/resolver-binding-win32-arm64-msvc': [ '1.12.2' ],
487 silly audit   '@unrs/resolver-binding-win32-ia32-msvc': [ '1.12.2' ],
487 silly audit   '@unrs/resolver-binding-win32-x64-msvc': [ '1.12.2' ],
487 silly audit   '@vanilla-extract/babel-plugin-debug-ids': [ '1.2.2' ],
487 silly audit   '@vanilla-extract/css': [ '1.21.0' ],
487 silly audit   '@vanilla-extract/integration': [ '6.5.0' ],
487 silly audit   'find-up': [ '5.0.0', '6.3.0' ],
487 silly audit   'locate-path': [ '6.0.0', '7.2.0' ],
487 silly audit   'p-locate': [ '5.0.0', '6.0.0' ],
487 silly audit   'path-exists': [ '4.0.0', '5.0.0' ],
487 silly audit   'vite-node': [ '1.6.1', '3.2.4' ],
487 silly audit   '@vanilla-extract/private': [ '1.0.9' ],
487 silly audit   '@web3-storage/multipart-parser': [ '1.0.0' ],
487 silly audit   '@whatwg-node/fetch': [ '0.10.13' ],
487 silly audit   '@whatwg-node/node-fetch': [ '0.8.6' ],
487 silly audit   '@whatwg-node/promise-helpers': [ '1.3.2' ],
487 silly audit   '@zxing/text-encoding': [ '0.9.0' ],
487 silly audit   'abort-controller': [ '3.0.0' ],
487 silly audit   accepts: [ '1.3.8' ],
487 silly audit   negotiator: [ '0.6.3', '0.6.4' ],
487 silly audit   acorn: [ '8.17.0' ],
487 silly audit   'acorn-jsx': [ '5.3.2' ],
487 silly audit   'agent-base': [ '7.1.4' ],
487 silly audit   'aggregate-error': [ '3.1.0' ],
487 silly audit   'clean-stack': [ '2.2.0', '3.0.1' ],
487 silly audit   'ajv-formats': [ '2.1.1' ],
487 silly audit   ansicolors: [ '0.3.2' ],
487 silly audit   anymatch: [ '3.1.3' ],
487 silly audit   archiver: [ '5.3.2' ],
487 silly audit   'archiver-utils': [ '2.1.0', '3.0.4' ],
487 silly audit   isarray: [ '1.0.0', '2.0.5' ],
487 silly audit   'readable-stream': [ '2.3.8', '3.6.2' ],
487 silly audit   'safe-buffer': [ '5.1.2', '5.2.1' ],
487 silly audit   string_decoder: [ '1.1.1', '1.3.0' ],
487 silly audit   arg: [ '5.0.2' ],
487 silly audit   'aria-query': [ '5.1.3', '5.3.2' ],
487 silly audit   'array-buffer-byte-length': [ '1.0.2' ],
487 silly audit   'array-flatten': [ '1.1.1' ],
487 silly audit   'array-includes': [ '3.1.9' ],
487 silly audit   'array-union': [ '2.1.0' ],
487 silly audit   'array.prototype.findlast': [ '1.2.5' ],
487 silly audit   'array.prototype.findlastindex': [ '1.2.6' ],
487 silly audit   'array.prototype.flat': [ '1.3.3' ],
487 silly audit   'array.prototype.flatmap': [ '1.3.3' ],
487 silly audit   'array.prototype.tosorted': [ '1.1.4' ],
487 silly audit   'arraybuffer.prototype.slice': [ '1.0.4' ],
487 silly audit   'as-table': [ '1.0.55' ],
487 silly audit   asn1: [ '0.2.6' ],
487 silly audit   'assert-plus': [ '1.0.0' ],
487 silly audit   'ast-types-flow': [ '0.0.8' ],
487 silly audit   'astral-regex': [ '2.0.0' ],
487 silly audit   astring: [ '1.9.0' ],
487 silly audit   async: [ '3.2.6' ],
487 silly audit   'async-function': [ '1.0.0' ],
487 silly audit   asynckit: [ '0.4.0' ],
487 silly audit   atomically: [ '2.1.1' ],
487 silly audit   'auto-bind': [ '4.0.0', '5.0.1' ],
487 silly audit   'available-typed-arrays': [ '1.0.7' ],
487 silly audit   'aws-sign2': [ '0.7.0' ],
487 silly audit   aws4: [ '1.13.2' ],
487 silly audit   'axe-core': [ '4.12.1' ],
487 silly audit   'axobject-query': [ '4.1.0' ],
487 silly audit   bail: [ '2.0.2' ],
487 silly audit   'balanced-match': [ '1.0.2' ],
487 silly audit   'base64-js': [ '1.5.1' ],
487 silly audit   'baseline-browser-mapping': [ '2.10.40' ],
487 silly audit   'basic-auth': [ '2.0.1' ],
487 silly audit   'bcrypt-pbkdf': [ '1.0.2' ],
487 silly audit   'bidi-js': [ '1.0.3' ],
487 silly audit   'binary-extensions': [ '2.3.0' ],
487 silly audit   bl: [ '4.1.0' ],
487 silly audit   boolean: [ '3.2.0' ],
487 silly audit   bottleneck: [ '2.19.5' ],
487 silly audit   'brace-expansion': [ '2.1.1' ],
487 silly audit   braces: [ '3.0.3' ],
487 silly audit   'browserify-zlib': [ '0.1.4' ],
487 silly audit   browserslist: [ '4.28.4' ],
487 silly audit   buffer: [ '5.7.1' ],
487 silly audit   'buffer-crc32': [ '0.2.13' ],
487 silly audit   'buffer-equal-constant-time': [ '1.0.1' ],
487 silly audit   'buffer-from': [ '1.1.2' ],
487 silly audit   bullmq: [ '5.79.1' ],
487 silly audit   ioredis: [ '5.10.1', '5.11.1' ],
487 silly audit   byline: [ '5.0.0' ],
487 silly audit   bytes: [ '3.1.2' ],
487 silly audit   c12: [ '3.1.0' ],
487 silly audit   jiti: [ '2.7.0', '1.21.7' ],
487 silly audit   readdirp: [ '4.1.2', '3.6.0' ],
487 silly audit   cac: [ '6.7.14' ],
487 silly audit   cacache: [ '17.1.4' ],
487 silly audit   'cacheable-lookup': [ '7.0.0' ],
487 silly audit   'cacheable-request': [ '10.2.14' ],
487 silly audit   cachedir: [ '2.4.0' ],
487 silly audit   'call-bind': [ '1.0.9' ],
487 silly audit   'call-bind-apply-helpers': [ '1.0.2' ],
487 silly audit   'call-bound': [ '1.0.4' ],
487 silly audit   callsites: [ '3.1.0' ],
487 silly audit   'camel-case': [ '4.1.2' ],
487 silly audit   'caniuse-lite': [ '1.0.30001799' ],
487 silly audit   'capital-case': [ '1.0.4' ],
487 silly audit   cardinal: [ '2.1.1' ],
487 silly audit   caseless: [ '0.12.0' ],
487 silly audit   ccount: [ '2.0.1' ],
487 silly audit   'change-case': [ '4.1.2' ],
487 silly audit   'change-case-all': [ '1.0.15' ],
487 silly audit   'character-entities': [ '2.0.2' ],
487 silly audit   'character-entities-html4': [ '2.1.0' ],
487 silly audit   'character-entities-legacy': [ '3.0.0' ],
487 silly audit   'character-reference-invalid': [ '2.0.1' ],
487 silly audit   chardet: [ '2.2.0' ],
487 silly audit   chownr: [ '2.0.0', '1.1.4' ],
487 silly audit   'ci-info': [ '3.9.0' ],
487 silly audit   citty: [ '0.1.6', '0.2.2' ],
487 silly audit   'cli-boxes': [ '3.0.0' ],
487 silly audit   'cli-cursor': [ '4.0.0', '3.1.0' ],
487 silly audit   'cli-progress': [ '3.12.0' ],
487 silly audit   'cli-spinners': [ '2.9.2' ],
487 silly audit   'cli-truncate': [ '3.1.0', '2.1.0' ],
487 silly audit   'slice-ansi': [ '5.0.0', '6.0.0', '3.0.0', '4.0.0' ],
487 silly audit   'cli-width': [ '3.0.0' ],
487 silly audit   cliui: [ '8.0.1' ],
487 silly audit   clone: [ '1.0.4' ],
487 silly audit   'cluster-key-slot': [ '1.1.1' ],
487 silly audit   'code-error-fragment': [ '0.0.230' ],
487 silly audit   'code-excerpt': [ '4.0.0' ],
487 silly audit   color: [ '4.2.3' ],
487 silly audit   'color-convert': [ '2.0.1' ],
487 silly audit   'color-json': [ '3.0.5' ],
487 silly audit   'color-name': [ '1.1.4' ],
487 silly audit   'color-string': [ '1.9.1' ],
487 silly audit   colorette: [ '2.0.20' ],
487 silly audit   'combined-stream': [ '1.0.8' ],
487 silly audit   'comma-separated-tokens': [ '2.0.3' ],
487 silly audit   commander: [ '5.1.0', '10.0.1' ],
487 silly audit   'common-tags': [ '1.8.2' ],
487 silly audit   commondir: [ '1.0.1' ],
487 silly audit   'compare-versions': [ '6.1.1' ],
487 silly audit   'compress-commons': [ '4.1.2' ],
487 silly audit   compressible: [ '2.0.18' ],
487 silly audit   compression: [ '1.8.1' ],
487 silly audit   concurrently: [ '9.2.3' ],
487 silly audit   'shell-quote': [ '1.8.4', '1.9.0' ],
487 silly audit   yargs: [ '17.7.2', '17.7.3' ],
487 silly audit   conf: [ '11.0.2' ],
487 silly audit   confbox: [ '0.2.4', '0.1.8' ],
487 silly audit   'config-chain': [ '1.1.13' ],
487 silly audit   consola: [ '3.4.2' ],
487 silly audit   'constant-case': [ '3.0.4' ],
487 silly audit   'content-disposition': [ '0.5.4' ],
487 silly audit   'content-type': [ '1.0.5' ],
487 silly audit   'convert-source-map': [ '2.0.0' ],
487 silly audit   'convert-to-spaces': [ '2.0.1' ],
487 silly audit   'cookie-es': [ '0.5.0' ],
487 silly audit   cookiejar: [ '2.1.4' ],
487 silly audit   'core-util-is': [ '1.0.2' ],
487 silly audit   cosmiconfig: [ '8.3.6' ],
487 silly audit   'crc-32': [ '1.2.2' ],
487 silly audit   'crc32-stream': [ '4.0.3' ],
487 silly audit   'cron-parser': [ '4.9.0' ],
487 silly audit   'cross-inspect': [ '1.0.1' ],
487 silly audit   'cross-spawn': [ '7.0.6', '5.1.0' ],
487 silly audit   which: [ '2.0.2', '1.3.1', '3.0.1' ],
487 silly audit   'cross-zip': [ '4.0.0' ],
487 silly audit   crypto: [ '1.0.1' ],
487 silly audit   'crypto-random-string': [ '4.0.0' ],
487 silly audit   'css-tree': [ '3.2.1' ],
487 silly audit   'css-what': [ '6.2.2' ],
487 silly audit   cssesc: [ '3.0.0' ],
487 silly audit   cssstyle: [ '6.2.0' ],
487 silly audit   csstype: [ '3.2.3' ],
487 silly audit   'damerau-levenshtein': [ '1.0.8' ],
487 silly audit   dashdash: [ '1.14.1' ],
487 silly audit   'data-urls': [ '7.0.0' ],
487 silly audit   'data-view-buffer': [ '1.0.2' ],
487 silly audit   'data-view-byte-length': [ '1.0.2' ],
487 silly audit   'data-view-byte-offset': [ '1.0.1' ],
487 silly audit   dataloader: [ '2.2.3' ],
487 silly audit   dayjs: [ '1.11.21' ],
487 silly audit   debounce: [ '1.2.1' ],
487 silly audit   'debounce-fn': [ '5.1.2' ],
487 silly audit   'decimal.js': [ '10.6.0' ],
487 silly audit   'decode-named-character-reference': [ '1.3.0' ],
487 silly audit   'decompress-response': [ '6.0.0' ],
487 silly audit   'mimic-response': [ '3.1.0', '4.0.0' ],
487 silly audit   dedent: [ '1.7.2' ],
487 silly audit   'deep-equal': [ '2.2.3' ],
487 silly audit   'deep-extend': [ '0.6.0' ],
487 silly audit   'deep-is': [ '0.1.4' ],
487 silly audit   'deep-object-diff': [ '1.1.9' ],
487 silly audit   deepmerge: [ '4.3.1' ],
487 silly audit   'deepmerge-ts': [ '7.1.5' ],
487 silly audit   defaults: [ '1.0.4' ],
487 silly audit   'defer-to-connect': [ '2.0.1' ],
487 silly audit   'define-data-property': [ '1.1.4' ],
487 silly audit   'define-lazy-prop': [ '2.0.0' ],
487 silly audit   'define-properties': [ '1.2.1' ],
487 silly audit   defu: [ '6.1.7' ],
487 silly audit   del: [ '6.1.1' ],
487 silly audit   'delayed-stream': [ '1.0.0' ],
487 silly audit   denque: [ '2.1.0' ],
487 silly audit   depd: [ '2.0.0' ],
487 silly audit   dequal: [ '2.0.3' ],
487 silly audit   destr: [ '1.2.2', '2.0.5' ],
487 silly audit   destroy: [ '1.2.0' ],
487 silly audit   'detect-indent': [ '6.1.0' ],
487 silly audit   'detect-libc': [ '2.1.2' ],
487 silly audit   'detect-node': [ '2.1.0' ],
487 silly audit   diff: [ '5.1.0' ],
487 silly audit   'dir-glob': [ '3.0.1' ],
487 silly audit   doctrine: [ '3.0.0', '2.1.0' ],
487 silly audit   'dom-accessibility-api': [ '0.5.16' ],
487 silly audit   'dom-helpers': [ '5.2.1' ],
487 silly audit   'dom-serializer': [ '2.0.0' ],
487 silly audit   entities: [ '4.5.0', '8.0.0', '7.0.1' ],
487 silly audit   domelementtype: [ '2.3.0' ],
487 silly audit   domhandler: [ '5.0.3' ],
487 silly audit   dompurify: [ '3.4.11' ],
487 silly audit   domutils: [ '3.2.2' ],
487 silly audit   'dot-case': [ '3.0.4' ],
487 silly audit   'dot-prop': [ '7.2.0' ],
487 silly audit   dset: [ '3.1.4' ],
487 silly audit   'dunder-proto': [ '1.0.1' ],
487 silly audit   duplexify: [ '3.7.1' ],
487 silly audit   eastasianwidth: [ '0.2.0' ],
487 silly audit   'ecc-jsbn': [ '0.1.2' ],
487 silly audit   'ecdsa-sig-formatter': [ '1.0.11' ],
487 silly audit   'ee-first': [ '1.1.1' ],
487 silly audit   effect: [ '3.21.0' ],
487 silly audit   ejs: [ '3.1.10' ],
487 silly audit   'electron-to-chromium': [ '1.5.380' ],
487 silly audit   'emoji-regex': [ '9.2.2', '8.0.0' ],
487 silly audit   empathic: [ '2.0.0' ],
487 silly audit   'end-of-stream': [ '1.4.5' ],
487 silly audit   'err-code': [ '2.0.3' ],
487 silly audit   'error-ex': [ '1.3.4' ],
487 silly audit   'error-stack-parser': [ '2.1.4' ],
487 silly audit   'es-abstract': [ '1.24.2' ],
487 silly audit   'es-abstract-get': [ '1.0.0' ],
487 silly audit   'es-define-property': [ '1.0.1' ],
487 silly audit   'es-errors': [ '1.3.0' ],
487 silly audit   'es-get-iterator': [ '1.1.3' ],
487 silly audit   'es-iterator-helpers': [ '1.3.3' ],
487 silly audit   'es-module-lexer': [ '1.7.0' ],
487 silly audit   'es-object-atoms': [ '1.1.2' ],
487 silly audit   'es-set-tostringtag': [ '2.1.0' ],
487 silly audit   'es-shim-unscopables': [ '1.1.0' ],
487 silly audit   'es-to-primitive': [ '1.3.4' ],
487 silly audit   'es6-error': [ '4.1.1' ],
487 silly audit   'esbuild-plugins-node-modules-polyfill': [ '1.8.2' ],
487 silly audit   escalade: [ '3.2.0' ],
487 silly audit   'escape-html': [ '1.0.3' ],
487 silly audit   'escape-string-regexp': [ '4.0.0', '5.0.0', '1.0.5', '2.0.0' ],
487 silly audit   eslint: [ '8.57.1' ],
487 silly audit   'eslint-config-prettier': [ '10.1.8' ],
487 silly audit   'eslint-import-resolver-node': [ '0.3.7', '0.3.10' ],
487 silly audit   'eslint-import-resolver-typescript': [ '3.10.1' ],
487 silly audit   'eslint-module-utils': [ '2.13.0' ],
487 silly audit   'eslint-plugin-es': [ '3.0.1' ],
487 silly audit   'eslint-plugin-import': [ '2.32.0' ],
487 silly audit   json5: [ '1.0.2', '2.2.3' ],
487 silly audit   resolve: [ '2.0.0-next.7', '1.22.12' ],
487 silly audit   'tsconfig-paths': [ '3.15.0', '4.2.0' ],
487 silly audit   'eslint-plugin-jest': [ '26.9.0' ],
487 silly audit   'eslint-plugin-jest-dom': [ '4.0.3' ],
487 silly audit   'eslint-plugin-jsx-a11y': [ '6.10.2' ],
487 silly audit   'eslint-plugin-node': [ '11.1.0' ],
487 silly audit   'eslint-plugin-react': [ '7.37.5' ],
487 silly audit   'eslint-plugin-react-hooks': [ '4.6.2' ],
487 silly audit   'eslint-plugin-testing-library': [ '5.11.1' ],
487 silly audit   'eslint-scope': [ '5.1.1', '7.2.2' ],
487 silly audit   estraverse: [ '4.3.0', '5.3.0' ],
487 silly audit   'eslint-utils': [ '2.1.0' ],
487 silly audit   'glob-parent': [ '6.0.2', '5.1.2' ],
487 silly audit   espree: [ '9.6.1' ],
487 silly audit   esprima: [ '4.0.1' ],
487 silly audit   esquery: [ '1.7.0' ],
487 silly audit   esrecurse: [ '4.3.0' ],
487 silly audit   'estree-util-attach-comments': [ '2.1.1' ],
487 silly audit   'estree-util-build-jsx': [ '2.2.2' ],
487 silly audit   'estree-util-is-identifier-name': [ '2.1.0', '1.1.0' ],
487 silly audit   'estree-util-to-js': [ '1.2.0' ],
487 silly audit   'estree-util-value-to-estree': [ '1.3.0' ],
487 silly audit   'estree-util-visit': [ '1.2.1' ],
487 silly audit   'estree-walker': [ '3.0.3' ],
487 silly audit   esutils: [ '2.0.3' ],
487 silly audit   etag: [ '1.8.1' ],
487 silly audit   eval: [ '0.1.8' ],
487 silly audit   'event-target-shim': [ '5.0.1' ],
487 silly audit   eventemitter3: [ '4.0.7' ],
487 silly audit   'exit-hook': [ '2.2.1' ],
487 silly audit   'http-errors': [ '2.0.1', '2.0.0' ],
487 silly audit   qs: [ '6.15.3', '6.11.0', '6.5.5' ],
487 silly audit   'serve-static': [ '1.16.3', '1.15.0' ],
487 silly audit   exsolve: [ '1.1.0' ],
487 silly audit   extend: [ '3.0.2' ],
487 silly audit   'extract-files': [ '9.0.0' ],
487 silly audit   extsprintf: [ '1.3.0' ],
487 silly audit   'fast-check': [ '3.23.2' ],
487 silly audit   'fast-deep-equal': [ '3.1.3' ],
487 silly audit   'fast-glob': [ '3.3.1' ],
487 silly audit   'fast-json-stable-stringify': [ '2.1.0' ],
487 silly audit   'fast-levenshtein': [ '2.0.6' ],
487 silly audit   'fast-uri': [ '3.1.2' ],
487 silly audit   fastq: [ '1.20.1' ],
487 silly audit   fault: [ '2.0.1' ],
487 silly audit   faye: [ '0.8.11' ],
487 silly audit   'faye-websocket': [ '0.11.4' ],
487 silly audit   'fetch-blob': [ '3.2.0' ],
487 silly audit   figures: [ '5.0.0', '3.2.0' ],
487 silly audit   'file-entry-cache': [ '6.0.1' ],
487 silly audit   filelist: [ '1.0.6' ],
487 silly audit   'fill-range': [ '7.1.1' ],
487 silly audit   'find-process': [ '1.4.7' ],
487 silly audit   'find-versions': [ '5.1.0' ],
487 silly audit   'flat-cache': [ '3.2.0' ],
487 silly audit   flatted: [ '3.4.2' ],
487 silly audit   'follow-redirects': [ '1.16.0' ],
487 silly audit   'for-each': [ '0.3.5' ],
487 silly audit   force: [ '0.0.3' ],
487 silly audit   'foreground-child': [ '3.3.1' ],
487 silly audit   'signal-exit': [ '4.1.0', '3.0.7' ],
487 silly audit   'forever-agent': [ '0.6.1' ],
487 silly audit   'form-data-encoder': [ '2.1.4' ],
487 silly audit   format: [ '0.2.2' ],
487 silly audit   'formdata-polyfill': [ '4.0.10' ],
487 silly audit   forwarded: [ '0.2.0' ],
487 silly audit   fresh: [ '0.5.2' ],
487 silly audit   'fs-constants': [ '1.0.0' ],
487 silly audit   'fs-minipass': [ '3.0.3', '2.1.0' ],
487 silly audit   'fs.realpath': [ '1.0.0' ],
487 silly audit   fsevents: [ '2.3.3' ],
487 silly audit   'function-bind': [ '1.1.2' ],
487 silly audit   'function.prototype.name': [ '1.2.0' ],
487 silly audit   'functions-have-names': [ '1.2.3' ],
487 silly audit   fuzzy: [ '0.1.3' ],
487 silly audit   'generator-function': [ '2.0.1' ],
487 silly audit   'generic-names': [ '4.0.0' ],
487 silly audit   gensync: [ '1.0.0-beta.2' ],
487 silly audit   'get-caller-file': [ '2.0.5' ],
487 silly audit   'get-intrinsic': [ '1.3.0' ],
487 silly audit   'get-package-type': [ '0.1.0' ],
487 silly audit   'get-port': [ '5.1.1' ],
487 silly audit   'get-port-please': [ '3.0.1' ],
487 silly audit   'get-proto': [ '1.0.1' ],
487 silly audit   'get-source': [ '2.0.12' ],
487 silly audit   'source-map': [ '0.6.1', '0.7.6' ],
487 silly audit   'get-stream': [ '6.0.1', '3.0.0' ],
487 silly audit   'get-symbol-description': [ '1.1.0' ],
487 silly audit   'get-them-args': [ '1.3.2' ],
487 silly audit   'get-tsconfig': [ '4.14.0' ],
487 silly audit   getpass: [ '0.1.7' ],
487 silly audit   giget: [ '2.0.0' ],
487 silly audit   'global-agent': [ '3.0.0' ],
487 silly audit   globals: [ '13.24.0' ],
487 silly audit   globalthis: [ '1.0.4' ],
487 silly audit   globby: [ '11.1.0' ],
487 silly audit   globrex: [ '0.1.2' ],
487 silly audit   gopd: [ '1.2.0' ],
487 silly audit   got: [ '12.6.1' ],
487 silly audit   'gradient-string': [ '2.0.2' ],
487 silly audit   'grapheme-splitter': [ '1.0.4' ],
487 silly audit   graphemer: [ '1.4.0' ],
487 silly audit   'graphql-config': [ '5.1.6' ],
487 silly audit   'graphql-tag': [ '2.12.7' ],
487 silly audit   'graphql-ws': [ '5.16.2' ],
487 silly audit   'gunzip-maybe': [ '1.4.2' ],
487 silly audit   h3: [ '0.7.21' ],
487 silly audit   'har-schema': [ '2.0.0' ],
487 silly audit   'har-validator': [ '5.1.5' ],
487 silly audit   'has-bigints': [ '1.1.0' ],
487 silly audit   'has-flag': [ '4.0.0' ],
487 silly audit   'has-property-descriptors': [ '1.0.2' ],
487 silly audit   'has-proto': [ '1.2.0' ],
487 silly audit   'has-symbols': [ '1.1.0' ],
487 silly audit   'has-tostringtag': [ '1.0.2' ],
487 silly audit   hasown: [ '2.0.4' ],
487 silly audit   'hast-util-to-estree': [ '2.3.3' ],
487 silly audit   'hast-util-whitespace': [ '2.0.1' ],
487 silly audit   'header-case': [ '2.0.4' ],
487 silly audit   'hosted-git-info': [ '6.1.3' ],
487 silly audit   'html-encoding-sniffer': [ '6.0.0' ],
487 silly audit   htmlparser2: [ '10.1.0' ],
487 silly audit   'http-cache-semantics': [ '4.2.0' ],
487 silly audit   'http-parser-js': [ '0.5.10' ],
487 silly audit   'http-proxy': [ '1.18.1' ],
487 silly audit   'http-proxy-agent': [ '7.0.2' ],
487 silly audit   'http-signature': [ '1.2.0' ],
487 silly audit   'http2-wrapper': [ '2.2.1' ],
487 silly audit   'https-proxy-agent': [ '7.0.6' ],
487 silly audit   hyperlinker: [ '1.0.0' ],
487 silly audit   'icss-utils': [ '5.1.0' ],
487 silly audit   ieee754: [ '1.2.1' ],
487 silly audit   ignore: [ '5.3.2' ],
487 silly audit   immutable: [ '5.1.8' ],
487 silly audit   'import-fresh': [ '3.3.1' ],
487 silly audit   'resolve-from': [ '4.0.0', '5.0.0' ],
487 silly audit   'import-from': [ '4.0.0' ],
487 silly audit   imurmurhash: [ '0.1.4' ],
487 silly audit   'indent-string': [ '4.0.0', '5.0.0' ],
487 silly audit   inflight: [ '1.0.6' ],
487 silly audit   inherits: [ '2.0.4' ],
487 silly audit   ini: [ '1.3.8' ],
487 silly audit   ink: [ '4.4.1' ],
487 silly audit   'widest-line': [ '4.0.1', '3.1.0' ],
487 silly audit   'inline-style-parser': [ '0.1.1' ],
487 silly audit   inquirer: [ '8.2.7' ],
487 silly audit   'restore-cursor': [ '3.1.0', '4.0.0' ],
487 silly audit   'internal-slot': [ '1.1.0' ],
487 silly audit   invariant: [ '2.2.4' ],
487 silly audit   'ipaddr.js': [ '1.9.1' ],
487 silly audit   'is-absolute': [ '1.0.0' ],
487 silly audit   'is-alphabetical': [ '2.0.1' ],
487 silly audit   'is-alphanumerical': [ '2.0.1' ],
487 silly audit   'is-arguments': [ '1.2.0' ],
487 silly audit   'is-array-buffer': [ '3.0.5' ],
487 silly audit   'is-arrayish': [ '0.2.1', '0.3.4' ],
487 silly audit   'is-async-function': [ '2.1.1' ],
487 silly audit   'is-bigint': [ '1.1.0' ],
487 silly audit   'is-binary-path': [ '2.1.0' ],
487 silly audit   'is-boolean-object': [ '1.2.2' ],
487 silly audit   'is-buffer': [ '2.0.5' ],
487 silly audit   'is-bun-module': [ '2.0.0' ],
487 silly audit   'is-callable': [ '1.2.7' ],
487 silly audit   'is-ci': [ '3.0.1' ],
487 silly audit   'is-core-module': [ '2.16.2' ],
487 silly audit   'is-data-view': [ '1.0.2' ],
487 silly audit   'is-date-object': [ '1.1.0' ],
487 silly audit   'is-decimal': [ '2.0.1' ],
487 silly audit   'is-deflate': [ '1.0.0' ],
487 silly audit   'is-docker': [ '2.2.1' ],
487 silly audit   'is-document.all': [ '1.0.0' ],
487 silly audit   'is-extglob': [ '2.1.1' ],
487 silly audit   'is-finalizationregistry': [ '1.1.1' ],
487 silly audit   'is-fullwidth-code-point': [ '4.0.0', '3.0.0' ],
487 silly audit   'is-generator-function': [ '1.1.2' ],
487 silly audit   'is-glob': [ '4.0.3' ],
487 silly audit   'is-gzip': [ '1.0.0' ],
487 silly audit   'is-hexadecimal': [ '2.0.1' ],
487 silly audit   'is-interactive': [ '2.0.0', '1.0.0' ],
487 silly audit   'is-lower-case': [ '2.0.2' ],
487 silly audit   'is-map': [ '2.0.3' ],
487 silly audit   'is-negative-zero': [ '2.0.3' ],
487 silly audit   'is-number': [ '7.0.0' ],
487 silly audit   'is-number-object': [ '1.1.1' ],
487 silly audit   'is-path-cwd': [ '2.2.0' ],
487 silly audit   'is-path-inside': [ '3.0.3' ],
487 silly audit   'is-plain-obj': [ '3.0.0', '4.1.0' ],
487 silly audit   'is-plain-object': [ '5.0.0' ],
487 silly audit   'is-potential-custom-element-name': [ '1.0.1' ],
487 silly audit   'is-reference': [ '3.0.3' ],
487 silly audit   'is-regex': [ '1.2.1' ],
487 silly audit   'is-relative': [ '1.0.0' ],
487 silly audit   'is-set': [ '2.0.3' ],
487 silly audit   'is-shared-array-buffer': [ '1.0.4' ],
487 silly audit   'is-string': [ '1.1.1' ],
487 silly audit   'is-symbol': [ '1.1.1' ],
487 silly audit   'is-typed-array': [ '1.1.15' ],
487 silly audit   'is-typedarray': [ '1.0.0' ],
487 silly audit   'is-unc-path': [ '1.0.0' ],
487 silly audit   'is-unicode-supported': [ '1.3.0', '0.1.0' ],
487 silly audit   'is-upper-case': [ '2.0.2' ],
487 silly audit   'is-weakmap': [ '2.0.2' ],
487 silly audit   'is-weakref': [ '1.1.1' ],
487 silly audit   'is-weakset': [ '2.0.4' ],
487 silly audit   'is-windows': [ '1.0.2' ],
487 silly audit   'is-wsl': [ '2.2.0' ],
487 silly audit   isbot: [ '5.1.44' ],
487 silly audit   iserror: [ '0.0.2' ],
487 silly audit   isexe: [ '2.0.0' ],
487 silly audit   isobject: [ '2.1.0' ],
487 silly audit   'isomorphic-dompurify': [ '2.36.0' ],
487 silly audit   'isomorphic-ws': [ '5.0.0' ],
487 silly audit   isstream: [ '0.1.2' ],
487 silly audit   'iterator.prototype': [ '1.1.5' ],
487 silly audit   jackspeak: [ '3.4.3' ],
487 silly audit   jake: [ '10.9.4' ],
487 silly audit   'javascript-stringify': [ '2.1.0' ],
487 silly audit   jose: [ '5.10.0' ],
487 silly audit   'js-tokens': [ '4.0.0' ],
487 silly audit   jsbn: [ '0.1.1' ],
487 silly audit   jsdom: [ '28.1.0' ],
487 silly audit   undici: [ '7.28.0', '6.27.0' ],
487 silly audit   jsesc: [ '3.0.2' ],
487 silly audit   'json-buffer': [ '3.0.1' ],
487 silly audit   'json-parse-even-better-errors': [ '3.0.2', '2.3.1' ],
487 silly audit   'json-schema': [ '0.4.0' ],
487 silly audit   'json-schema-typed': [ '8.0.2' ],
487 silly audit   'json-stable-stringify-without-jsonify': [ '1.0.1' ],
487 silly audit   'json-stringify-safe': [ '5.0.1' ],
487 silly audit   'json-to-ast': [ '2.1.0' ],
487 silly audit   'json-to-pretty-yaml': [ '1.2.2' ],
487 silly audit   jsonfile: [ '6.2.1' ],
487 silly audit   jsonwebtoken: [ '9.0.3' ],
487 silly audit   jsprim: [ '1.4.2' ],
487 silly audit   'jsx-ast-utils': [ '3.3.5' ],
487 silly audit   jwa: [ '2.0.1' ],
487 silly audit   jws: [ '4.0.1' ],
487 silly audit   keyv: [ '4.5.4' ],
487 silly audit   'kill-port-process': [ '3.1.0' ],
487 silly audit   kleur: [ '4.1.5' ],
487 silly audit   'language-subtag-registry': [ '0.3.23' ],
487 silly audit   'language-tags': [ '1.0.9' ],
487 silly audit   'latest-version': [ '7.0.0' ],
487 silly audit   launder: [ '1.7.1' ],
487 silly audit   lazystream: [ '1.0.1' ],
487 silly audit   levn: [ '0.4.1' ],
487 silly audit   lilconfig: [ '3.1.3' ],
487 silly audit   'line-column': [ '1.0.2' ],
487 silly audit   'lines-and-columns': [ '1.2.4' ],
487 silly audit   liquidjs: [ '10.9.2' ],
487 silly audit   listr2: [ '4.0.5' ],
487 silly audit   'loader-utils': [ '3.3.1' ],
487 silly audit   'local-pkg': [ '1.2.1' ],
487 silly audit   'lodash-es': [ '4.18.1' ],
487 silly audit   'lodash.camelcase': [ '4.3.0' ],
487 silly audit   'lodash.debounce': [ '4.0.8' ],
487 silly audit   'lodash.defaults': [ '4.2.0' ],
487 silly audit   'lodash.difference': [ '4.5.0' ],
487 silly audit   'lodash.flatten': [ '4.4.0' ],
487 silly audit   'lodash.includes': [ '4.3.0' ],
487 silly audit   'lodash.isarguments': [ '3.1.0' ],
487 silly audit   'lodash.isboolean': [ '3.0.3' ],
487 silly audit   'lodash.isinteger': [ '4.0.4' ],
487 silly audit   'lodash.isnumber': [ '3.0.3' ],
487 silly audit   'lodash.isplainobject': [ '4.0.6' ],
487 silly audit   'lodash.isstring': [ '4.0.1' ],
487 silly audit   'lodash.merge': [ '4.6.2' ],
487 silly audit   'lodash.once': [ '4.1.1' ],
487 silly audit   'lodash.sortby': [ '4.7.0' ],
487 silly audit   'lodash.union': [ '4.6.0' ],
487 silly audit   'log-symbols': [ '4.1.0' ],
487 silly audit   'log-update': [ '4.0.0' ],
487 silly audit   'longest-streak': [ '3.1.0' ],
487 silly audit   'loose-envify': [ '1.4.0' ],
487 silly audit   'lossless-json': [ '4.3.0' ],
487 silly audit   'lower-case': [ '2.0.2' ],
487 silly audit   'lower-case-first': [ '2.0.2' ],
487 silly audit   'lowercase-keys': [ '3.0.0' ],
487 silly audit   'lucide-react': [ '0.556.0' ],
487 silly audit   luxon: [ '3.7.2' ],
487 silly audit   'lz-string': [ '1.5.0' ],
487 silly audit   macaddress: [ '0.5.3' ],
487 silly audit   'map-cache': [ '0.2.2' ],
487 silly audit   'markdown-extensions': [ '1.1.1' ],
487 silly audit   matcher: [ '3.0.0' ],
487 silly audit   'math-intrinsics': [ '1.1.0' ],
487 silly audit   'mdast-util-definitions': [ '5.1.2' ],
487 silly audit   'mdast-util-from-markdown': [ '1.3.1' ],
487 silly audit   'mdast-util-frontmatter': [ '1.0.1' ],
487 silly audit   'mdast-util-mdx': [ '2.0.1' ],
487 silly audit   'mdast-util-mdx-expression': [ '1.3.2' ],
487 silly audit   'mdast-util-mdx-jsx': [ '2.1.4' ],
487 silly audit   'mdast-util-mdxjs-esm': [ '1.3.1' ],
487 silly audit   'mdast-util-phrasing': [ '3.0.1' ],
487 silly audit   'mdast-util-to-hast': [ '12.3.0' ],
487 silly audit   'mdast-util-to-markdown': [ '1.5.0' ],
487 silly audit   'mdast-util-to-string': [ '3.2.0' ],
487 silly audit   'mdn-data': [ '2.27.1' ],
487 silly audit   'media-query-parser': [ '2.0.2' ],
487 silly audit   'media-typer': [ '0.3.0' ],
487 silly audit   'merge-stream': [ '2.0.0' ],
487 silly audit   merge2: [ '1.4.1' ],
487 silly audit   meros: [ '1.3.2' ],
487 silly audit   methods: [ '1.1.2' ],
487 silly audit   micromark: [ '3.2.0' ],
487 silly audit   'micromark-core-commonmark': [ '1.1.0' ],
487 silly audit   'micromark-extension-frontmatter': [ '1.1.1' ],
487 silly audit   'micromark-extension-mdx-expression': [ '1.0.8' ],
487 silly audit   'micromark-extension-mdx-jsx': [ '1.0.5' ],
487 silly audit   'micromark-extension-mdx-md': [ '1.0.1' ],
487 silly audit   'micromark-extension-mdxjs': [ '1.0.1' ],
487 silly audit   'micromark-extension-mdxjs-esm': [ '1.0.5' ],
487 silly audit   'micromark-factory-destination': [ '1.1.0' ],
487 silly audit   'micromark-factory-label': [ '1.1.0' ],
487 silly audit   'micromark-factory-mdx-expression': [ '1.0.9' ],
487 silly audit   'micromark-factory-space': [ '1.1.0' ],
487 silly audit   'micromark-factory-title': [ '1.1.0' ],
487 silly audit   'micromark-factory-whitespace': [ '1.1.0' ],
487 silly audit   'micromark-util-character': [ '1.2.0' ],
487 silly audit   'micromark-util-chunked': [ '1.1.0' ],
487 silly audit   'micromark-util-classify-character': [ '1.1.0' ],
487 silly audit   'micromark-util-combine-extensions': [ '1.1.0' ],
487 silly audit   'micromark-util-decode-numeric-character-reference': [ '1.1.0' ],
487 silly audit   'micromark-util-decode-string': [ '1.1.0' ],
487 silly audit   'micromark-util-encode': [ '1.1.0' ],
487 silly audit   'micromark-util-events-to-acorn': [ '1.2.3' ],
487 silly audit   'micromark-util-html-tag-name': [ '1.2.0' ],
487 silly audit   'micromark-util-normalize-identifier': [ '1.1.0' ],
487 silly audit   'micromark-util-resolve-all': [ '1.1.0' ],
487 silly audit   'micromark-util-sanitize-uri': [ '1.2.0' ],
487 silly audit   'micromark-util-subtokenize': [ '1.1.0' ],
487 silly audit   'micromark-util-symbol': [ '1.1.0' ],
487 silly audit   'micromark-util-types': [ '1.1.0' ],
487 silly audit   'mime-db': [ '1.54.0', '1.52.0' ],
487 silly audit   'mime-types': [ '2.1.35' ],
487 silly audit   'mimic-fn': [ '4.0.0', '2.1.0' ],
487 silly audit   minimatch: [ '9.0.5' ],
487 silly audit   minimist: [ '1.2.8' ],
487 silly audit   minipass: [ '7.1.3', '3.3.6', '5.0.0' ],
487 silly audit   'minipass-collect': [ '1.0.2' ],
487 silly audit   'minipass-flush': [ '1.0.7' ],
487 silly audit   'minipass-pipeline': [ '1.2.4' ],
487 silly audit   minizlib: [ '2.1.2' ],
487 silly audit   mkdirp: [ '1.0.4' ],
487 silly audit   'mkdirp-classic': [ '0.5.3' ],
487 silly audit   mlly: [ '1.8.2' ],
487 silly audit   'pkg-types': [ '1.3.1', '2.3.1' ],
487 silly audit   ufo: [ '1.6.4', '0.8.6' ],
487 silly audit   'modern-ahocorasick': [ '1.1.0' ],
487 silly audit   morgan: [ '1.11.0' ],
487 silly audit   mri: [ '1.2.0' ],
487 silly audit   mrmime: [ '1.0.1' ],
487 silly audit   msgpackr: [ '2.0.2' ],
487 silly audit   'msgpackr-extract': [ '3.0.4' ],
487 silly audit   'mute-stream': [ '0.0.8' ],
487 silly audit   nanoid: [ '3.3.15' ],
487 silly audit   'napi-postinstall': [ '0.3.4' ],
487 silly audit   'natural-compare': [ '1.4.0' ],
487 silly audit   'natural-compare-lite': [ '1.4.0' ],
487 silly audit   'natural-orderby': [ '2.0.3' ],
487 silly audit   'no-case': [ '3.0.4' ],
487 silly audit   'node-abort-controller': [ '3.1.1' ],
487 silly audit   'node-addon-api': [ '7.1.1' ],
487 silly audit   'node-domexception': [ '1.0.0' ],
487 silly audit   'node-exports-info': [ '1.6.2' ],
487 silly audit   'node-fetch-native': [ '1.6.7' ],
487 silly audit   'node-gyp-build-optional-packages': [ '5.2.2' ],
487 silly audit   'node-releases': [ '2.0.50' ],
487 silly audit   'normalize-package-data': [ '5.0.0' ],
487 silly audit   'normalize-path': [ '3.0.0', '2.1.1' ],
487 silly audit   'normalize-url': [ '8.1.1' ],
487 silly audit   'npm-install-checks': [ '6.3.0' ],
487 silly audit   'npm-normalize-package-bin': [ '3.0.1' ],
487 silly audit   'npm-package-arg': [ '10.1.0' ],
487 silly audit   'npm-pick-manifest': [ '8.0.2' ],
487 silly audit   nypm: [ '0.6.7' ],
487 silly audit   'oauth-sign': [ '0.9.0' ],
487 silly audit   'object-assign': [ '4.1.1' ],
487 silly audit   'object-inspect': [ '1.13.4' ],
487 silly audit   'object-is': [ '1.1.6' ],
487 silly audit   'object-keys': [ '1.1.1' ],
487 silly audit   'object-treeify': [ '1.1.33' ],
487 silly audit   'object.assign': [ '4.1.7' ],
487 silly audit   'object.entries': [ '1.1.9' ],
487 silly audit   'object.fromentries': [ '2.0.8' ],
487 silly audit   'object.groupby': [ '1.0.3' ],
487 silly audit   'object.values': [ '1.2.1' ],
487 silly audit   ohash: [ '2.0.11' ],
487 silly audit   'ohm-js': [ '16.6.0' ],
487 silly audit   'on-finished': [ '2.4.1' ],
487 silly audit   'on-headers': [ '1.1.0' ],
487 silly audit   once: [ '1.4.0' ],
487 silly audit   open: [ '8.4.2' ],
487 silly audit   openai: [ '6.45.0' ],
487 silly audit   optionator: [ '0.9.4' ],
487 silly audit   ora: [ '5.4.1' ],
487 silly audit   outdent: [ '0.8.0' ],
487 silly audit   'own-keys': [ '1.0.1' ],
487 silly audit   'p-cancelable': [ '3.0.0' ],
487 silly audit   'p-finally': [ '1.0.0' ],
487 silly audit   'p-limit': [ '3.1.0', '4.0.0' ],
487 silly audit   'yocto-queue': [ '1.2.2', '0.1.0' ],
487 silly audit   'p-map': [ '4.0.0' ],
487 silly audit   'package-json': [ '8.1.1' ],
487 silly audit   'package-json-from-dist': [ '1.0.1' ],
487 silly audit   pako: [ '0.2.9' ],
487 silly audit   'param-case': [ '3.0.4' ],
487 silly audit   'parent-module': [ '1.0.1' ],
487 silly audit   'parse-entities': [ '4.0.2' ],
487 silly audit   'parse-filepath': [ '1.0.2' ],
487 silly audit   'parse-json': [ '5.2.0' ],
487 silly audit   'parse-ms': [ '2.1.0' ],
487 silly audit   'parse-srcset': [ '1.0.2' ],
487 silly audit   parse5: [ '8.0.1' ],
487 silly audit   parseurl: [ '1.3.3' ],
487 silly audit   'pascal-case': [ '3.1.2' ],
487 silly audit   'password-prompt': [ '1.1.3' ],
487 silly audit   'patch-console': [ '2.0.0' ],
487 silly audit   'path-case': [ '3.0.4' ],
487 silly audit   'path-is-absolute': [ '1.0.1' ],
487 silly audit   'path-parse': [ '1.0.7' ],
487 silly audit   'path-root': [ '0.1.1' ],
487 silly audit   'path-root-regex': [ '0.1.2' ],
487 silly audit   'path-scurry': [ '1.11.1' ],
487 silly audit   'path-type': [ '4.0.0' ],
487 silly audit   'peek-stream': [ '1.1.3' ],
487 silly audit   'perfect-debounce': [ '1.0.0' ],
487 silly audit   'performance-now': [ '2.1.0' ],
487 silly audit   periscopic: [ '3.1.0' ],
487 silly audit   picocolors: [ '1.1.1' ],
487 silly audit   'pid-from-port': [ '1.1.3' ],
487 silly audit   'shebang-command': [ '1.2.0', '2.0.0' ],
487 silly audit   'shebang-regex': [ '1.0.0', '3.0.0' ],
487 silly audit   pidtree: [ '0.6.1' ],
487 silly audit   'possible-typed-array-names': [ '1.1.0' ],
487 silly audit   postcss: [ '8.5.15' ],
487 silly audit   'postcss-discard-duplicates': [ '5.1.0' ],
487 silly audit   'postcss-load-config': [ '4.0.2' ],
487 silly audit   'postcss-modules': [ '6.0.1' ],
487 silly audit   'postcss-modules-extract-imports': [ '3.1.0' ],
487 silly audit   'postcss-modules-local-by-default': [ '4.2.0' ],
487 silly audit   'postcss-modules-scope': [ '3.2.1' ],
487 silly audit   'postcss-modules-values': [ '4.0.0' ],
487 silly audit   'postcss-selector-parser': [ '7.1.4' ],
487 silly audit   'postcss-value-parser': [ '4.2.0' ],
487 silly audit   'prelude-ls': [ '1.2.1' ],
487 silly audit   'pretty-format': [ '27.5.1' ],
487 silly audit   'pretty-ms': [ '7.0.1' ],
487 silly audit   'printable-characters': [ '1.0.42' ],
487 silly audit   prisma: [ '6.19.3' ],
487 silly audit   'proc-log': [ '3.0.0' ],
487 silly audit   'process-nextick-args': [ '2.0.1' ],
487 silly audit   'promise-inflight': [ '1.0.1' ],
487 silly audit   'promise-retry': [ '2.0.1' ],
487 silly audit   'prop-types': [ '15.8.1' ],
487 silly audit   'react-is': [ '16.13.1', '17.0.2' ],
487 silly audit   'property-information': [ '6.5.0' ],
487 silly audit   'proto-list': [ '1.2.4' ],
487 silly audit   'proxy-addr': [ '2.0.7' ],
487 silly audit   pseudomap: [ '1.0.2' ],
487 silly audit   psl: [ '1.15.0' ],
487 silly audit   pump: [ '3.0.4', '2.0.1' ],
487 silly audit   pumpify: [ '1.5.1' ],
487 silly audit   punycode: [ '2.3.1' ],
487 silly audit   'pure-rand': [ '6.1.0' ],
487 silly audit   quansync: [ '0.2.11' ],
487 silly audit   'queue-microtask': [ '1.2.3' ],
487 silly audit   'quick-lru': [ '5.1.1' ],
487 silly audit   radix3: [ '0.1.2' ],
487 silly audit   'range-parser': [ '1.2.1' ],
487 silly audit   rc: [ '1.2.8' ],
487 silly audit   'strip-json-comments': [ '2.0.1', '3.1.1' ],
487 silly audit   rc9: [ '2.1.2' ],
487 silly audit   'react-fast-compare': [ '3.2.2' ],
487 silly audit   'react-reconciler': [ '0.29.2' ],
487 silly audit   'react-refresh': [ '0.14.2' ],
487 silly audit   'react-router': [ '6.30.4' ],
487 silly audit   'react-router-dom': [ '6.30.4' ],
487 silly audit   'react-transition-group': [ '4.4.5' ],
487 silly audit   'readdir-glob': [ '1.1.3' ],
487 silly audit   redeyed: [ '2.1.1' ],
487 silly audit   'redis-errors': [ '1.2.0' ],
487 silly audit   'redis-parser': [ '3.0.0' ],
487 silly audit   'reflect.getprototypeof': [ '1.0.10' ],
487 silly audit   'regexp.prototype.flags': [ '1.5.4' ],
487 silly audit   regexpp: [ '3.2.0' ],
487 silly audit   'registry-auth-token': [ '5.1.1' ],
487 silly audit   'registry-url': [ '6.0.1' ],
487 silly audit   'remark-frontmatter': [ '4.0.1' ],
487 silly audit   'remark-mdx': [ '2.3.0' ],
487 silly audit   'remark-mdx-frontmatter': [ '1.1.1' ],
487 silly audit   'remark-parse': [ '10.0.2' ],
487 silly audit   'remark-rehype': [ '10.1.0' ],
487 silly audit   remedial: [ '1.0.8' ],
487 silly audit   'remove-trailing-separator': [ '1.1.0' ],
487 silly audit   'remove-trailing-spaces': [ '1.0.9' ],
487 silly audit   request: [ '2.88.2' ],
487 silly audit   'tough-cookie': [ '2.5.0', '6.0.1' ],
487 silly audit   uuid: [ '3.4.0', '11.1.1' ],
487 silly audit   'require-directory': [ '2.1.1' ],
487 silly audit   'require-from-string': [ '2.0.2' ],
487 silly audit   'require-like': [ '0.1.2' ],
487 silly audit   requireindex: [ '1.2.0' ],
487 silly audit   'requires-port': [ '1.0.0' ],
487 silly audit   'resolve-alpn': [ '1.2.1' ],
487 silly audit   'resolve-pkg-maps': [ '1.0.0' ],
487 silly audit   'resolve.exports': [ '2.0.3' ],
487 silly audit   responselike: [ '3.0.0' ],
487 silly audit   retry: [ '0.12.0' ],
487 silly audit   reusify: [ '1.1.0' ],
487 silly audit   rfdc: [ '1.4.1' ],
487 silly audit   rimraf: [ '3.0.2' ],
487 silly audit   roarr: [ '2.15.4' ],
487 silly audit   rollup: [ '4.62.2' ],
487 silly audit   'run-async': [ '2.4.1' ],
487 silly audit   'run-parallel': [ '1.2.0' ],
487 silly audit   rxjs: [ '7.8.2' ],
487 silly audit   sade: [ '1.8.1' ],
487 silly audit   'safe-array-concat': [ '1.1.4' ],
487 silly audit   'safe-push-apply': [ '1.0.0' ],
487 silly audit   'safe-regex-test': [ '1.1.0' ],
487 silly audit   'safer-buffer': [ '2.1.2' ],
487 silly audit   'sanitize-html': [ '2.17.5' ],
487 silly audit   saxes: [ '6.0.0' ],
487 silly audit   scheduler: [ '0.23.2' ],
487 silly audit   scuid: [ '1.1.0' ],
487 silly audit   'semver-compare': [ '1.0.0' ],
487 silly audit   'semver-regex': [ '4.0.5' ],
487 silly audit   'sentence-case': [ '3.0.4' ],
487 silly audit   'serialize-error': [ '7.0.1' ],
487 silly audit   'set-cookie-parser': [ '2.7.2' ],
487 silly audit   'set-function-length': [ '1.2.2' ],
487 silly audit   'set-function-name': [ '2.0.2' ],
487 silly audit   'set-proto': [ '1.0.0' ],
487 silly audit   setprototypeof: [ '1.2.0' ],
487 silly audit   'side-channel': [ '1.1.1' ],
487 silly audit   'side-channel-list': [ '1.0.1' ],
487 silly audit   'side-channel-map': [ '1.0.1' ],
487 silly audit   'side-channel-weakmap': [ '1.0.2' ],
487 silly audit   'simple-git': [ '3.19.1' ],
487 silly audit   'simple-swizzle': [ '0.2.4' ],
487 silly audit   slash: [ '3.0.0' ],
487 silly audit   'snake-case': [ '3.0.4' ],
487 silly audit   'source-map-js': [ '1.2.1' ],
487 silly audit   'source-map-support': [ '0.5.21' ],
487 silly audit   'space-separated-tokens': [ '2.0.2' ],
487 silly audit   'spdx-correct': [ '3.2.0' ],
487 silly audit   'spdx-exceptions': [ '2.5.0' ],
487 silly audit   'spdx-expression-parse': [ '3.0.1' ],
487 silly audit   'spdx-license-ids': [ '3.0.23' ],
487 silly audit   'sponge-case': [ '1.0.1' ],
487 silly audit   sshpk: [ '1.18.0' ],
487 silly audit   ssri: [ '10.0.6' ],
487 silly audit   'stable-hash': [ '0.0.5' ],
487 silly audit   'stack-generator': [ '2.0.10' ],
487 silly audit   'stack-utils': [ '2.0.6' ],
487 silly audit   stackframe: [ '1.3.4' ],
487 silly audit   stacktracey: [ '2.1.8' ],
487 silly audit   'standard-as-callback': [ '2.1.0' ],
487 silly audit   'stop-iteration-iterator': [ '1.1.0' ],
487 silly audit   'stream-shift': [ '1.0.3' ],
487 silly audit   'stream-slice': [ '0.1.2' ],
487 silly audit   'string-env-interpolation': [ '1.0.1' ],
487 silly audit   'string-hash': [ '1.1.3' ],
487 silly audit   'string.prototype.includes': [ '2.0.1' ],
487 silly audit   'string.prototype.matchall': [ '4.0.12' ],
487 silly audit   'string.prototype.repeat': [ '1.0.0' ],
487 silly audit   'string.prototype.trim': [ '1.2.11' ],
487 silly audit   'string.prototype.trimend': [ '1.0.10' ],
487 silly audit   'string.prototype.trimstart': [ '1.0.8' ],
487 silly audit   'stringify-entities': [ '4.0.4' ],
487 silly audit   'strip-bom': [ '3.0.0' ],
487 silly audit   'strip-eof': [ '1.0.0' ],
487 silly audit   'stubborn-fs': [ '2.0.0' ],
487 silly audit   'stubborn-utils': [ '1.0.2' ],
487 silly audit   'style-to-object': [ '0.4.4' ],
487 silly audit   'supports-preserve-symlinks-flag': [ '1.0.0' ],
487 silly audit   'swap-case': [ '2.0.2' ],
487 silly audit   'symbol-tree': [ '3.2.4' ],
487 silly audit   tar: [ '6.2.1' ],
487 silly audit   'tar-fs': [ '2.1.4' ],
487 silly audit   'tar-stream': [ '2.2.0' ],
487 silly audit   'temp-dir': [ '2.0.0' ],
487 silly audit   tempy: [ '3.0.0' ],
487 silly audit   'term-size': [ '3.0.2' ],
487 silly audit   'terminal-link': [ '3.0.0' ],
487 silly audit   'text-table': [ '0.2.0' ],
487 silly audit   through: [ '2.3.8' ],
487 silly audit   through2: [ '2.0.5' ],
487 silly audit   'timeout-signal': [ '2.0.0' ],
487 silly audit   tinycolor2: [ '1.6.0' ],
487 silly audit   tinyexec: [ '1.2.4' ],
487 silly audit   tinyglobby: [ '0.2.17' ],
487 silly audit   fdir: [ '6.5.0' ],
487 silly audit   tinygradient: [ '1.1.5' ],
487 silly audit   'title-case': [ '3.0.3' ],
487 silly audit   tldts: [ '7.4.4' ],
487 silly audit   'tldts-core': [ '7.4.4' ],
487 silly audit   'to-regex-range': [ '5.0.1' ],
487 silly audit   toidentifier: [ '1.0.1' ],
487 silly audit   toml: [ '3.0.0' ],
487 silly audit   'tree-kill': [ '1.2.2' ],
487 silly audit   'trim-lines': [ '3.0.1' ],
487 silly audit   trough: [ '2.2.0' ],
487 silly audit   'ts-error': [ '1.0.6' ],
487 silly audit   'ts-log': [ '2.2.7' ],
487 silly audit   tsconfck: [ '3.1.6' ],
487 silly audit   tsutils: [ '3.21.0' ],
487 silly audit   tsx: [ '4.22.4' ],
487 silly audit   'tunnel-agent': [ '0.6.0' ],
487 silly audit   'turbo-stream': [ '2.4.1' ],
487 silly audit   tweetnacl: [ '0.14.5' ],
487 silly audit   'type-check': [ '0.4.0' ],
487 silly audit   'type-is': [ '1.6.18' ],
487 silly audit   'typed-array-buffer': [ '1.0.3' ],
487 silly audit   'typed-array-byte-length': [ '1.0.3' ],
487 silly audit   'typed-array-byte-offset': [ '1.0.4' ],
487 silly audit   'typed-array-length': [ '1.0.8' ],
487 silly audit   typescript: [ '5.9.3' ],
487 silly audit   'unbox-primitive': [ '1.1.0' ],
487 silly audit   'unc-path-regex': [ '0.1.2' ],
487 silly audit   'undici-types': [ '6.21.0' ],
487 silly audit   unified: [ '10.1.2' ],
487 silly audit   'unique-filename': [ '3.0.0' ],
487 silly audit   'unique-slug': [ '4.0.0' ],
487 silly audit   'unique-string': [ '3.0.0' ],
487 silly audit   'unist-util-generated': [ '2.0.1' ],
487 silly audit   'unist-util-is': [ '5.2.1' ],
487 silly audit   'unist-util-position': [ '4.0.4' ],
487 silly audit   'unist-util-position-from-estree': [ '1.1.2' ],
487 silly audit   'unist-util-remove-position': [ '4.0.2' ],
487 silly audit   'unist-util-stringify-position': [ '3.0.3' ],
487 silly audit   'unist-util-visit': [ '4.1.2' ],
487 silly audit   'unist-util-visit-parents': [ '5.1.3' ],
487 silly audit   universalify: [ '2.0.1' ],
487 silly audit   unixify: [ '1.0.0' ],
487 silly audit   unpipe: [ '1.0.0' ],
487 silly audit   'unrs-resolver': [ '1.12.2' ],
487 silly audit   'update-browserslist-db': [ '1.2.3' ],
487 silly audit   'upper-case': [ '2.0.2' ],
487 silly audit   'upper-case-first': [ '2.0.2' ],
487 silly audit   'uri-js': [ '4.4.1' ],
487 silly audit   'urlpattern-polyfill': [ '10.1.0' ],
487 silly audit   util: [ '0.12.5' ],
487 silly audit   'util-deprecate': [ '1.0.2' ],
487 silly audit   'utils-merge': [ '1.0.1' ],
487 silly audit   uvu: [ '0.5.6' ],
487 silly audit   valibot: [ '1.4.1' ],
487 silly audit   'validate-npm-package-license': [ '3.0.4' ],
487 silly audit   'validate-npm-package-name': [ '5.0.1' ],
487 silly audit   'value-or-promise': [ '1.0.12' ],
487 silly audit   vary: [ '1.1.2' ],
487 silly audit   verror: [ '1.10.0' ],
487 silly audit   vfile: [ '5.3.7' ],
487 silly audit   'vfile-message': [ '3.1.4' ],
487 silly audit   vite: [ '6.4.3' ],
487 silly audit   'vite-tsconfig-paths': [ '5.1.4' ],
487 silly audit   'w3c-xmlserializer': [ '5.0.0' ],
487 silly audit   wcwidth: [ '1.0.1' ],
487 silly audit   'web-encoding': [ '1.1.5' ],
487 silly audit   'web-streams-polyfill': [ '3.3.3' ],
487 silly audit   'websocket-driver': [ '0.7.5' ],
487 silly audit   'websocket-extensions': [ '0.1.4' ],
487 silly audit   'when-exit': [ '2.1.5' ],
487 silly audit   'which-boxed-primitive': [ '1.1.1' ],
487 silly audit   'which-builtin-type': [ '1.2.1' ],
487 silly audit   'which-collection': [ '1.0.2' ],
487 silly audit   'which-typed-array': [ '1.1.22' ],
487 silly audit   'word-wrap': [ '1.2.5' ],
487 silly audit   wordwrap: [ '1.0.0' ],
487 silly audit   wrappy: [ '1.0.2' ],
487 silly audit   'xml-name-validator': [ '5.0.0' ],
487 silly audit   xmlchars: [ '2.2.0' ],
487 silly audit   xtend: [ '4.0.2' ],
487 silly audit   y18n: [ '5.0.8' ],
487 silly audit   yaml: [ '2.9.0' ],
487 silly audit   'yaml-ast-parser': [ '0.0.43' ],
487 silly audit   'yargs-parser': [ '21.1.1' ],
487 silly audit   'yoga-wasm-web': [ '0.3.3' ],
487 silly audit   'zip-stream': [ '4.1.1' ],
487 silly audit   zwitch: [ '2.0.4' ]
487 silly audit }
488 http cache node-gyp-build-optional-packages@https://registry.npmjs.org/node-gyp-build-optional-packages/-/node-gyp-build-optional-packages-5.2.2.tgz 0ms (cache hit)
489 http cache msgpackr-extract@https://registry.npmjs.org/msgpackr-extract/-/msgpackr-extract-3.0.4.tgz 0ms (cache hit)
490 info run msgpackr-extract@3.0.4 install node_modules/msgpackr-extract node-gyp-build-optional-packages
491 http fetch POST 200 https://registry.npmjs.org/-/npm/v1/security/advisories/bulk 510ms
492 silly audit report {
492 silly audit report   lodash: [
492 silly audit report     {
492 silly audit report       id: 1120370,
492 silly audit report       url: 'https://github.com/advisories/GHSA-xxjr-mmjv-4gpg',
492 silly audit report       title: 'Lodash has Prototype Pollution Vulnerability in `_.unset` and `_.omit` functions',
492 silly audit report       severity: 'moderate',
492 silly audit report       vulnerable_versions: '>=4.0.0 <=4.17.22',
492 silly audit report       cwe: [Array],
492 silly audit report       cvss: [Object]
492 silly audit report     },
492 silly audit report     {
492 silly audit report       id: 1115806,
492 silly audit report       url: 'https://github.com/advisories/GHSA-r5fr-rjxr-66jc',
492 silly audit report       title: 'lodash vulnerable to Code Injection via `_.template` imports key names',
492 silly audit report       severity: 'high',
492 silly audit report       vulnerable_versions: '>=4.0.0 <=4.17.23',
492 silly audit report       cwe: [Array],
492 silly audit report       cvss: [Object]
492 silly audit report     },
492 silly audit report     {
492 silly audit report       id: 1115810,
492 silly audit report       url: 'https://github.com/advisories/GHSA-f23m-r3pf-42rh',
492 silly audit report       title: 'lodash vulnerable to Prototype Pollution via array path bypass in `_.unset` and `_.omit`',
492 silly audit report       severity: 'moderate',
492 silly audit report       vulnerable_versions: '<=4.17.23',
492 silly audit report       cwe: [Array],
492 silly audit report       cvss: [Object]
492 silly audit report     }
492 silly audit report   ],
492 silly audit report   'js-yaml': [
492 silly audit report     {
492 silly audit report       id: 1112715,
492 silly audit report       url: 'https://github.com/advisories/GHSA-mh29-5h37-fv8m',
492 silly audit report       title: 'js-yaml has prototype pollution in merge (<<)',
492 silly audit report       severity: 'moderate',
492 silly audit report       vulnerable_versions: '>=4.0.0 <4.1.1',
492 silly audit report       cwe: [Array],
492 silly audit report       cvss: [Object]
492 silly audit report     },
492 silly audit report     {
492 silly audit report       id: 1121860,
492 silly audit report       url: 'https://github.com/advisories/GHSA-h67p-54hq-rp68',
492 silly audit report       title: 'JS-YAML: Quadratic-complexity DoS in merge key handling via repeated aliases',
492 silly audit report       severity: 'moderate',
492 silly audit report       vulnerable_versions: '>=4.0.0 <=4.1.1',
492 silly audit report       cwe: [Array],
492 silly audit report       cvss: [Object]
492 silly audit report     }
492 silly audit report   ],
492 silly audit report   '@opentelemetry/core': [
492 silly audit report     {
492 silly audit report       id: 1120821,
492 silly audit report       url: 'https://github.com/advisories/GHSA-8988-4f7v-96qf',
492 silly audit report       title: 'OpenTelemetry Core: Unbounded memory allocation in W3C Baggage propagation',
492 silly audit report       severity: 'moderate',
492 silly audit report       vulnerable_versions: '<2.8.0',
492 silly audit report       cwe: [Array],
492 silly audit report       cvss: [Object]
492 silly audit report     }
492 silly audit report   ],
492 silly audit report   ws: [
492 silly audit report     {
492 silly audit report       id: 1118728,
492 silly audit report       url: 'https://github.com/advisories/GHSA-3h5v-q93c-6h6q',
492 silly audit report       title: 'ws affected by a DoS when handling a request with many HTTP headers',
492 silly audit report       severity: 'high',
492 silly audit report       vulnerable_versions: '>=8.0.0 <8.17.1',
492 silly audit report       cwe: [Array],
492 silly audit report       cvss: [Object]
492 silly audit report     },
492 silly audit report     {
492 silly audit report       id: 1119108,
492 silly audit report       url: 'https://github.com/advisories/GHSA-58qx-3vcg-4xpx',
492 silly audit report       title: 'ws: Uninitialized memory disclosure',
492 silly audit report       severity: 'moderate',
492 silly audit report       vulnerable_versions: '>=8.0.0 <8.20.1',
492 silly audit report       cwe: [Array],
492 silly audit report       cvss: [Object]
492 silly audit report     },
492 silly audit report     {
492 silly audit report       id: 1120730,
492 silly audit report       url: 'https://github.com/advisories/GHSA-96hv-2xvq-fx4p',
492 silly audit report       title: 'ws: Memory exhaustion DoS from tiny fragments and data chunks',
492 silly audit report       severity: 'high',
492 silly audit report       vulnerable_versions: '>=8.0.0 <8.21.0',
492 silly audit report       cwe: [Array],
492 silly audit report       cvss: [Object]
492 silly audit report     }
492 silly audit report   ],
492 silly audit report   cookie: [
492 silly audit report     {
492 silly audit report       id: 1103907,
492 silly audit report       url: 'https://github.com/advisories/GHSA-pxg6-pf52-xh8x',
492 silly audit report       title: 'cookie accepts cookie name, path, and domain with out of bounds characters',
492 silly audit report       severity: 'low',
492 silly audit report       vulnerable_versions: '<0.7.0',
492 silly audit report       cwe: [Array],
492 silly audit report       cvss: [Object]
492 silly audit report     }
492 silly audit report   ],
492 silly audit report   esbuild: [
492 silly audit report     {
492 silly audit report       id: 1102341,
492 silly audit report       url: 'https://github.com/advisories/GHSA-67mh-4wv8-2f99',
492 silly audit report       title: 'esbuild enables any website to send any requests to the development server and read the response',
492 silly audit report       severity: 'moderate',
492 silly audit report       vulnerable_versions: '<=0.24.2',
492 silly audit report       cwe: [Array],
492 silly audit report       cvss: [Object]
492 silly audit report     },
492 silly audit report     {
492 silly audit report       id: 1120680,
492 silly audit report       url: 'https://github.com/advisories/GHSA-g7r4-m6w7-qqqr',
492 silly audit report       title: 'esbuild allows arbitrary file read when running the development server on Windows',
492 silly audit report       severity: 'low',
492 silly audit report       vulnerable_versions: '>=0.27.3 <0.28.1',
492 silly audit report       cwe: [Array],
492 silly audit report       cvss: [Object]
492 silly audit report     }
492 silly audit report   ],
492 silly audit report   express: [
492 silly audit report     {
492 silly audit report       id: 1100530,
492 silly audit report       url: 'https://github.com/advisories/GHSA-qw6h-vgh9-j6wx',
492 silly audit report       title: 'express vulnerable to XSS via response.redirect()',
492 silly audit report       severity: 'low',
492 silly audit report       vulnerable_versions: '<4.20.0',
492 silly audit report       cwe: [Array],
492 silly audit report       cvss: [Object]
492 silly audit report     },
492 silly audit report     {
492 silly audit report       id: 1111636,
492 silly audit report       url: 'https://github.com/advisories/GHSA-rv95-896h-c2vc',
492 silly audit report       title: 'Express.js Open Redirect in malformed URLs',
492 silly audit report       severity: 'moderate',
492 silly audit report       vulnerable_versions: '<4.19.2',
492 silly audit report       cwe: [Array],
492 silly audit report       cvss: [Object]
492 silly audit report     }
492 silly audit report   ],
492 silly audit report   'body-parser': [
492 silly audit report     {
492 silly audit report       id: 1099520,
492 silly audit report       url: 'https://github.com/advisories/GHSA-qwcr-r2fm-qrc7',
492 silly audit report       title: 'body-parser vulnerable to denial of service when url encoding is enabled',
492 silly audit report       severity: 'high',
492 silly audit report       vulnerable_versions: '<1.20.3',
492 silly audit report       cwe: [Array],
492 silly audit report       cvss: [Object]
492 silly audit report     }
492 silly audit report   ],
492 silly audit report   'form-data': [
492 silly audit report     {
492 silly audit report       id: 1109538,
492 silly audit report       url: 'https://github.com/advisories/GHSA-fjxv-7rqg-78g4',
492 silly audit report       title: 'form-data uses unsafe random function in form-data for choosing boundary',
492 silly audit report       severity: 'critical',
492 silly audit report       vulnerable_versions: '>=4.0.0 <4.0.4',
492 silly audit report       cwe: [Array],
492 silly audit report       cvss: [Object]
492 silly audit report     },
492 silly audit report     {
492 silly audit report       id: 1109540,
492 silly audit report       url: 'https://github.com/advisories/GHSA-fjxv-7rqg-78g4',
492 silly audit report       title: 'form-data uses unsafe random function in form-data for choosing boundary',
492 silly audit report       severity: 'critical',
492 silly audit report       vulnerable_versions: '<2.5.4',
492 silly audit report       cwe: [Array],
492 silly audit report       cvss: [Object]
492 silly audit report     },
492 silly audit report     {
492 silly audit report       id: 1120743,
492 silly audit report       url: 'https://github.com/advisories/GHSA-hmw2-7cc7-3qxx',
492 silly audit report       title: 'form-data: CRLF injection in form-data via unescaped multipart field names and filenames',
492 silly audit report       severity: 'high',
492 silly audit report       vulnerable_versions: '>=4.0.0 <4.0.6',
492 silly audit report       cwe: [Array],
492 silly audit report       cvss: [Object]
492 silly audit report     },
492 silly audit report     {
492 silly audit report       id: 1120745,
492 silly audit report       url: 'https://github.com/advisories/GHSA-hmw2-7cc7-3qxx',
492 silly audit report       title: 'form-data: CRLF injection in form-data via unescaped multipart field names and filenames',
492 silly audit report       severity: 'high',
492 silly audit report       vulnerable_versions: '<2.5.6',
492 silly audit report       cwe: [Array],
492 silly audit report       cvss: [Object]
492 silly audit report     }
492 silly audit report   ],
492 silly audit report   micromatch: [
492 silly audit report     {
492 silly audit report       id: 1098681,
492 silly audit report       url: 'https://github.com/advisories/GHSA-952p-6rrq-rcjv',
492 silly audit report       title: 'Regular Expression Denial of Service (ReDoS) in micromatch',
492 silly audit report       severity: 'moderate',
492 silly audit report       vulnerable_versions: '<4.0.8',
492 silly audit report       cwe: [Array],
492 silly audit report       cvss: [Object]
492 silly audit report     }
492 silly audit report   ],
492 silly audit report   mime: [
492 silly audit report     {
492 silly audit report       id: 1093780,
492 silly audit report       url: 'https://github.com/advisories/GHSA-wrvr-8mpx-r7pp',
492 silly audit report       title: 'mime Regular Expression Denial of Service when MIME lookup performed on untrusted user input',
492 silly audit report       severity: 'high',
492 silly audit report       vulnerable_versions: '<1.4.1',
492 silly audit report       cwe: [Array],
492 silly audit report       cvss: [Object]
492 silly audit report     }
492 silly audit report   ],
492 silly audit report   'path-to-regexp': [
492 silly audit report     {
492 silly audit report       id: 1101850,
492 silly audit report       url: 'https://github.com/advisories/GHSA-9wv6-86v2-598j',
492 silly audit report       title: 'path-to-regexp outputs backtracking regular expressions',
492 silly audit report       severity: 'high',
492 silly audit report       vulnerable_versions: '<0.1.10',
492 silly audit report       cwe: [Array],
492 silly audit report       cvss: [Object]
492 silly audit report     },
492 silly audit report     {
492 silly audit report       id: 1105199,
492 silly audit report       url: 'https://github.com/advisories/GHSA-rhx6-c78j-4q9w',
492 silly audit report       title: 'path-to-regexp contains a ReDoS',
492 silly audit report       severity: 'high',
492 silly audit report       vulnerable_versions: '<0.1.12',
492 silly audit report       cwe: [Array],
492 silly audit report       cvss: [Object]
492 silly audit report     },
492 silly audit report     {
492 silly audit report       id: 1115527,
492 silly audit report       url: 'https://github.com/advisories/GHSA-37ch-88jc-xwx2',
492 silly audit report       title: 'path-to-regexp vulnerable to Regular Expression Denial of Service via multiple route parameters',
492 silly audit report       severity: 'high',
492 silly audit report       vulnerable_versions: '<0.1.13',
492 silly audit report       cwe: [Array],
492 silly audit report       cvss: [Object]
492 silly audit report     }
492 silly audit report   ],
492 silly audit report   send: [
492 silly audit report     {
492 silly audit report       id: 1109556,
492 silly audit report       url: 'https://github.com/advisories/GHSA-m6fv-jmcg-4jfg',
492 silly audit report       title: 'send vulnerable to template injection that can lead to XSS',
492 silly audit report       severity: 'low',
492 silly audit report       vulnerable_versions: '<0.19.0',
492 silly audit report       cwe: [Array],
492 silly audit report       cvss: [Object]
492 silly audit report     }
492 silly audit report   ],
492 silly audit report   'cross-spawn': [
492 silly audit report     {
492 silly audit report       id: 1104663,
492 silly audit report       url: 'https://github.com/advisories/GHSA-3xgq-45jj-v275',
492 silly audit report       title: 'Regular Expression Denial of Service (ReDoS) in cross-spawn',
492 silly audit report       severity: 'high',
492 silly audit report       vulnerable_versions: '<6.0.6',
492 silly audit report       cwe: [Array],
492 silly audit report       cvss: [Object]
492 silly audit report     }
492 silly audit report   ],
492 silly audit report   diff: [
492 silly audit report     {
492 silly audit report       id: 1112705,
492 silly audit report       url: 'https://github.com/advisories/GHSA-73rr-hh4g-fpgx',
492 silly audit report       title: 'jsdiff has a Denial of Service vulnerability in parsePatch and applyPatch',
492 silly audit report       severity: 'low',
492 silly audit report       vulnerable_versions: '>=5.0.0 <5.2.2',
492 silly audit report       cwe: [Array],
492 silly audit report       cvss: [Object]
492 silly audit report     }
492 silly audit report   ],
492 silly audit report   'estree-util-value-to-estree': [
492 silly audit report     {
492 silly audit report       id: 1103822,
492 silly audit report       url: 'https://github.com/advisories/GHSA-f7f6-9jq7-3rqj',
492 silly audit report       title: 'estree-util-value-to-estree allows prototype pollution in generated ESTree',
492 silly audit report       severity: 'moderate',
492 silly audit report       vulnerable_versions: '<3.3.3',
492 silly audit report       cwe: [Array],
492 silly audit report       cvss: [Object]
492 silly audit report     }
492 silly audit report   ],
492 silly audit report   qs: [
492 silly audit report     {
492 silly audit report       id: 1113161,
492 silly audit report       url: 'https://github.com/advisories/GHSA-w7fw-mjwx-w883',
492 silly audit report       title: "qs's arrayLimit bypass in comma parsing allows denial of service",
492 silly audit report       severity: 'low',
492 silly audit report       vulnerable_versions: '>=6.7.0 <=6.14.1',
492 silly audit report       cwe: [Array],
492 silly audit report       cvss: [Object]
492 silly audit report     },
492 silly audit report     {
492 silly audit report       id: 1113719,
492 silly audit report       url: 'https://github.com/advisories/GHSA-6rw7-vpxm-498p',
492 silly audit report       title: "qs's arrayLimit bypass in its bracket notation allows DoS via memory exhaustion",
492 silly audit report       severity: 'moderate',
492 silly audit report       vulnerable_versions: '<6.14.1',
492 silly audit report       cwe: [Array],
492 silly audit report       cvss: [Object]
492 silly audit report     }
492 silly audit report   ],
492 silly audit report   'serve-static': [
492 silly audit report     {
492 silly audit report       id: 1100528,
492 silly audit report       url: 'https://github.com/advisories/GHSA-cm22-4g7w-348p',
492 silly audit report       title: 'serve-static vulnerable to template injection that can lead to XSS',
492 silly audit report       severity: 'low',
492 silly audit report       vulnerable_versions: '<1.16.0',
492 silly audit report       cwe: [Array],
492 silly audit report       cvss: [Object]
492 silly audit report     }
492 silly audit report   ],
492 silly audit report   h3: [
492 silly audit report     {
492 silly audit report       id: 1114875,
492 silly audit report       url: 'https://github.com/advisories/GHSA-wr4h-v87w-p3r7',
492 silly audit report       title: 'h3 has a Path Traversal via Percent-Encoded Dot Segments in serveStatic Allows Arbitrary File Read',
492 silly audit report       severity: 'moderate',
492 silly audit report       vulnerable_versions: '<1.15.6',
492 silly audit report       cwe: [Array],
492 silly audit report       cvss: [Object]
492 silly audit report     },
492 silly audit report     {
492 silly audit report       id: 1115114,
492 silly audit report       url: 'https://github.com/advisories/GHSA-4hxc-9384-m385',
492 silly audit report       title: 'h3: SSE Event Injection via Unsanitized Carriage Return (`\\r`) in EventStream Data and Comment Fields (Bypass of CVE Fix)',
492 silly audit report       severity: 'moderate',
492 silly audit report       vulnerable_versions: '<1.15.9',
492 silly audit report       cwe: [Array],
492 silly audit report       cvss: [Object]
492 silly audit report     },
492 silly audit report     {
492 silly audit report       id: 1115117,
492 silly audit report       url: 'https://github.com/advisories/GHSA-72gr-qfp7-vwhw',
492 silly audit report       title: 'h3: Double Decoding in `serveStatic` Bypasses `resolveDotSegments` Path Traversal Protection via `%252e%252e`',
492 silly audit report       severity: 'moderate',
492 silly audit report       vulnerable_versions: '<=1.15.8',
492 silly audit report       cwe: [Array],
492 silly audit report       cvss: [Object]
492 silly audit report     },
492 silly audit report     {
492 silly audit report       id: 1115161,
492 silly audit report       url: 'https://github.com/advisories/GHSA-22cc-p3c6-wpvm',
492 silly audit report       title: 'h3 has a Server-Sent Events Injection via Unsanitized Newlines in Event Stream Fields',
492 silly audit report       severity: 'high',
492 silly audit report       vulnerable_versions: '<1.15.6',
492 silly audit report       cwe: [Array],
492 silly audit report       cvss: [Object]
492 silly audit report     },
492 silly audit report     {
492 silly audit report       id: 1116543,
492 silly audit report       url: 'https://github.com/advisories/GHSA-mp2g-9vg9-f4cg',
492 silly audit report       title: 'h3 v1 has Request Smuggling (TE.TE) issue',
492 silly audit report       severity: 'high',
492 silly audit report       vulnerable_versions: '<=1.15.4',
492 silly audit report       cwe: [Array],
492 silly audit report       cvss: [Object]
492 silly audit report     }
492 silly audit report   ],
492 silly audit report   liquidjs: [
492 silly audit report     {
492 silly audit report       id: 1118680,
492 silly audit report       url: 'https://github.com/advisories/GHSA-4rc3-7j7w-m548',
492 silly audit report       title: 'liquidjs has a Denial of Service via circular block reference in layout',
492 silly audit report       severity: 'high',
492 silly audit report       vulnerable_versions: '<10.25.7',
492 silly audit report       cwe: [Array],
492 silly audit report       cvss: [Object]
492 silly audit report     },
492 silly audit report     {
492 silly audit report       id: 1119606,
492 silly audit report       url: 'https://github.com/advisories/GHSA-8xx9-69p8-7jp3',
492 silly audit report       title: 'LiquidJS has a renderLimit DoS guard bypass via empty `{% for %}` body',
492 silly audit report       severity: 'moderate',
492 silly audit report       vulnerable_versions: '<=10.25.7',
492 silly audit report       cwe: [Array],
492 silly audit report       cvss: [Object]
492 silly audit report     },
492 silly audit report     {
492 silly audit report       id: 1119607,
492 silly audit report       url: 'https://github.com/advisories/GHSA-2qv6-9wx5-cwv4',
492 silly audit report       title: "LiquidJS's strip_html filter bypass via newline characters in HTML tags enables XSS",
492 silly audit report       severity: 'moderate',
492 silly audit report       vulnerable_versions: '<=10.25.7',
492 silly audit report       cwe: [Array],
492 silly audit report       cvss: [Object]
492 silly audit report     },
492 silly audit report     {
492 silly audit report       id: 1119611,
492 silly audit report       url: 'https://github.com/advisories/GHSA-9x9p-qf8f-mvjg',
492 silly audit report       title: "LiquidJS's `{% render %}` tag silently bypasses per-render `ownPropertyOnly:true` via `Context.spawn()`",
492 silly audit report       severity: 'moderate',
492 silly audit report       vulnerable_versions: '<=10.25.7',
492 silly audit report       cwe: [Array],
492 silly audit report       cvss: [Object]
492 silly audit report     },
492 silly audit report     {
492 silly audit report       id: 1119621,
492 silly audit report       url: 'https://github.com/advisories/GHSA-hh27-hf48-9f5q',
492 silly audit report       title: 'LiquidJS has a memory and render limit bypass via unbounded width padding in `date` filter (strftime)',
492 silly audit report       severity: 'high',
492 silly audit report       vulnerable_versions: '<=10.25.7',
492 silly audit report       cwe: [Array],
492 silly audit report       cvss: [Object]
492 silly audit report     },
492 silly audit report     {
492 silly audit report       id: 1119622,
492 silly audit report       url: 'https://github.com/advisories/GHSA-r7g9-xpmj-5fcq',
492 silly audit report       title: 'LiquidJS Vulnerable to ReDoS via Quadratic Backtracking in `strip_html` Filter Regex',
492 silly audit report       severity: 'high',
492 silly audit report       vulnerable_versions: '<10.26.0',
492 silly audit report       cwe: [Array],
492 silly audit report       cvss: [Object]
492 silly audit report     },
492 silly audit report     {
492 silly audit report       id: 1119623,
492 silly audit report       url: 'https://github.com/advisories/GHSA-gf2q-c269-pqgc',
492 silly audit report       title: 'LiquidJS is Vulnerable to Remote Code Execution',
492 silly audit report       severity: 'critical',
492 silly audit report       vulnerable_versions: '<10.26.0',
492 silly audit report       cwe: [Array],
492 silly audit report       cvss: [Object]
492 silly audit report     },
492 silly audit report     {
492 silly audit report       id: 1114439,
492 silly audit report       url: 'https://github.com/advisories/GHSA-wmfp-5q7x-987x',
492 silly audit report       title: 'liquidjs has a path traversal fallback vulnerability',
492 silly audit report       severity: 'high',
492 silly audit report       vulnerable_versions: '<10.25.0',
492 silly audit report       cwe: [Array],
492 silly audit report       cvss: [Object]
492 silly audit report     },
492 silly audit report     {
492 silly audit report       id: 1115623,
492 silly audit report       url: 'https://github.com/advisories/GHSA-6q5m-63h6-5x4v',
492 silly audit report       title: 'LiquidJS has Exponential Memory Amplification through its replace_first Filter $& Pattern',
492 silly audit report       severity: 'high',
492 silly audit report       vulnerable_versions: '<=10.24.0',
492 silly audit report       cwe: [Array],
492 silly audit report       cvss: [Object]
492 silly audit report     },
492 silly audit report     {
492 silly audit report       id: 1115624,
492 silly audit report       url: 'https://github.com/advisories/GHSA-9r5m-9576-7f6x',
492 silly audit report       title: 'LiquidJS: memoryLimit Bypass through Negative Range Values Leads to Process Crash',
492 silly audit report       severity: 'high',
492 silly audit report       vulnerable_versions: '<=10.24.0',
492 silly audit report       cwe: [Array],
492 silly audit report       cvss: [Object]
492 silly audit report     },
492 silly audit report     {
492 silly audit report       id: 1116336,
492 silly audit report       url: 'https://github.com/advisories/GHSA-v273-448j-v4qj',
492 silly audit report       title: 'LiquidJS: `renderFile()` / `parseFile()` bypass configured `root` and allow arbitrary file read',
492 silly audit report       severity: 'moderate',
492 silly audit report       vulnerable_versions: '<=10.25.4',
492 silly audit report       cwe: [Array],
492 silly audit report       cvss: [Object]
492 silly audit report     },
492 silly audit report     {
492 silly audit report       id: 1116337,
492 silly audit report       url: 'https://github.com/advisories/GHSA-rv5g-f82m-qrvv',
492 silly audit report       title: 'LiquidJS: ownPropertyOnly bypass via sort_natural filter — prototype property information disclosure through sorting side-channel',
492 silly audit report       severity: 'moderate',
492 silly audit report       vulnerable_versions: '<=10.25.3',
492 silly audit report       cwe: [Array],
492 silly audit report       cvss: [Object]
492 silly audit report     },
492 silly audit report     {
492 silly audit report       id: 1116340,
492 silly audit report       url: 'https://github.com/advisories/GHSA-mmg9-6m6j-jqqx',
492 silly audit report       title: 'LiquidJS Has Memory Limit Bypass via Quadratic Amplification in `replace` Filter',
492 silly audit report       severity: 'low',
492 silly audit report       vulnerable_versions: '<=10.25.2',
492 silly audit report       cwe: [Array],
492 silly audit report       cvss: [Object]
492 silly audit report     },
492 silly audit report     {
492 silly audit report       id: 1116474,
492 silly audit report       url: 'https://github.com/advisories/GHSA-56p5-8mhr-2fph',
492 silly audit report       title: 'LiquidJS: Root restriction bypass for partial and layout loading through symlinked templates',
492 silly audit report       severity: 'high',
492 silly audit report       vulnerable_versions: '<=10.25.2',
492 silly audit report       cwe: [Array],
492 silly audit report       cvss: [Object]
492 silly audit report     }
492 silly audit report   ],
492 silly audit report   minimatch: [
492 silly audit report     {
492 silly audit report       id: 1113465,
492 silly audit report       url: 'https://github.com/advisories/GHSA-3ppc-4f35-3m26',
492 silly audit report       title: 'minimatch has a ReDoS via repeated wildcards with non-matching literal in pattern',
492 silly audit report       severity: 'high',
492 silly audit report       vulnerable_versions: '>=9.0.0 <9.0.6',
492 silly audit report       cwe: [Array],
492 silly audit report       cvss: [Object]
492 silly audit report     },
492 silly audit report     {
492 silly audit report       id: 1113544,
492 silly audit report       url: 'https://github.com/advisories/GHSA-7r86-cg39-jmmj',
492 silly audit report       title: 'minimatch has ReDoS: matchOne() combinatorial backtracking via multiple non-adjacent GLOBSTAR segments',
492 silly audit report       severity: 'high',
492 silly audit report       vulnerable_versions: '>=9.0.0 <9.0.7',
492 silly audit report       cwe: [Array],
492 silly audit report       cvss: [Object]
492 silly audit report     },
492 silly audit report     {
492 silly audit report       id: 1113552,
492 silly audit report       url: 'https://github.com/advisories/GHSA-23c5-xmqv-rm74',
492 silly audit report       title: 'minimatch ReDoS: nested *() extglobs generate catastrophically backtracking regular expressions',
492 silly audit report       severity: 'high',
492 silly audit report       vulnerable_versions: '>=9.0.0 <9.0.7',
492 silly audit report       cwe: [Array],
492 silly audit report       cvss: [Object]
492 silly audit report     }
492 silly audit report   ],
492 silly audit report   request: [
492 silly audit report     {
492 silly audit report       id: 1096727,
492 silly audit report       url: 'https://github.com/advisories/GHSA-p8p7-x288-28g6',
492 silly audit report       title: 'Server-Side Request Forgery in Request',
492 silly audit report       severity: 'moderate',
492 silly audit report       vulnerable_versions: '<=2.88.2',
492 silly audit report       cwe: [Array],
492 silly audit report       cvss: [Object]
492 silly audit report     }
492 silly audit report   ],
492 silly audit report   'tough-cookie': [
492 silly audit report     {
492 silly audit report       id: 1097682,
492 silly audit report       url: 'https://github.com/advisories/GHSA-72xf-g2v4-qvf3',
492 silly audit report       title: 'tough-cookie Prototype Pollution vulnerability',
492 silly audit report       severity: 'moderate',
492 silly audit report       vulnerable_versions: '<4.1.3',
492 silly audit report       cwe: [Array],
492 silly audit report       cvss: [Object]
492 silly audit report     }
492 silly audit report   ],
492 silly audit report   uuid: [
492 silly audit report     {
492 silly audit report       id: 1119441,
492 silly audit report       url: 'https://github.com/advisories/GHSA-w5hq-g745-h8pq',
492 silly audit report       title: 'uuid: Missing buffer bounds check in v3/v5/v6 when buf is provided',
492 silly audit report       severity: 'moderate',
492 silly audit report       vulnerable_versions: '<11.1.1',
492 silly audit report       cwe: [Array],
492 silly audit report       cvss: [Object]
492 silly audit report     }
492 silly audit report   ],
492 silly audit report   'simple-git': [
492 silly audit report     {
492 silly audit report       id: 1116607,
492 silly audit report       url: 'https://github.com/advisories/GHSA-jcxm-m3jx-f287',
492 silly audit report       title: 'simple-git Affected by Command Execution via Option-Parsing Bypass',
492 silly audit report       severity: 'high',
492 silly audit report       vulnerable_versions: '<3.32.0',
492 silly audit report       cwe: [Array],
492 silly audit report       cvss: [Object]
492 silly audit report     },
492 silly audit report     {
492 silly audit report       id: 1116612,
492 silly audit report       url: 'https://github.com/advisories/GHSA-r275-fr43-pm7q',
492 silly audit report       title: 'simple-git has blockUnsafeOperationsPlugin bypass via case-insensitive protocol.allow config key enables RCE',
492 silly audit report       severity: 'critical',
492 silly audit report       vulnerable_versions: '>=3.15.0 <3.32.3',
492 silly audit report       cwe: [Array],
492 silly audit report       cvss: [Object]
492 silly audit report     },
492 silly audit report     {
492 silly audit report       id: 1117673,
492 silly audit report       url: 'https://github.com/advisories/GHSA-hffm-xvc3-vprc',
492 silly audit report       title: 'simple-git is vulnerable to Remote Code Execution',
492 silly audit report       severity: 'high',
492 silly audit report       vulnerable_versions: '<3.36.0',
492 silly audit report       cwe: [Array],
492 silly audit report       cvss: [Object]
492 silly audit report     }
492 silly audit report   ],
492 silly audit report   tar: [
492 silly audit report     {
492 silly audit report       id: 1112659,
492 silly audit report       url: 'https://github.com/advisories/GHSA-34x7-hfp2-rc4v',
492 silly audit report       title: 'node-tar Vulnerable to Arbitrary File Creation/Overwrite via Hardlink Path Traversal',
492 silly audit report       severity: 'high',
492 silly audit report       vulnerable_versions: '<7.5.7',
492 silly audit report       cwe: [Array],
492 silly audit report       cvss: [Object]
492 silly audit report     },
492 silly audit report     {
492 silly audit report       id: 1113300,
492 silly audit report       url: 'https://github.com/advisories/GHSA-8qq5-rm4j-mr97',
492 silly audit report       title: 'node-tar is Vulnerable to Arbitrary File Overwrite and Symlink Poisoning via Insufficient Path Sanitization',
492 silly audit report       severity: 'high',
492 silly audit report       vulnerable_versions: '<=7.5.2',
492 silly audit report       cwe: [Array],
492 silly audit report       cvss: [Object]
492 silly audit report     },
492 silly audit report     {
492 silly audit report       id: 1113375,
492 silly audit report       url: 'https://github.com/advisories/GHSA-83g3-92jg-28cx',
492 silly audit report       title: 'Arbitrary File Read/Write via Hardlink Target Escape Through Symlink Chain in node-tar Extraction',
492 silly audit report       severity: 'high',
492 silly audit report       vulnerable_versions: '<7.5.8',
492 silly audit report       cwe: [Array],
492 silly audit report       cvss: [Object]
492 silly audit report     },
492 silly audit report     {
492 silly audit report       id: 1114200,
492 silly audit report       url: 'https://github.com/advisories/GHSA-qffp-2rhf-9h96',
492 silly audit report       title: 'tar has Hardlink Path Traversal via Drive-Relative Linkpath',
492 silly audit report       severity: 'high',
492 silly audit report       vulnerable_versions: '<=7.5.9',
492 silly audit report       cwe: [Array],
492 silly audit report       cvss: [Object]
492 silly audit report     },
492 silly audit report     {
492 silly audit report       id: 1114302,
492 silly audit report       url: 'https://github.com/advisories/GHSA-9ppj-qmqm-q256',
492 silly audit report       title: 'node-tar Symlink Path Traversal via Drive-Relative Linkpath',
492 silly audit report       severity: 'high',
492 silly audit report       vulnerable_versions: '<=7.5.10',
492 silly audit report       cwe: [Array],
492 silly audit report       cvss: [Object]
492 silly audit report     },
492 silly audit report     {
492 silly audit report       id: 1120782,
492 silly audit report       url: 'https://github.com/advisories/GHSA-vmf3-w455-68vh',
492 silly audit report       title: 'node-tar applies PAX size override to intermediary GNU long-name/long-link headers, causing tar parser interpretation differential (file smuggling)',
492 silly audit report       severity: 'moderate',
492 silly audit report       vulnerable_versions: '<=7.5.15',
492 silly audit report       cwe: [Array],
492 silly audit report       cvss: [Object]
492 silly audit report     },
492 silly audit report     {
492 silly audit report       id: 1114680,
492 silly audit report       url: 'https://github.com/advisories/GHSA-r6q2-hw4h-h46w',
492 silly audit report       title: 'Race Condition in node-tar Path Reservations via Unicode Ligature Collisions on macOS APFS',
492 silly audit report       severity: 'high',
492 silly audit report       vulnerable_versions: '<=7.5.3',
492 silly audit report       cwe: [Array],
492 silly audit report       cvss: [Object]
492 silly audit report     }
492 silly audit report   ],
492 silly audit report   'turbo-stream': [
492 silly audit report     {
492 silly audit report       id: 1120080,
492 silly audit report       url: 'https://github.com/advisories/GHSA-rxv8-25v2-qmq8',
492 silly audit report       title: 'React Router vulnerable to Denial of Service via reflected user input in single-fetch',
492 silly audit report       severity: 'high',
492 silly audit report       vulnerable_versions: '<3.0.0',
492 silly audit report       cwe: [Array],
492 silly audit report       cvss: [Object]
492 silly audit report     }
492 silly audit report   ]
492 silly audit report }
493 silly packumentCache corgi:https://registry.npmjs.org/lodash cache-miss
494 silly packumentCache corgi:https://registry.npmjs.org/js-yaml cache-miss
495 silly packumentCache corgi:https://registry.npmjs.org/@opentelemetry%2fcore cache-miss
496 silly packumentCache corgi:https://registry.npmjs.org/ws cache-miss
497 silly packumentCache corgi:https://registry.npmjs.org/cookie cache-miss
498 silly packumentCache corgi:https://registry.npmjs.org/esbuild cache-miss
499 silly packumentCache corgi:https://registry.npmjs.org/express cache-miss
500 silly packumentCache corgi:https://registry.npmjs.org/body-parser cache-miss
501 silly packumentCache corgi:https://registry.npmjs.org/form-data cache-miss
502 silly packumentCache corgi:https://registry.npmjs.org/micromatch cache-miss
503 silly packumentCache corgi:https://registry.npmjs.org/mime cache-miss
504 silly packumentCache corgi:https://registry.npmjs.org/path-to-regexp cache-miss
505 silly packumentCache corgi:https://registry.npmjs.org/send cache-miss
506 silly packumentCache corgi:https://registry.npmjs.org/cross-spawn cache-miss
507 silly packumentCache corgi:https://registry.npmjs.org/diff cache-miss
508 silly packumentCache corgi:https://registry.npmjs.org/estree-util-value-to-estree cache-miss
509 silly packumentCache corgi:https://registry.npmjs.org/qs cache-miss
510 silly packumentCache corgi:https://registry.npmjs.org/serve-static cache-miss
511 silly packumentCache corgi:https://registry.npmjs.org/h3 cache-miss
512 silly packumentCache corgi:https://registry.npmjs.org/liquidjs cache-miss
513 silly packumentCache corgi:https://registry.npmjs.org/minimatch cache-miss
514 silly packumentCache corgi:https://registry.npmjs.org/request cache-miss
515 silly packumentCache corgi:https://registry.npmjs.org/tough-cookie cache-miss
516 silly packumentCache corgi:https://registry.npmjs.org/uuid cache-miss
517 silly packumentCache corgi:https://registry.npmjs.org/simple-git cache-miss
518 silly packumentCache corgi:https://registry.npmjs.org/tar cache-miss
519 silly packumentCache corgi:https://registry.npmjs.org/turbo-stream cache-miss
520 http fetch GET 200 https://registry.npmjs.org/js-yaml 170ms (cache revalidated)
521 silly packumentCache corgi:https://registry.npmjs.org/js-yaml set size:65913 disposed:false
522 http fetch GET 200 https://registry.npmjs.org/cookie 278ms (cache revalidated)
523 silly packumentCache corgi:https://registry.npmjs.org/cookie set size:25657 disposed:false
524 http fetch GET 200 https://registry.npmjs.org/form-data 296ms (cache revalidated)
525 silly packumentCache corgi:https://registry.npmjs.org/form-data set size:55002 disposed:false
526 http fetch GET 200 https://registry.npmjs.org/diff 297ms (cache revalidated)
527 silly packumentCache corgi:https://registry.npmjs.org/diff set size:67741 disposed:false
528 http fetch GET 200 https://registry.npmjs.org/mime 325ms (cache revalidated)
529 silly packumentCache corgi:https://registry.npmjs.org/mime set size:48115 disposed:false
530 http fetch GET 200 https://registry.npmjs.org/cross-spawn 326ms (cache revalidated)
531 silly packumentCache corgi:https://registry.npmjs.org/cross-spawn set size:44626 disposed:false
532 http fetch GET 200 https://registry.npmjs.org/body-parser 329ms (cache revalidated)
533 silly packumentCache corgi:https://registry.npmjs.org/body-parser set size:80054 disposed:false
534 http fetch GET 200 https://registry.npmjs.org/express 331ms (cache revalidated)
535 silly packumentCache corgi:https://registry.npmjs.org/express set size:339376 disposed:false
536 http fetch GET 200 https://registry.npmjs.org/micromatch 335ms (cache revalidated)
537 silly packumentCache corgi:https://registry.npmjs.org/micromatch set size:71776 disposed:false
538 http fetch GET 200 https://registry.npmjs.org/@opentelemetry%2fcore 340ms (cache revalidated)
539 silly packumentCache corgi:https://registry.npmjs.org/@opentelemetry%2fcore set size:383875 disposed:false
540 http fetch GET 200 https://registry.npmjs.org/send 340ms (cache revalidated)
541 silly packumentCache corgi:https://registry.npmjs.org/send set size:63171 disposed:false
542 http fetch GET 200 https://registry.npmjs.org/esbuild 346ms (cache revalidated)
543 silly packumentCache corgi:https://registry.npmjs.org/esbuild set size:887361 disposed:false
544 http fetch GET 200 https://registry.npmjs.org/path-to-regexp 352ms (cache revalidated)
545 silly packumentCache corgi:https://registry.npmjs.org/path-to-regexp set size:66575 disposed:false
546 http fetch GET 200 https://registry.npmjs.org/serve-static 355ms (cache revalidated)
547 silly packumentCache corgi:https://registry.npmjs.org/serve-static set size:58234 disposed:false
548 http fetch GET 200 https://registry.npmjs.org/lodash 367ms (cache updated)
549 silly packumentCache corgi:https://registry.npmjs.org/lodash set size:undefined disposed:false
550 http fetch GET 200 https://registry.npmjs.org/minimatch 363ms (cache revalidated)
551 silly packumentCache corgi:https://registry.npmjs.org/minimatch set size:168441 disposed:false
552 http fetch GET 200 https://registry.npmjs.org/tough-cookie 371ms (cache revalidated)
553 silly packumentCache corgi:https://registry.npmjs.org/tough-cookie set size:56308 disposed:false
554 http fetch GET 200 https://registry.npmjs.org/qs 381ms (cache revalidated)
555 silly packumentCache corgi:https://registry.npmjs.org/qs set size:148003 disposed:false
556 http fetch GET 200 https://registry.npmjs.org/tar 380ms (cache revalidated)
557 silly packumentCache corgi:https://registry.npmjs.org/tar set size:204996 disposed:false
558 http fetch GET 200 https://registry.npmjs.org/request 384ms (cache revalidated)
559 silly packumentCache corgi:https://registry.npmjs.org/request set size:129997 disposed:false
560 http fetch GET 200 https://registry.npmjs.org/uuid 386ms (cache revalidated)
561 silly packumentCache corgi:https://registry.npmjs.org/uuid set size:82973 disposed:false
562 http fetch GET 200 https://registry.npmjs.org/ws 394ms (cache revalidated)
563 silly packumentCache corgi:https://registry.npmjs.org/ws set size:199711 disposed:false
564 http fetch GET 200 https://registry.npmjs.org/liquidjs 414ms (cache revalidated)
565 silly packumentCache corgi:https://registry.npmjs.org/liquidjs set size:566215 disposed:false
566 http fetch GET 200 https://registry.npmjs.org/estree-util-value-to-estree 611ms (cache revalidated)
567 silly packumentCache corgi:https://registry.npmjs.org/estree-util-value-to-estree set size:27177 disposed:false
568 http fetch GET 200 https://registry.npmjs.org/turbo-stream 608ms (cache revalidated)
569 silly packumentCache corgi:https://registry.npmjs.org/turbo-stream set size:20814 disposed:false
570 http fetch GET 200 https://registry.npmjs.org/simple-git 611ms (cache revalidated)
571 silly packumentCache corgi:https://registry.npmjs.org/simple-git set size:332526 disposed:false
572 http fetch GET 200 https://registry.npmjs.org/h3 618ms (cache revalidated)
573 silly packumentCache corgi:https://registry.npmjs.org/h3 set size:235478 disposed:false
574 silly packumentCache corgi:https://registry.npmjs.org/@shopify%2fcli-kit cache-miss
575 info run msgpackr-extract@3.0.4 install { code: 1, signal: null }
576 verbose reify failed optional dependency C:\Users\Venugopal K J\Downloads\new-deskribe-ai-merged\new-deskribe-ai-merged\node_modules\msgpackr-extract
577 silly reify mark deleted [
577 silly reify   'C:\\Users\\Venugopal K J\\Downloads\\new-deskribe-ai-merged\\new-deskribe-ai-merged\\node_modules\\msgpackr-extract',
577 silly reify   'C:\\Users\\Venugopal K J\\Downloads\\new-deskribe-ai-merged\\new-deskribe-ai-merged\\node_modules\\.bin\\download-msgpackr-prebuilds',
577 silly reify   'C:\\Users\\Venugopal K J\\Downloads\\new-deskribe-ai-merged\\new-deskribe-ai-merged\\node_modules\\.bin\\download-msgpackr-prebuilds.cmd',
577 silly reify   'C:\\Users\\Venugopal K J\\Downloads\\new-deskribe-ai-merged\\new-deskribe-ai-merged\\node_modules\\.bin\\download-msgpackr-prebuilds.ps1'
577 silly reify ]
578 verbose reify failed optional dependency C:\Users\Venugopal K J\Downloads\new-deskribe-ai-merged\new-deskribe-ai-merged\node_modules\node-gyp-build-optional-packages
579 silly reify mark deleted [
579 silly reify   'C:\\Users\\Venugopal K J\\Downloads\\new-deskribe-ai-merged\\new-deskribe-ai-merged\\node_modules\\node-gyp-build-optional-packages',
579 silly reify   'C:\\Users\\Venugopal K J\\Downloads\\new-deskribe-ai-merged\\new-deskribe-ai-merged\\node_modules\\.bin\\node-gyp-build-optional-packages',
579 silly reify   'C:\\Users\\Venugopal K J\\Downloads\\new-deskribe-ai-merged\\new-deskribe-ai-merged\\node_modules\\.bin\\node-gyp-build-optional-packages.cmd',
579 silly reify   'C:\\Users\\Venugopal K J\\Downloads\\new-deskribe-ai-merged\\new-deskribe-ai-merged\\node_modules\\.bin\\node-gyp-build-optional-packages.ps1',
579 silly reify   'C:\\Users\\Venugopal K J\\Downloads\\new-deskribe-ai-merged\\new-deskribe-ai-merged\\node_modules\\.bin\\node-gyp-build-optional-packages-optional',
579 silly reify   'C:\\Users\\Venugopal K J\\Downloads\\new-deskribe-ai-merged\\new-deskribe-ai-merged\\node_modules\\.bin\\node-gyp-build-optional-packages-optional.cmd',
579 silly reify   'C:\\Users\\Venugopal K J\\Downloads\\new-deskribe-ai-merged\\new-deskribe-ai-merged\\node_modules\\.bin\\node-gyp-build-optional-packages-optional.ps1',
579 silly reify   'C:\\Users\\Venugopal K J\\Downloads\\new-deskribe-ai-merged\\new-deskribe-ai-merged\\node_modules\\.bin\\node-gyp-build-optional-packages-test',
579 silly reify   'C:\\Users\\Venugopal K J\\Downloads\\new-deskribe-ai-merged\\new-deskribe-ai-merged\\node_modules\\.bin\\node-gyp-build-optional-packages-test.cmd',
579 silly reify   'C:\\Users\\Venugopal K J\\Downloads\\new-deskribe-ai-merged\\new-deskribe-ai-merged\\node_modules\\.bin\\node-gyp-build-optional-packages-test.ps1'
579 silly reify ]
580 verbose reify failed optional dependency C:\Users\Venugopal K J\Downloads\new-deskribe-ai-merged\new-deskribe-ai-merged\node_modules\@msgpackr-extract\msgpackr-extract-darwin-arm64
581 silly reify mark deleted [
581 silly reify   'C:\\Users\\Venugopal K J\\Downloads\\new-deskribe-ai-merged\\new-deskribe-ai-merged\\node_modules\\@msgpackr-extract\\msgpackr-extract-darwin-arm64'
581 silly reify ]
582 verbose reify failed optional dependency C:\Users\Venugopal K J\Downloads\new-deskribe-ai-merged\new-deskribe-ai-merged\node_modules\@msgpackr-extract\msgpackr-extract-darwin-x64
583 silly reify mark deleted [
583 silly reify   'C:\\Users\\Venugopal K J\\Downloads\\new-deskribe-ai-merged\\new-deskribe-ai-merged\\node_modules\\@msgpackr-extract\\msgpackr-extract-darwin-x64'
583 silly reify ]
584 verbose reify failed optional dependency C:\Users\Venugopal K J\Downloads\new-deskribe-ai-merged\new-deskribe-ai-merged\node_modules\@msgpackr-extract\msgpackr-extract-linux-arm
585 silly reify mark deleted [
585 silly reify   'C:\\Users\\Venugopal K J\\Downloads\\new-deskribe-ai-merged\\new-deskribe-ai-merged\\node_modules\\@msgpackr-extract\\msgpackr-extract-linux-arm'
585 silly reify ]
586 verbose reify failed optional dependency C:\Users\Venugopal K J\Downloads\new-deskribe-ai-merged\new-deskribe-ai-merged\node_modules\@msgpackr-extract\msgpackr-extract-linux-arm64
587 silly reify mark deleted [
587 silly reify   'C:\\Users\\Venugopal K J\\Downloads\\new-deskribe-ai-merged\\new-deskribe-ai-merged\\node_modules\\@msgpackr-extract\\msgpackr-extract-linux-arm64'
587 silly reify ]
588 verbose reify failed optional dependency C:\Users\Venugopal K J\Downloads\new-deskribe-ai-merged\new-deskribe-ai-merged\node_modules\@msgpackr-extract\msgpackr-extract-linux-x64
589 silly reify mark deleted [
589 silly reify   'C:\\Users\\Venugopal K J\\Downloads\\new-deskribe-ai-merged\\new-deskribe-ai-merged\\node_modules\\@msgpackr-extract\\msgpackr-extract-linux-x64'
589 silly reify ]
590 verbose reify failed optional dependency C:\Users\Venugopal K J\Downloads\new-deskribe-ai-merged\new-deskribe-ai-merged\node_modules\@msgpackr-extract\msgpackr-extract-win32-x64
591 silly reify mark deleted [
591 silly reify   'C:\\Users\\Venugopal K J\\Downloads\\new-deskribe-ai-merged\\new-deskribe-ai-merged\\node_modules\\@msgpackr-extract\\msgpackr-extract-win32-x64'
591 silly reify ]
592 http fetch GET 200 https://registry.npmjs.org/@shopify%2fcli-kit 2086ms (cache updated)
593 silly packumentCache corgi:https://registry.npmjs.org/@shopify%2fcli-kit set size:undefined disposed:false
594 silly packumentCache corgi:https://registry.npmjs.org/@graphql-codegen%2fplugin-helpers cache-miss
595 http fetch GET 200 https://registry.npmjs.org/@graphql-codegen%2fplugin-helpers 298ms (cache revalidated)
596 silly packumentCache corgi:https://registry.npmjs.org/@graphql-codegen%2fplugin-helpers set size:9947435 disposed:false
597 silly packumentCache corgi:https://registry.npmjs.org/@opentelemetry%2fresources cache-miss
598 silly packumentCache corgi:https://registry.npmjs.org/@opentelemetry%2fsdk-metrics cache-miss
599 silly packumentCache corgi:https://registry.npmjs.org/@opentelemetry%2fexporter-metrics-otlp-http cache-miss
600 silly packumentCache corgi:https://registry.npmjs.org/@opentelemetry%2fotlp-exporter-base cache-miss
601 silly packumentCache corgi:https://registry.npmjs.org/@opentelemetry%2fotlp-transformer cache-miss
602 silly packumentCache corgi:https://registry.npmjs.org/@opentelemetry%2fsdk-logs cache-miss
603 silly packumentCache corgi:https://registry.npmjs.org/@opentelemetry%2fsdk-trace-base cache-miss
604 http fetch GET 200 https://registry.npmjs.org/@opentelemetry%2fsdk-metrics 439ms (cache revalidated)
605 silly packumentCache corgi:https://registry.npmjs.org/@opentelemetry%2fsdk-metrics set size:77591 disposed:false
606 http fetch GET 200 https://registry.npmjs.org/@opentelemetry%2fsdk-logs 452ms (cache revalidated)
607 silly packumentCache corgi:https://registry.npmjs.org/@opentelemetry%2fsdk-logs set size:82314 disposed:false
608 http fetch GET 200 https://registry.npmjs.org/@opentelemetry%2fotlp-exporter-base 494ms (cache revalidated)
609 silly packumentCache corgi:https://registry.npmjs.org/@opentelemetry%2fotlp-exporter-base set size:104519 disposed:false
610 http fetch GET 200 https://registry.npmjs.org/@opentelemetry%2fotlp-transformer 517ms (cache revalidated)
611 silly packumentCache corgi:https://registry.npmjs.org/@opentelemetry%2fotlp-transformer set size:112040 disposed:false
612 http fetch GET 200 https://registry.npmjs.org/@opentelemetry%2fsdk-trace-base 656ms (cache revalidated)
613 silly packumentCache corgi:https://registry.npmjs.org/@opentelemetry%2fsdk-trace-base set size:139017 disposed:false
614 http fetch GET 200 https://registry.npmjs.org/@opentelemetry%2fresources 676ms (cache revalidated)
615 silly packumentCache corgi:https://registry.npmjs.org/@opentelemetry%2fresources set size:344735 disposed:false
616 http fetch GET 200 https://registry.npmjs.org/@opentelemetry%2fexporter-metrics-otlp-http 703ms (cache revalidated)
617 silly packumentCache corgi:https://registry.npmjs.org/@opentelemetry%2fexporter-metrics-otlp-http set size:127997 disposed:false
618 silly packumentCache corgi:https://registry.npmjs.org/@shopify%2fapp cache-miss
619 http fetch GET 200 https://registry.npmjs.org/@shopify%2fapp 738ms (cache revalidated)
620 silly packumentCache corgi:https://registry.npmjs.org/@shopify%2fapp set size:1310545 disposed:false
621 silly packumentCache corgi:https://registry.npmjs.org/@luckycatfactory%2fesbuild-graphql-loader cache-miss
622 silly packumentCache corgi:https://registry.npmjs.org/@remix-run%2fdev cache-miss
623 silly packumentCache corgi:https://registry.npmjs.org/@vanilla-extract%2fintegration cache-miss
624 silly packumentCache corgi:https://registry.npmjs.org/esbuild-plugins-node-modules-polyfill cache-miss
625 http fetch GET 200 https://registry.npmjs.org/esbuild-plugins-node-modules-polyfill 294ms (cache revalidated)
626 silly packumentCache corgi:https://registry.npmjs.org/esbuild-plugins-node-modules-polyfill set size:674049 disposed:false
627 http fetch GET 200 https://registry.npmjs.org/@vanilla-extract%2fintegration 670ms (cache revalidated)
628 silly packumentCache corgi:https://registry.npmjs.org/@vanilla-extract%2fintegration set size:218151 disposed:false
629 http fetch GET 200 https://registry.npmjs.org/@remix-run%2fdev 693ms (cache revalidated)
630 silly packumentCache corgi:https://registry.npmjs.org/@remix-run%2fdev set size:3287516 disposed:false
631 http fetch GET 200 https://registry.npmjs.org/@luckycatfactory%2fesbuild-graphql-loader 737ms (cache revalidated)
632 silly packumentCache corgi:https://registry.npmjs.org/@luckycatfactory%2fesbuild-graphql-loader set size:33744 disposed:false
633 silly packumentCache corgi:https://registry.npmjs.org/@shopify%2fcli cache-miss
634 http fetch GET 200 https://registry.npmjs.org/@shopify%2fcli 1555ms (cache updated)
635 silly packumentCache corgi:https://registry.npmjs.org/@shopify%2fcli set size:undefined disposed:false
636 silly packumentCache corgi:https://registry.npmjs.org/force cache-miss
637 http fetch GET 200 https://registry.npmjs.org/force 330ms (cache revalidated)
638 silly packumentCache corgi:https://registry.npmjs.org/force set size:1871 disposed:false
639 silly packumentCache corgi:https://registry.npmjs.org/execa cache-miss
640 http fetch GET 200 https://registry.npmjs.org/execa 74ms (cache revalidated)
641 silly packumentCache corgi:https://registry.npmjs.org/execa set size:88813 disposed:false
642 silly packumentCache corgi:https://registry.npmjs.org/uvu cache-miss
643 http fetch GET 200 https://registry.npmjs.org/uvu 294ms (cache revalidated)
644 silly packumentCache corgi:https://registry.npmjs.org/uvu set size:79888 disposed:false
645 silly packumentCache corgi:https://registry.npmjs.org/remark-mdx-frontmatter cache-miss
646 http fetch GET 200 https://registry.npmjs.org/remark-mdx-frontmatter 270ms (cache revalidated)
647 silly packumentCache corgi:https://registry.npmjs.org/remark-mdx-frontmatter set size:26447 disposed:false
648 silly packumentCache corgi:https://registry.npmjs.org/@eslint%2feslintrc cache-miss
649 silly packumentCache corgi:https://registry.npmjs.org/@humanwhocodes%2fconfig-array cache-miss
650 silly packumentCache corgi:https://registry.npmjs.org/@shopify%2ftheme-check-common cache-miss
651 silly packumentCache corgi:https://registry.npmjs.org/glob cache-miss
652 silly packumentCache corgi:https://registry.npmjs.org/eslint cache-miss
653 silly packumentCache corgi:https://registry.npmjs.org/eslint-plugin-import cache-miss
654 silly packumentCache corgi:https://registry.npmjs.org/eslint-plugin-jsx-a11y cache-miss
655 silly packumentCache corgi:https://registry.npmjs.org/eslint-plugin-node cache-miss
656 silly packumentCache corgi:https://registry.npmjs.org/eslint-plugin-react cache-miss
657 silly packumentCache corgi:https://registry.npmjs.org/filelist cache-miss
658 silly packumentCache corgi:https://registry.npmjs.org/graphql-config cache-miss
659 silly packumentCache corgi:https://registry.npmjs.org/readdir-glob cache-miss
660 http fetch GET 200 https://registry.npmjs.org/glob 310ms (cache revalidated)
661 silly packumentCache corgi:https://registry.npmjs.org/glob set size:199194 disposed:false
662 http fetch GET 200 https://registry.npmjs.org/eslint-plugin-react 326ms (cache revalidated)
663 silly packumentCache corgi:https://registry.npmjs.org/eslint-plugin-react set size:309843 disposed:false
664 http fetch GET 200 https://registry.npmjs.org/eslint-plugin-import 358ms (cache revalidated)
665 silly packumentCache corgi:https://registry.npmjs.org/eslint-plugin-import set size:238396 disposed:false
666 http fetch GET 200 https://registry.npmjs.org/eslint-plugin-jsx-a11y 371ms (cache revalidated)
667 silly packumentCache corgi:https://registry.npmjs.org/eslint-plugin-jsx-a11y set size:108835 disposed:false
668 http fetch GET 200 https://registry.npmjs.org/eslint 385ms (cache revalidated)
669 silly packumentCache corgi:https://registry.npmjs.org/eslint set size:1166243 disposed:false
670 http fetch GET 200 https://registry.npmjs.org/readdir-glob 417ms (cache revalidated)
671 silly packumentCache corgi:https://registry.npmjs.org/readdir-glob set size:12111 disposed:false
672 http fetch GET 200 https://registry.npmjs.org/filelist 419ms (cache revalidated)
673 silly packumentCache corgi:https://registry.npmjs.org/filelist set size:11409 disposed:false
674 http fetch GET 200 https://registry.npmjs.org/@eslint%2feslintrc 435ms (cache revalidated)
675 silly packumentCache corgi:https://registry.npmjs.org/@eslint%2feslintrc set size:83205 disposed:false
676 http fetch GET 200 https://registry.npmjs.org/eslint-plugin-node 509ms (cache revalidated)
677 silly packumentCache corgi:https://registry.npmjs.org/eslint-plugin-node set size:65154 disposed:false
678 http fetch GET 200 https://registry.npmjs.org/graphql-config 533ms (cache revalidated)
679 silly packumentCache corgi:https://registry.npmjs.org/graphql-config set size:758216 disposed:false
680 http fetch GET 200 https://registry.npmjs.org/@humanwhocodes%2fconfig-array 573ms (cache revalidated)
681 silly packumentCache corgi:https://registry.npmjs.org/@humanwhocodes%2fconfig-array set size:69299 disposed:false
682 http fetch GET 200 https://registry.npmjs.org/@shopify%2ftheme-check-common 942ms (cache revalidated)
683 silly packumentCache corgi:https://registry.npmjs.org/@shopify%2ftheme-check-common set size:72642 disposed:false
684 silly packumentCache corgi:https://registry.npmjs.org/cacache cache-miss
685 http fetch GET 200 https://registry.npmjs.org/cacache 316ms (cache revalidated)
686 silly packumentCache corgi:https://registry.npmjs.org/cacache set size:158807 disposed:false
687 silly packumentCache corgi:https://registry.npmjs.org/@remix-run%2freact cache-miss
688 silly packumentCache corgi:https://registry.npmjs.org/@remix-run%2fserver-runtime cache-miss
689 http fetch GET 200 https://registry.npmjs.org/@remix-run%2freact 680ms (cache revalidated)
690 silly packumentCache corgi:https://registry.npmjs.org/@remix-run%2freact set size:1661131 disposed:false
691 http fetch GET 200 https://registry.npmjs.org/@remix-run%2fserver-runtime 739ms (cache revalidated)
692 silly packumentCache corgi:https://registry.npmjs.org/@remix-run%2fserver-runtime set size:1622572 disposed:false
693 silly packumentCache corgi:https://registry.npmjs.org/@shopify%2fcreate-app cache-miss
694 silly packumentCache corgi:https://registry.npmjs.org/@shopify%2fplugin-cloudflare cache-miss
695 http fetch GET 200 https://registry.npmjs.org/@shopify%2fplugin-cloudflare 4085ms (cache updated)
696 silly packumentCache corgi:https://registry.npmjs.org/@shopify%2fplugin-cloudflare set size:undefined disposed:false
697 http fetch GET 200 https://registry.npmjs.org/@shopify%2fcreate-app 11084ms (cache updated)
698 silly packumentCache corgi:https://registry.npmjs.org/@shopify%2fcreate-app set size:undefined disposed:false
699 silly packumentCache corgi:https://registry.npmjs.org/@graphql-codegen%2fadd cache-miss
700 silly packumentCache corgi:https://registry.npmjs.org/@graphql-codegen%2fcli cache-miss
701 silly packumentCache corgi:https://registry.npmjs.org/@graphql-codegen%2fclient-preset cache-miss
702 silly packumentCache corgi:https://registry.npmjs.org/@graphql-codegen%2fschema-ast cache-miss
703 silly packumentCache corgi:https://registry.npmjs.org/@graphql-codegen%2ftypescript cache-miss
704 silly packumentCache corgi:https://registry.npmjs.org/@graphql-codegen%2fcore cache-miss
705 silly packumentCache corgi:https://registry.npmjs.org/@graphql-codegen%2fgql-tag-operations cache-miss
706 silly packumentCache corgi:https://registry.npmjs.org/@graphql-codegen%2fvisitor-plugin-common cache-miss
707 silly packumentCache corgi:https://registry.npmjs.org/@graphql-codegen%2fintrospection cache-miss
708 silly packumentCache corgi:https://registry.npmjs.org/@graphql-codegen%2ftyped-document-node cache-miss
709 silly packumentCache corgi:https://registry.npmjs.org/@graphql-codegen%2ftypescript-operations cache-miss
710 http fetch GET 200 https://registry.npmjs.org/@graphql-codegen%2ftypescript 392ms (cache revalidated)
711 silly packumentCache corgi:https://registry.npmjs.org/@graphql-codegen%2ftypescript set size:11024066 disposed:false
712 http fetch GET 200 https://registry.npmjs.org/@graphql-codegen%2fcore 741ms (cache revalidated)
713 silly packumentCache corgi:https://registry.npmjs.org/@graphql-codegen%2fcore set size:8749549 disposed:false
714 http fetch GET 200 https://registry.npmjs.org/@graphql-codegen%2fintrospection 1273ms (cache revalidated)
715 silly packumentCache corgi:https://registry.npmjs.org/@graphql-codegen%2fintrospection set size:8840520 disposed:false
716 http fetch GET 200 https://registry.npmjs.org/@graphql-codegen%2ftyped-document-node 1522ms (cache revalidated)
717 silly packumentCache corgi:https://registry.npmjs.org/@graphql-codegen%2ftyped-document-node set size:4075573 disposed:false
718 http fetch GET 200 https://registry.npmjs.org/@graphql-codegen%2ftypescript-operations 1675ms (cache revalidated)
719 silly packumentCache corgi:https://registry.npmjs.org/@graphql-codegen%2ftypescript-operations set size:11554328 disposed:false
720 http fetch GET 200 https://registry.npmjs.org/@graphql-codegen%2fschema-ast 2197ms (cache revalidated)
721 silly packumentCache corgi:https://registry.npmjs.org/@graphql-codegen%2fschema-ast set size:8684604 disposed:false
722 http fetch GET 200 https://registry.npmjs.org/@graphql-codegen%2fclient-preset 2374ms (cache revalidated)
723 silly packumentCache corgi:https://registry.npmjs.org/@graphql-codegen%2fclient-preset set size:5120546 disposed:false
724 http fetch GET 200 https://registry.npmjs.org/@graphql-codegen%2fadd 2476ms (cache revalidated)
725 silly packumentCache corgi:https://registry.npmjs.org/@graphql-codegen%2fadd set size:7992670 disposed:false
726 http fetch GET 200 https://registry.npmjs.org/@graphql-codegen%2fgql-tag-operations 2772ms (cache revalidated)
727 silly packumentCache corgi:https://registry.npmjs.org/@graphql-codegen%2fgql-tag-operations set size:4011654 disposed:false
728 http fetch GET 200 https://registry.npmjs.org/@graphql-codegen%2fvisitor-plugin-common 2880ms (cache revalidated)
729 silly packumentCache corgi:https://registry.npmjs.org/@graphql-codegen%2fvisitor-plugin-common set size:12068720 disposed:false
730 http fetch GET 200 https://registry.npmjs.org/@graphql-codegen%2fcli 3243ms (cache revalidated)
731 silly packumentCache corgi:https://registry.npmjs.org/@graphql-codegen%2fcli set size:17033084 disposed:false
732 silly packumentCache corgi:https://registry.npmjs.org/@remix-run%2ffs-routes cache-miss
733 silly packumentCache corgi:https://registry.npmjs.org/@remix-run%2froute-config cache-miss
734 http fetch GET 200 https://registry.npmjs.org/@remix-run%2froute-config 661ms (cache revalidated)
735 silly packumentCache corgi:https://registry.npmjs.org/@remix-run%2froute-config set size:56119 disposed:false
736 http fetch GET 200 https://registry.npmjs.org/@remix-run%2ffs-routes 690ms (cache revalidated)
737 silly packumentCache corgi:https://registry.npmjs.org/@remix-run%2ffs-routes set size:56058 disposed:false
738 silly packumentCache corgi:https://registry.npmjs.org/pid-from-port cache-miss
739 http fetch GET 200 https://registry.npmjs.org/pid-from-port 337ms (cache revalidated)
740 silly packumentCache corgi:https://registry.npmjs.org/pid-from-port set size:3922 disposed:false
741 silly packumentCache corgi:https://registry.npmjs.org/@shopify%2ftheme-check-node cache-miss
742 silly packumentCache corgi:https://registry.npmjs.org/archiver-utils cache-miss
743 silly packumentCache corgi:https://registry.npmjs.org/@npmcli%2fpackage-json cache-miss
744 silly packumentCache corgi:https://registry.npmjs.org/rimraf cache-miss
745 http fetch GET 200 https://registry.npmjs.org/rimraf 174ms (cache miss)
746 silly packumentCache corgi:https://registry.npmjs.org/rimraf set size:undefined disposed:false
747 http fetch GET 200 https://registry.npmjs.org/archiver-utils 399ms (cache miss)
748 silly packumentCache corgi:https://registry.npmjs.org/archiver-utils set size:undefined disposed:false
749 http fetch GET 200 https://registry.npmjs.org/@npmcli%2fpackage-json 500ms (cache miss)
750 silly packumentCache corgi:https://registry.npmjs.org/@npmcli%2fpackage-json set size:undefined disposed:false
751 http fetch GET 200 https://registry.npmjs.org/@shopify%2ftheme-check-node 909ms (cache miss)
752 silly packumentCache corgi:https://registry.npmjs.org/@shopify%2ftheme-check-node set size:undefined disposed:false
753 silly packumentCache corgi:https://registry.npmjs.org/@remix-run%2feslint-config cache-miss
754 http fetch GET 200 https://registry.npmjs.org/@remix-run%2feslint-config 1690ms (cache miss)
755 silly packumentCache corgi:https://registry.npmjs.org/@remix-run%2feslint-config set size:undefined disposed:false
756 silly packumentCache corgi:https://registry.npmjs.org/eslint-import-resolver-typescript cache-miss
757 http fetch GET 200 https://registry.npmjs.org/eslint-import-resolver-typescript 440ms (cache miss)
758 silly packumentCache corgi:https://registry.npmjs.org/eslint-import-resolver-typescript set size:undefined disposed:false
759 silly packumentCache corgi:https://registry.npmjs.org/@babel%2feslint-parser cache-miss
760 silly packumentCache corgi:https://registry.npmjs.org/@eslint-community%2feslint-utils cache-miss
761 silly packumentCache corgi:https://registry.npmjs.org/@typescript-eslint%2feslint-plugin cache-miss
762 silly packumentCache corgi:https://registry.npmjs.org/@typescript-eslint%2fparser cache-miss
763 silly packumentCache corgi:https://registry.npmjs.org/@typescript-eslint%2ftype-utils cache-miss
764 silly packumentCache corgi:https://registry.npmjs.org/@typescript-eslint%2futils cache-miss
765 silly packumentCache corgi:https://registry.npmjs.org/eslint-config-prettier cache-miss
766 silly packumentCache corgi:https://registry.npmjs.org/eslint-plugin-es cache-miss
767 silly packumentCache corgi:https://registry.npmjs.org/eslint-plugin-jest cache-miss
768 silly packumentCache corgi:https://registry.npmjs.org/eslint-plugin-jest-dom cache-miss
769 silly packumentCache corgi:https://registry.npmjs.org/eslint-plugin-react-hooks cache-miss
770 silly packumentCache corgi:https://registry.npmjs.org/eslint-plugin-testing-library cache-miss
771 http fetch GET 200 https://registry.npmjs.org/@eslint-community%2feslint-utils 374ms (cache miss)
772 silly packumentCache corgi:https://registry.npmjs.org/@eslint-community%2feslint-utils set size:undefined disposed:false
773 http fetch GET 200 https://registry.npmjs.org/eslint-config-prettier 403ms (cache miss)
774 silly packumentCache corgi:https://registry.npmjs.org/eslint-config-prettier set size:undefined disposed:false
775 http fetch GET 200 https://registry.npmjs.org/eslint-plugin-es 576ms (cache miss)
776 silly packumentCache corgi:https://registry.npmjs.org/eslint-plugin-es set size:undefined disposed:false
777 http fetch GET 200 https://registry.npmjs.org/eslint-plugin-jest-dom 1186ms (cache miss)
778 silly packumentCache corgi:https://registry.npmjs.org/eslint-plugin-jest-dom set size:undefined disposed:false
779 http fetch GET 200 https://registry.npmjs.org/eslint-plugin-testing-library 1403ms (cache miss)
780 silly packumentCache corgi:https://registry.npmjs.org/eslint-plugin-testing-library set size:undefined disposed:false
781 http fetch GET 200 https://registry.npmjs.org/eslint-plugin-jest 1536ms (cache miss)
782 silly packumentCache corgi:https://registry.npmjs.org/eslint-plugin-jest set size:undefined disposed:false
783 http fetch GET 200 https://registry.npmjs.org/@babel%2feslint-parser 1820ms (cache miss)
784 silly packumentCache corgi:https://registry.npmjs.org/@babel%2feslint-parser set size:undefined disposed:false
785 http fetch GET 200 https://registry.npmjs.org/eslint-plugin-react-hooks 2187ms (cache miss)
786 silly packumentCache corgi:https://registry.npmjs.org/eslint-plugin-react-hooks set size:undefined disposed:false
787 http fetch GET 200 https://registry.npmjs.org/@typescript-eslint%2futils 4022ms (cache miss)
788 silly packumentCache corgi:https://registry.npmjs.org/@typescript-eslint%2futils set size:undefined disposed:false
789 http fetch GET 200 https://registry.npmjs.org/@typescript-eslint%2ftype-utils 4388ms (cache miss)
790 silly packumentCache corgi:https://registry.npmjs.org/@typescript-eslint%2ftype-utils set size:undefined disposed:false
791 http fetch GET 200 https://registry.npmjs.org/@typescript-eslint%2feslint-plugin 5759ms (cache miss)
792 silly packumentCache corgi:https://registry.npmjs.org/@typescript-eslint%2feslint-plugin set size:undefined disposed:false
793 http fetch GET 200 https://registry.npmjs.org/@typescript-eslint%2fparser 6302ms (cache miss)
794 silly packumentCache corgi:https://registry.npmjs.org/@typescript-eslint%2fparser set size:undefined disposed:false
795 silly packumentCache corgi:https://registry.npmjs.org/archiver cache-miss
796 http fetch GET 200 https://registry.npmjs.org/archiver 301ms (cache miss)
797 silly packumentCache corgi:https://registry.npmjs.org/archiver set size:undefined disposed:false
798 silly packumentCache corgi:https://registry.npmjs.org/jake cache-miss
799 http fetch GET 200 https://registry.npmjs.org/jake 173ms (cache miss)
800 silly packumentCache corgi:https://registry.npmjs.org/jake set size:undefined disposed:false
801 silly packumentCache corgi:https://registry.npmjs.org/@shopify%2ftheme-check-docs-updater cache-miss
802 http fetch GET 200 https://registry.npmjs.org/@shopify%2ftheme-check-docs-updater 669ms (cache miss)
803 silly packumentCache corgi:https://registry.npmjs.org/@shopify%2ftheme-check-docs-updater set size:undefined disposed:false
804 silly packumentCache corgi:https://registry.npmjs.org/@shopify%2fshopify-app-remix cache-miss
805 http fetch GET 200 https://registry.npmjs.org/@shopify%2fshopify-app-remix 795ms (cache revalidated)
806 silly packumentCache corgi:https://registry.npmjs.org/@shopify%2fshopify-app-remix set size:89456 disposed:false
807 silly packumentCache corgi:https://registry.npmjs.org/@remix-run%2fnode cache-miss
808 http fetch GET 200 https://registry.npmjs.org/@remix-run%2fnode 746ms (cache revalidated)
809 silly packumentCache corgi:https://registry.npmjs.org/@remix-run%2fnode set size:1683020 disposed:false
810 silly packumentCache corgi:https://registry.npmjs.org/@shopify%2fgraphql-codegen cache-miss
811 http fetch GET 200 https://registry.npmjs.org/@shopify%2fgraphql-codegen 71076ms (cache revalidated)
812 silly packumentCache corgi:https://registry.npmjs.org/@shopify%2fgraphql-codegen set size:3705 disposed:false
813 silly packumentCache corgi:https://registry.npmjs.org/@shopify%2fapi-codegen-preset cache-miss
814 http fetch GET 200 https://registry.npmjs.org/@shopify%2fapi-codegen-preset 669ms (cache revalidated)
815 silly packumentCache corgi:https://registry.npmjs.org/@shopify%2fapi-codegen-preset set size:22698 disposed:false
816 silly packumentCache corgi:https://registry.npmjs.org/kill-port-process cache-miss
817 http fetch GET 200 https://registry.npmjs.org/kill-port-process 582ms (cache miss)
818 silly packumentCache corgi:https://registry.npmjs.org/kill-port-process set size:undefined disposed:false
819 silly packumentCache corgi:https://registry.npmjs.org/zip-stream cache-miss
820 http fetch GET 200 https://registry.npmjs.org/zip-stream 504ms (cache miss)
821 silly packumentCache corgi:https://registry.npmjs.org/zip-stream set size:undefined disposed:false
822 silly packumentCache corgi:https://registry.npmjs.org/@remix-run%2fexpress cache-miss
823 silly packumentCache corgi:https://registry.npmjs.org/@remix-run%2fserve cache-miss
824 http fetch GET 200 https://registry.npmjs.org/@remix-run%2fserve 3178ms (cache miss)
825 silly packumentCache corgi:https://registry.npmjs.org/@remix-run%2fserve set size:undefined disposed:false
826 http fetch GET 200 https://registry.npmjs.org/@remix-run%2fexpress 5198ms (cache miss)
827 silly packumentCache corgi:https://registry.npmjs.org/@remix-run%2fexpress set size:undefined disposed:false
828 silly ADD
829 silly ADD
830 verbose cwd C:\Users\Venugopal K J\Downloads\new-deskribe-ai-merged\new-deskribe-ai-merged
831 verbose os Windows_NT 10.0.26200
832 verbose node v24.16.0
833 verbose npm  v11.11.1
834 verbose exit 0
835 info ok
