0 verbose cli C:\Program Files\nodejs\node.exe C:\Users\Venugopal K J\AppData\Roaming\npm\node_modules\npm\bin\npm-cli.js
1 info using npm@11.11.1
2 info using node@v24.16.0
3 silly config load:file:C:\Users\Venugopal K J\AppData\Roaming\npm\node_modules\npm\npmrc
4 silly config load:file:C:\Users\Venugopal K J\Downloads\new-deskribe-ai-merged\new-deskribe-ai-merged\.npmrc
5 silly config load:file:C:\Users\Venugopal K J\.npmrc
6 silly config load:file:C:\Users\Venugopal K J\AppData\Roaming\npm\etc\npmrc
7 verbose title npm install @prisma/adapter-pg pg
8 verbose argv "install" "@prisma/adapter-pg" "pg" "--cache" ".\\.npm-cache"
9 verbose logfile logs-max:10 dir:C:\Users\Venugopal K J\Downloads\new-deskribe-ai-merged\new-deskribe-ai-merged\.npm-cache\_logs\2026-07-05T08_19_30_359Z-
10 verbose logfile C:\Users\Venugopal K J\Downloads\new-deskribe-ai-merged\new-deskribe-ai-merged\.npm-cache\_logs\2026-07-05T08_19_30_359Z-debug-0.log
11 silly logfile done cleaning log files
12 silly packumentCache heap:4496293888 maxSize:1124073472 maxEntrySize:562036736
13 verbose shrinkwrap failed to load node_modules/.package-lock.json out of date, updated: node_modules/prisma
14 silly Conflicting override sets <ref *1> OverrideSet {
14 silly Conflicting override sets   parent: OverrideSet {
14 silly Conflicting override sets     parent: undefined,
14 silly Conflicting override sets     children: Map(5) {
14 silly Conflicting override sets       '@graphql-tools/url-loader' => [OverrideSet],
14 silly Conflicting override sets       '@graphql-codegen/client-preset' => [Circular *1],
14 silly Conflicting override sets       '@graphql-codegen/typescript-operations' => [OverrideSet],
14 silly Conflicting override sets       'minimatch' => [OverrideSet],
14 silly Conflicting override sets       'vite' => [OverrideSet]
14 silly Conflicting override sets     }
14 silly Conflicting override sets   },
14 silly Conflicting override sets   children: Map(0) {},
14 silly Conflicting override sets   name: '@graphql-codegen/client-preset',
14 silly Conflicting override sets   key: '@graphql-codegen/client-preset',
14 silly Conflicting override sets   keySpec: '*',
14 silly Conflicting override sets   value: '4.7.0'
14 silly Conflicting override sets } <ref *1> OverrideSet {
14 silly Conflicting override sets   parent: OverrideSet {
14 silly Conflicting override sets     parent: undefined,
14 silly Conflicting override sets     children: Map(5) {
14 silly Conflicting override sets       '@graphql-tools/url-loader' => [OverrideSet],
14 silly Conflicting override sets       '@graphql-codegen/client-preset' => [OverrideSet],
14 silly Conflicting override sets       '@graphql-codegen/typescript-operations' => [Circular *1],
14 silly Conflicting override sets       'minimatch' => [OverrideSet],
14 silly Conflicting override sets       'vite' => [OverrideSet]
14 silly Conflicting override sets     }
14 silly Conflicting override sets   },
14 silly Conflicting override sets   children: Map(0) {},
14 silly Conflicting override sets   name: '@graphql-codegen/typescript-operations',
14 silly Conflicting override sets   key: '@graphql-codegen/typescript-operations',
14 silly Conflicting override sets   keySpec: '*',
14 silly Conflicting override sets   value: '4.5.0'
14 silly Conflicting override sets }
15 silly Conflicting override sets @graphql-codegen/plugin-helpers
16 silly Conflicting override sets <ref *1> OverrideSet {
16 silly Conflicting override sets   parent: OverrideSet {
16 silly Conflicting override sets     parent: undefined,
16 silly Conflicting override sets     children: Map(5) {
16 silly Conflicting override sets       '@graphql-tools/url-loader' => [OverrideSet],
16 silly Conflicting override sets       '@graphql-codegen/client-preset' => [Circular *1],
16 silly Conflicting override sets       '@graphql-codegen/typescript-operations' => [OverrideSet],
16 silly Conflicting override sets       'minimatch' => [OverrideSet],
16 silly Conflicting override sets       'vite' => [OverrideSet]
16 silly Conflicting override sets     }
16 silly Conflicting override sets   },
16 silly Conflicting override sets   children: Map(0) {},
16 silly Conflicting override sets   name: '@graphql-codegen/client-preset',
16 silly Conflicting override sets   key: '@graphql-codegen/client-preset',
16 silly Conflicting override sets   keySpec: '*',
16 silly Conflicting override sets   value: '4.7.0'
16 silly Conflicting override sets } <ref *1> OverrideSet {
16 silly Conflicting override sets   parent: OverrideSet {
16 silly Conflicting override sets     parent: undefined,
16 silly Conflicting override sets     children: Map(5) {
16 silly Conflicting override sets       '@graphql-tools/url-loader' => [OverrideSet],
16 silly Conflicting override sets       '@graphql-codegen/client-preset' => [OverrideSet],
16 silly Conflicting override sets       '@graphql-codegen/typescript-operations' => [Circular *1],
16 silly Conflicting override sets       'minimatch' => [OverrideSet],
16 silly Conflicting override sets       'vite' => [OverrideSet]
16 silly Conflicting override sets     }
16 silly Conflicting override sets   },
16 silly Conflicting override sets   children: Map(0) {},
16 silly Conflicting override sets   name: '@graphql-codegen/typescript-operations',
16 silly Conflicting override sets   key: '@graphql-codegen/typescript-operations',
16 silly Conflicting override sets   keySpec: '*',
16 silly Conflicting override sets   value: '4.5.0'
16 silly Conflicting override sets }
17 silly Conflicting override sets @graphql-codegen/plugin-helpers
18 silly Conflicting override sets <ref *1> OverrideSet {
18 silly Conflicting override sets   parent: OverrideSet {
18 silly Conflicting override sets     parent: undefined,
18 silly Conflicting override sets     children: Map(5) {
18 silly Conflicting override sets       '@graphql-tools/url-loader' => [OverrideSet],
18 silly Conflicting override sets       '@graphql-codegen/client-preset' => [Circular *1],
18 silly Conflicting override sets       '@graphql-codegen/typescript-operations' => [OverrideSet],
18 silly Conflicting override sets       'minimatch' => [OverrideSet],
18 silly Conflicting override sets       'vite' => [OverrideSet]
18 silly Conflicting override sets     }
18 silly Conflicting override sets   },
18 silly Conflicting override sets   children: Map(0) {},
18 silly Conflicting override sets   name: '@graphql-codegen/client-preset',
18 silly Conflicting override sets   key: '@graphql-codegen/client-preset',
18 silly Conflicting override sets   keySpec: '*',
18 silly Conflicting override sets   value: '4.7.0'
18 silly Conflicting override sets } <ref *1> OverrideSet {
18 silly Conflicting override sets   parent: OverrideSet {
18 silly Conflicting override sets     parent: undefined,
18 silly Conflicting override sets     children: Map(5) {
18 silly Conflicting override sets       '@graphql-tools/url-loader' => [OverrideSet],
18 silly Conflicting override sets       '@graphql-codegen/client-preset' => [OverrideSet],
18 silly Conflicting override sets       '@graphql-codegen/typescript-operations' => [Circular *1],
18 silly Conflicting override sets       'minimatch' => [OverrideSet],
18 silly Conflicting override sets       'vite' => [OverrideSet]
18 silly Conflicting override sets     }
18 silly Conflicting override sets   },
18 silly Conflicting override sets   children: Map(0) {},
18 silly Conflicting override sets   name: '@graphql-codegen/typescript-operations',
18 silly Conflicting override sets   key: '@graphql-codegen/typescript-operations',
18 silly Conflicting override sets   keySpec: '*',
18 silly Conflicting override sets   value: '4.5.0'
18 silly Conflicting override sets }
19 silly Conflicting override sets @graphql-codegen/plugin-helpers
20 silly Conflicting override sets <ref *1> OverrideSet {
20 silly Conflicting override sets   parent: OverrideSet {
20 silly Conflicting override sets     parent: undefined,
20 silly Conflicting override sets     children: Map(5) {
20 silly Conflicting override sets       '@graphql-tools/url-loader' => [OverrideSet],
20 silly Conflicting override sets       '@graphql-codegen/client-preset' => [Circular *1],
20 silly Conflicting override sets       '@graphql-codegen/typescript-operations' => [OverrideSet],
20 silly Conflicting override sets       'minimatch' => [OverrideSet],
20 silly Conflicting override sets       'vite' => [OverrideSet]
20 silly Conflicting override sets     }
20 silly Conflicting override sets   },
20 silly Conflicting override sets   children: Map(0) {},
20 silly Conflicting override sets   name: '@graphql-codegen/client-preset',
20 silly Conflicting override sets   key: '@graphql-codegen/client-preset',
20 silly Conflicting override sets   keySpec: '*',
20 silly Conflicting override sets   value: '4.7.0'
20 silly Conflicting override sets } <ref *1> OverrideSet {
20 silly Conflicting override sets   parent: OverrideSet {
20 silly Conflicting override sets     parent: undefined,
20 silly Conflicting override sets     children: Map(5) {
20 silly Conflicting override sets       '@graphql-tools/url-loader' => [OverrideSet],
20 silly Conflicting override sets       '@graphql-codegen/client-preset' => [OverrideSet],
20 silly Conflicting override sets       '@graphql-codegen/typescript-operations' => [Circular *1],
20 silly Conflicting override sets       'minimatch' => [OverrideSet],
20 silly Conflicting override sets       'vite' => [OverrideSet]
20 silly Conflicting override sets     }
20 silly Conflicting override sets   },
20 silly Conflicting override sets   children: Map(0) {},
20 silly Conflicting override sets   name: '@graphql-codegen/typescript-operations',
20 silly Conflicting override sets   key: '@graphql-codegen/typescript-operations',
20 silly Conflicting override sets   keySpec: '*',
20 silly Conflicting override sets   value: '4.5.0'
20 silly Conflicting override sets }
21 silly Conflicting override sets @graphql-tools/utils
22 silly Conflicting override sets <ref *1> OverrideSet {
22 silly Conflicting override sets   parent: OverrideSet {
22 silly Conflicting override sets     parent: undefined,
22 silly Conflicting override sets     children: Map(5) {
22 silly Conflicting override sets       '@graphql-tools/url-loader' => [OverrideSet],
22 silly Conflicting override sets       '@graphql-codegen/client-preset' => [Circular *1],
22 silly Conflicting override sets       '@graphql-codegen/typescript-operations' => [OverrideSet],
22 silly Conflicting override sets       'minimatch' => [OverrideSet],
22 silly Conflicting override sets       'vite' => [OverrideSet]
22 silly Conflicting override sets     }
22 silly Conflicting override sets   },
22 silly Conflicting override sets   children: Map(0) {},
22 silly Conflicting override sets   name: '@graphql-codegen/client-preset',
22 silly Conflicting override sets   key: '@graphql-codegen/client-preset',
22 silly Conflicting override sets   keySpec: '*',
22 silly Conflicting override sets   value: '4.7.0'
22 silly Conflicting override sets } <ref *1> OverrideSet {
22 silly Conflicting override sets   parent: OverrideSet {
22 silly Conflicting override sets     parent: undefined,
22 silly Conflicting override sets     children: Map(5) {
22 silly Conflicting override sets       '@graphql-tools/url-loader' => [OverrideSet],
22 silly Conflicting override sets       '@graphql-codegen/client-preset' => [OverrideSet],
22 silly Conflicting override sets       '@graphql-codegen/typescript-operations' => [Circular *1],
22 silly Conflicting override sets       'minimatch' => [OverrideSet],
22 silly Conflicting override sets       'vite' => [OverrideSet]
22 silly Conflicting override sets     }
22 silly Conflicting override sets   },
22 silly Conflicting override sets   children: Map(0) {},
22 silly Conflicting override sets   name: '@graphql-codegen/typescript-operations',
22 silly Conflicting override sets   key: '@graphql-codegen/typescript-operations',
22 silly Conflicting override sets   keySpec: '*',
22 silly Conflicting override sets   value: '4.5.0'
22 silly Conflicting override sets }
23 silly Conflicting override sets @graphql-codegen/plugin-helpers
24 silly Conflicting override sets <ref *1> OverrideSet {
24 silly Conflicting override sets   parent: OverrideSet {
24 silly Conflicting override sets     parent: undefined,
24 silly Conflicting override sets     children: Map(5) {
24 silly Conflicting override sets       '@graphql-tools/url-loader' => [OverrideSet],
24 silly Conflicting override sets       '@graphql-codegen/client-preset' => [Circular *1],
24 silly Conflicting override sets       '@graphql-codegen/typescript-operations' => [OverrideSet],
24 silly Conflicting override sets       'minimatch' => [OverrideSet],
24 silly Conflicting override sets       'vite' => [OverrideSet]
24 silly Conflicting override sets     }
24 silly Conflicting override sets   },
24 silly Conflicting override sets   children: Map(0) {},
24 silly Conflicting override sets   name: '@graphql-codegen/client-preset',
24 silly Conflicting override sets   key: '@graphql-codegen/client-preset',
24 silly Conflicting override sets   keySpec: '*',
24 silly Conflicting override sets   value: '4.7.0'
24 silly Conflicting override sets } <ref *1> OverrideSet {
24 silly Conflicting override sets   parent: OverrideSet {
24 silly Conflicting override sets     parent: undefined,
24 silly Conflicting override sets     children: Map(5) {
24 silly Conflicting override sets       '@graphql-tools/url-loader' => [OverrideSet],
24 silly Conflicting override sets       '@graphql-codegen/client-preset' => [OverrideSet],
24 silly Conflicting override sets       '@graphql-codegen/typescript-operations' => [Circular *1],
24 silly Conflicting override sets       'minimatch' => [OverrideSet],
24 silly Conflicting override sets       'vite' => [OverrideSet]
24 silly Conflicting override sets     }
24 silly Conflicting override sets   },
24 silly Conflicting override sets   children: Map(0) {},
24 silly Conflicting override sets   name: '@graphql-codegen/typescript-operations',
24 silly Conflicting override sets   key: '@graphql-codegen/typescript-operations',
24 silly Conflicting override sets   keySpec: '*',
24 silly Conflicting override sets   value: '4.5.0'
24 silly Conflicting override sets }
25 silly Conflicting override sets @graphql-tools/optimize
26 silly Conflicting override sets <ref *1> OverrideSet {
26 silly Conflicting override sets   parent: OverrideSet {
26 silly Conflicting override sets     parent: undefined,
26 silly Conflicting override sets     children: Map(5) {
26 silly Conflicting override sets       '@graphql-tools/url-loader' => [OverrideSet],
26 silly Conflicting override sets       '@graphql-codegen/client-preset' => [Circular *1],
26 silly Conflicting override sets       '@graphql-codegen/typescript-operations' => [OverrideSet],
26 silly Conflicting override sets       'minimatch' => [OverrideSet],
26 silly Conflicting override sets       'vite' => [OverrideSet]
26 silly Conflicting override sets     }
26 silly Conflicting override sets   },
26 silly Conflicting override sets   children: Map(0) {},
26 silly Conflicting override sets   name: '@graphql-codegen/client-preset',
26 silly Conflicting override sets   key: '@graphql-codegen/client-preset',
26 silly Conflicting override sets   keySpec: '*',
26 silly Conflicting override sets   value: '4.7.0'
26 silly Conflicting override sets } <ref *1> OverrideSet {
26 silly Conflicting override sets   parent: OverrideSet {
26 silly Conflicting override sets     parent: undefined,
26 silly Conflicting override sets     children: Map(5) {
26 silly Conflicting override sets       '@graphql-tools/url-loader' => [OverrideSet],
26 silly Conflicting override sets       '@graphql-codegen/client-preset' => [OverrideSet],
26 silly Conflicting override sets       '@graphql-codegen/typescript-operations' => [Circular *1],
26 silly Conflicting override sets       'minimatch' => [OverrideSet],
26 silly Conflicting override sets       'vite' => [OverrideSet]
26 silly Conflicting override sets     }
26 silly Conflicting override sets   },
26 silly Conflicting override sets   children: Map(0) {},
26 silly Conflicting override sets   name: '@graphql-codegen/typescript-operations',
26 silly Conflicting override sets   key: '@graphql-codegen/typescript-operations',
26 silly Conflicting override sets   keySpec: '*',
26 silly Conflicting override sets   value: '4.5.0'
26 silly Conflicting override sets }
27 silly Conflicting override sets @graphql-tools/relay-operation-optimizer
28 silly Conflicting override sets <ref *1> OverrideSet {
28 silly Conflicting override sets   parent: OverrideSet {
28 silly Conflicting override sets     parent: undefined,
28 silly Conflicting override sets     children: Map(5) {
28 silly Conflicting override sets       '@graphql-tools/url-loader' => [OverrideSet],
28 silly Conflicting override sets       '@graphql-codegen/client-preset' => [Circular *1],
28 silly Conflicting override sets       '@graphql-codegen/typescript-operations' => [OverrideSet],
28 silly Conflicting override sets       'minimatch' => [OverrideSet],
28 silly Conflicting override sets       'vite' => [OverrideSet]
28 silly Conflicting override sets     }
28 silly Conflicting override sets   },
28 silly Conflicting override sets   children: Map(0) {},
28 silly Conflicting override sets   name: '@graphql-codegen/client-preset',
28 silly Conflicting override sets   key: '@graphql-codegen/client-preset',
28 silly Conflicting override sets   keySpec: '*',
28 silly Conflicting override sets   value: '4.7.0'
28 silly Conflicting override sets } <ref *1> OverrideSet {
28 silly Conflicting override sets   parent: OverrideSet {
28 silly Conflicting override sets     parent: undefined,
28 silly Conflicting override sets     children: Map(5) {
28 silly Conflicting override sets       '@graphql-tools/url-loader' => [OverrideSet],
28 silly Conflicting override sets       '@graphql-codegen/client-preset' => [OverrideSet],
28 silly Conflicting override sets       '@graphql-codegen/typescript-operations' => [Circular *1],
28 silly Conflicting override sets       'minimatch' => [OverrideSet],
28 silly Conflicting override sets       'vite' => [OverrideSet]
28 silly Conflicting override sets     }
28 silly Conflicting override sets   },
28 silly Conflicting override sets   children: Map(0) {},
28 silly Conflicting override sets   name: '@graphql-codegen/typescript-operations',
28 silly Conflicting override sets   key: '@graphql-codegen/typescript-operations',
28 silly Conflicting override sets   keySpec: '*',
28 silly Conflicting override sets   value: '4.5.0'
28 silly Conflicting override sets }
29 silly Conflicting override sets @graphql-tools/utils
30 silly Conflicting override sets <ref *1> OverrideSet {
30 silly Conflicting override sets   parent: OverrideSet {
30 silly Conflicting override sets     parent: undefined,
30 silly Conflicting override sets     children: Map(5) {
30 silly Conflicting override sets       '@graphql-tools/url-loader' => [OverrideSet],
30 silly Conflicting override sets       '@graphql-codegen/client-preset' => [Circular *1],
30 silly Conflicting override sets       '@graphql-codegen/typescript-operations' => [OverrideSet],
30 silly Conflicting override sets       'minimatch' => [OverrideSet],
30 silly Conflicting override sets       'vite' => [OverrideSet]
30 silly Conflicting override sets     }
30 silly Conflicting override sets   },
30 silly Conflicting override sets   children: Map(0) {},
30 silly Conflicting override sets   name: '@graphql-codegen/client-preset',
30 silly Conflicting override sets   key: '@graphql-codegen/client-preset',
30 silly Conflicting override sets   keySpec: '*',
30 silly Conflicting override sets   value: '4.7.0'
30 silly Conflicting override sets } <ref *1> OverrideSet {
30 silly Conflicting override sets   parent: OverrideSet {
30 silly Conflicting override sets     parent: undefined,
30 silly Conflicting override sets     children: Map(5) {
30 silly Conflicting override sets       '@graphql-tools/url-loader' => [OverrideSet],
30 silly Conflicting override sets       '@graphql-codegen/client-preset' => [OverrideSet],
30 silly Conflicting override sets       '@graphql-codegen/typescript-operations' => [Circular *1],
30 silly Conflicting override sets       'minimatch' => [OverrideSet],
30 silly Conflicting override sets       'vite' => [OverrideSet]
30 silly Conflicting override sets     }
30 silly Conflicting override sets   },
30 silly Conflicting override sets   children: Map(0) {},
30 silly Conflicting override sets   name: '@graphql-codegen/typescript-operations',
30 silly Conflicting override sets   key: '@graphql-codegen/typescript-operations',
30 silly Conflicting override sets   keySpec: '*',
30 silly Conflicting override sets   value: '4.5.0'
30 silly Conflicting override sets }
31 silly Conflicting override sets @graphql-codegen/plugin-helpers
32 silly Conflicting override sets <ref *1> OverrideSet {
32 silly Conflicting override sets   parent: OverrideSet {
32 silly Conflicting override sets     parent: undefined,
32 silly Conflicting override sets     children: Map(5) {
32 silly Conflicting override sets       '@graphql-tools/url-loader' => [OverrideSet],
32 silly Conflicting override sets       '@graphql-codegen/client-preset' => [Circular *1],
32 silly Conflicting override sets       '@graphql-codegen/typescript-operations' => [OverrideSet],
32 silly Conflicting override sets       'minimatch' => [OverrideSet],
32 silly Conflicting override sets       'vite' => [OverrideSet]
32 silly Conflicting override sets     }
32 silly Conflicting override sets   },
32 silly Conflicting override sets   children: Map(0) {},
32 silly Conflicting override sets   name: '@graphql-codegen/client-preset',
32 silly Conflicting override sets   key: '@graphql-codegen/client-preset',
32 silly Conflicting override sets   keySpec: '*',
32 silly Conflicting override sets   value: '4.7.0'
32 silly Conflicting override sets } <ref *1> OverrideSet {
32 silly Conflicting override sets   parent: OverrideSet {
32 silly Conflicting override sets     parent: undefined,
32 silly Conflicting override sets     children: Map(5) {
32 silly Conflicting override sets       '@graphql-tools/url-loader' => [OverrideSet],
32 silly Conflicting override sets       '@graphql-codegen/client-preset' => [OverrideSet],
32 silly Conflicting override sets       '@graphql-codegen/typescript-operations' => [Circular *1],
32 silly Conflicting override sets       'minimatch' => [OverrideSet],
32 silly Conflicting override sets       'vite' => [OverrideSet]
32 silly Conflicting override sets     }
32 silly Conflicting override sets   },
32 silly Conflicting override sets   children: Map(0) {},
32 silly Conflicting override sets   name: '@graphql-codegen/typescript-operations',
32 silly Conflicting override sets   key: '@graphql-codegen/typescript-operations',
32 silly Conflicting override sets   keySpec: '*',
32 silly Conflicting override sets   value: '4.5.0'
32 silly Conflicting override sets }
33 silly Conflicting override sets @graphql-tools/optimize
34 silly Conflicting override sets <ref *1> OverrideSet {
34 silly Conflicting override sets   parent: OverrideSet {
34 silly Conflicting override sets     parent: undefined,
34 silly Conflicting override sets     children: Map(5) {
34 silly Conflicting override sets       '@graphql-tools/url-loader' => [OverrideSet],
34 silly Conflicting override sets       '@graphql-codegen/client-preset' => [Circular *1],
34 silly Conflicting override sets       '@graphql-codegen/typescript-operations' => [OverrideSet],
34 silly Conflicting override sets       'minimatch' => [OverrideSet],
34 silly Conflicting override sets       'vite' => [OverrideSet]
34 silly Conflicting override sets     }
34 silly Conflicting override sets   },
34 silly Conflicting override sets   children: Map(0) {},
34 silly Conflicting override sets   name: '@graphql-codegen/client-preset',
34 silly Conflicting override sets   key: '@graphql-codegen/client-preset',
34 silly Conflicting override sets   keySpec: '*',
34 silly Conflicting override sets   value: '4.7.0'
34 silly Conflicting override sets } <ref *1> OverrideSet {
34 silly Conflicting override sets   parent: OverrideSet {
34 silly Conflicting override sets     parent: undefined,
34 silly Conflicting override sets     children: Map(5) {
34 silly Conflicting override sets       '@graphql-tools/url-loader' => [OverrideSet],
34 silly Conflicting override sets       '@graphql-codegen/client-preset' => [OverrideSet],
34 silly Conflicting override sets       '@graphql-codegen/typescript-operations' => [Circular *1],
34 silly Conflicting override sets       'minimatch' => [OverrideSet],
34 silly Conflicting override sets       'vite' => [OverrideSet]
34 silly Conflicting override sets     }
34 silly Conflicting override sets   },
34 silly Conflicting override sets   children: Map(0) {},
34 silly Conflicting override sets   name: '@graphql-codegen/typescript-operations',
34 silly Conflicting override sets   key: '@graphql-codegen/typescript-operations',
34 silly Conflicting override sets   keySpec: '*',
34 silly Conflicting override sets   value: '4.5.0'
34 silly Conflicting override sets }
35 silly Conflicting override sets @graphql-tools/relay-operation-optimizer
36 silly Conflicting override sets <ref *1> OverrideSet {
36 silly Conflicting override sets   parent: OverrideSet {
36 silly Conflicting override sets     parent: undefined,
36 silly Conflicting override sets     children: Map(5) {
36 silly Conflicting override sets       '@graphql-tools/url-loader' => [OverrideSet],
36 silly Conflicting override sets       '@graphql-codegen/client-preset' => [Circular *1],
36 silly Conflicting override sets       '@graphql-codegen/typescript-operations' => [OverrideSet],
36 silly Conflicting override sets       'minimatch' => [OverrideSet],
36 silly Conflicting override sets       'vite' => [OverrideSet]
36 silly Conflicting override sets     }
36 silly Conflicting override sets   },
36 silly Conflicting override sets   children: Map(0) {},
36 silly Conflicting override sets   name: '@graphql-codegen/client-preset',
36 silly Conflicting override sets   key: '@graphql-codegen/client-preset',
36 silly Conflicting override sets   keySpec: '*',
36 silly Conflicting override sets   value: '4.7.0'
36 silly Conflicting override sets } <ref *1> OverrideSet {
36 silly Conflicting override sets   parent: OverrideSet {
36 silly Conflicting override sets     parent: undefined,
36 silly Conflicting override sets     children: Map(5) {
36 silly Conflicting override sets       '@graphql-tools/url-loader' => [OverrideSet],
36 silly Conflicting override sets       '@graphql-codegen/client-preset' => [OverrideSet],
36 silly Conflicting override sets       '@graphql-codegen/typescript-operations' => [Circular *1],
36 silly Conflicting override sets       'minimatch' => [OverrideSet],
36 silly Conflicting override sets       'vite' => [OverrideSet]
36 silly Conflicting override sets     }
36 silly Conflicting override sets   },
36 silly Conflicting override sets   children: Map(0) {},
36 silly Conflicting override sets   name: '@graphql-codegen/typescript-operations',
36 silly Conflicting override sets   key: '@graphql-codegen/typescript-operations',
36 silly Conflicting override sets   keySpec: '*',
36 silly Conflicting override sets   value: '4.5.0'
36 silly Conflicting override sets }
37 silly Conflicting override sets @graphql-tools/utils
38 silly Conflicting override sets <ref *1> OverrideSet {
38 silly Conflicting override sets   parent: OverrideSet {
38 silly Conflicting override sets     parent: undefined,
38 silly Conflicting override sets     children: Map(5) {
38 silly Conflicting override sets       '@graphql-tools/url-loader' => [OverrideSet],
38 silly Conflicting override sets       '@graphql-codegen/client-preset' => [Circular *1],
38 silly Conflicting override sets       '@graphql-codegen/typescript-operations' => [OverrideSet],
38 silly Conflicting override sets       'minimatch' => [OverrideSet],
38 silly Conflicting override sets       'vite' => [OverrideSet]
38 silly Conflicting override sets     }
38 silly Conflicting override sets   },
38 silly Conflicting override sets   children: Map(0) {},
38 silly Conflicting override sets   name: '@graphql-codegen/client-preset',
38 silly Conflicting override sets   key: '@graphql-codegen/client-preset',
38 silly Conflicting override sets   keySpec: '*',
38 silly Conflicting override sets   value: '4.7.0'
38 silly Conflicting override sets } <ref *1> OverrideSet {
38 silly Conflicting override sets   parent: OverrideSet {
38 silly Conflicting override sets     parent: undefined,
38 silly Conflicting override sets     children: Map(5) {
38 silly Conflicting override sets       '@graphql-tools/url-loader' => [Circular *1],
38 silly Conflicting override sets       '@graphql-codegen/client-preset' => [OverrideSet],
38 silly Conflicting override sets       '@graphql-codegen/typescript-operations' => [OverrideSet],
38 silly Conflicting override sets       'minimatch' => [OverrideSet],
38 silly Conflicting override sets       'vite' => [OverrideSet]
38 silly Conflicting override sets     }
38 silly Conflicting override sets   },
38 silly Conflicting override sets   children: Map(0) {},
38 silly Conflicting override sets   name: '@graphql-tools/url-loader',
38 silly Conflicting override sets   key: '@graphql-tools/url-loader',
38 silly Conflicting override sets   keySpec: '*',
38 silly Conflicting override sets   value: '8.0.16'
38 silly Conflicting override sets }
39 silly Conflicting override sets @graphql-tools/utils
40 silly Conflicting override sets <ref *1> OverrideSet {
40 silly Conflicting override sets   parent: OverrideSet {
40 silly Conflicting override sets     parent: undefined,
40 silly Conflicting override sets     children: Map(5) {
40 silly Conflicting override sets       '@graphql-tools/url-loader' => [OverrideSet],
40 silly Conflicting override sets       '@graphql-codegen/client-preset' => [Circular *1],
40 silly Conflicting override sets       '@graphql-codegen/typescript-operations' => [OverrideSet],
40 silly Conflicting override sets       'minimatch' => [OverrideSet],
40 silly Conflicting override sets       'vite' => [OverrideSet]
40 silly Conflicting override sets     }
40 silly Conflicting override sets   },
40 silly Conflicting override sets   children: Map(0) {},
40 silly Conflicting override sets   name: '@graphql-codegen/client-preset',
40 silly Conflicting override sets   key: '@graphql-codegen/client-preset',
40 silly Conflicting override sets   keySpec: '*',
40 silly Conflicting override sets   value: '4.7.0'
40 silly Conflicting override sets } <ref *1> OverrideSet {
40 silly Conflicting override sets   parent: OverrideSet {
40 silly Conflicting override sets     parent: undefined,
40 silly Conflicting override sets     children: Map(5) {
40 silly Conflicting override sets       '@graphql-tools/url-loader' => [Circular *1],
40 silly Conflicting override sets       '@graphql-codegen/client-preset' => [OverrideSet],
40 silly Conflicting override sets       '@graphql-codegen/typescript-operations' => [OverrideSet],
40 silly Conflicting override sets       'minimatch' => [OverrideSet],
40 silly Conflicting override sets       'vite' => [OverrideSet]
40 silly Conflicting override sets     }
40 silly Conflicting override sets   },
40 silly Conflicting override sets   children: Map(0) {},
40 silly Conflicting override sets   name: '@graphql-tools/url-loader',
40 silly Conflicting override sets   key: '@graphql-tools/url-loader',
40 silly Conflicting override sets   keySpec: '*',
40 silly Conflicting override sets   value: '8.0.16'
40 silly Conflicting override sets }
41 silly Conflicting override sets @graphql-tools/utils
42 silly Conflicting override sets <ref *1> OverrideSet {
42 silly Conflicting override sets   parent: OverrideSet {
42 silly Conflicting override sets     parent: undefined,
42 silly Conflicting override sets     children: Map(5) {
42 silly Conflicting override sets       '@graphql-tools/url-loader' => [OverrideSet],
42 silly Conflicting override sets       '@graphql-codegen/client-preset' => [Circular *1],
42 silly Conflicting override sets       '@graphql-codegen/typescript-operations' => [OverrideSet],
42 silly Conflicting override sets       'minimatch' => [OverrideSet],
42 silly Conflicting override sets       'vite' => [OverrideSet]
42 silly Conflicting override sets     }
42 silly Conflicting override sets   },
42 silly Conflicting override sets   children: Map(0) {},
42 silly Conflicting override sets   name: '@graphql-codegen/client-preset',
42 silly Conflicting override sets   key: '@graphql-codegen/client-preset',
42 silly Conflicting override sets   keySpec: '*',
42 silly Conflicting override sets   value: '4.7.0'
42 silly Conflicting override sets } <ref *1> OverrideSet {
42 silly Conflicting override sets   parent: OverrideSet {
42 silly Conflicting override sets     parent: undefined,
42 silly Conflicting override sets     children: Map(5) {
42 silly Conflicting override sets       '@graphql-tools/url-loader' => [Circular *1],
42 silly Conflicting override sets       '@graphql-codegen/client-preset' => [OverrideSet],
42 silly Conflicting override sets       '@graphql-codegen/typescript-operations' => [OverrideSet],
42 silly Conflicting override sets       'minimatch' => [OverrideSet],
42 silly Conflicting override sets       'vite' => [OverrideSet]
42 silly Conflicting override sets     }
42 silly Conflicting override sets   },
42 silly Conflicting override sets   children: Map(0) {},
42 silly Conflicting override sets   name: '@graphql-tools/url-loader',
42 silly Conflicting override sets   key: '@graphql-tools/url-loader',
42 silly Conflicting override sets   keySpec: '*',
42 silly Conflicting override sets   value: '8.0.16'
42 silly Conflicting override sets }
43 silly Conflicting override sets @graphql-tools/utils
44 silly Conflicting override sets <ref *1> OverrideSet {
44 silly Conflicting override sets   parent: OverrideSet {
44 silly Conflicting override sets     parent: undefined,
44 silly Conflicting override sets     children: Map(5) {
44 silly Conflicting override sets       '@graphql-tools/url-loader' => [OverrideSet],
44 silly Conflicting override sets       '@graphql-codegen/client-preset' => [Circular *1],
44 silly Conflicting override sets       '@graphql-codegen/typescript-operations' => [OverrideSet],
44 silly Conflicting override sets       'minimatch' => [OverrideSet],
44 silly Conflicting override sets       'vite' => [OverrideSet]
44 silly Conflicting override sets     }
44 silly Conflicting override sets   },
44 silly Conflicting override sets   children: Map(0) {},
44 silly Conflicting override sets   name: '@graphql-codegen/client-preset',
44 silly Conflicting override sets   key: '@graphql-codegen/client-preset',
44 silly Conflicting override sets   keySpec: '*',
44 silly Conflicting override sets   value: '4.7.0'
44 silly Conflicting override sets } <ref *1> OverrideSet {
44 silly Conflicting override sets   parent: OverrideSet {
44 silly Conflicting override sets     parent: undefined,
44 silly Conflicting override sets     children: Map(5) {
44 silly Conflicting override sets       '@graphql-tools/url-loader' => [Circular *1],
44 silly Conflicting override sets       '@graphql-codegen/client-preset' => [OverrideSet],
44 silly Conflicting override sets       '@graphql-codegen/typescript-operations' => [OverrideSet],
44 silly Conflicting override sets       'minimatch' => [OverrideSet],
44 silly Conflicting override sets       'vite' => [OverrideSet]
44 silly Conflicting override sets     }
44 silly Conflicting override sets   },
44 silly Conflicting override sets   children: Map(0) {},
44 silly Conflicting override sets   name: '@graphql-tools/url-loader',
44 silly Conflicting override sets   key: '@graphql-tools/url-loader',
44 silly Conflicting override sets   keySpec: '*',
44 silly Conflicting override sets   value: '8.0.16'
44 silly Conflicting override sets }
45 silly Conflicting override sets @graphql-tools/utils
46 silly Conflicting override sets <ref *1> OverrideSet {
46 silly Conflicting override sets   parent: OverrideSet {
46 silly Conflicting override sets     parent: undefined,
46 silly Conflicting override sets     children: Map(5) {
46 silly Conflicting override sets       '@graphql-tools/url-loader' => [OverrideSet],
46 silly Conflicting override sets       '@graphql-codegen/client-preset' => [Circular *1],
46 silly Conflicting override sets       '@graphql-codegen/typescript-operations' => [OverrideSet],
46 silly Conflicting override sets       'minimatch' => [OverrideSet],
46 silly Conflicting override sets       'vite' => [OverrideSet]
46 silly Conflicting override sets     }
46 silly Conflicting override sets   },
46 silly Conflicting override sets   children: Map(0) {},
46 silly Conflicting override sets   name: '@graphql-codegen/client-preset',
46 silly Conflicting override sets   key: '@graphql-codegen/client-preset',
46 silly Conflicting override sets   keySpec: '*',
46 silly Conflicting override sets   value: '4.7.0'
46 silly Conflicting override sets } <ref *1> OverrideSet {
46 silly Conflicting override sets   parent: OverrideSet {
46 silly Conflicting override sets     parent: undefined,
46 silly Conflicting override sets     children: Map(5) {
46 silly Conflicting override sets       '@graphql-tools/url-loader' => [Circular *1],
46 silly Conflicting override sets       '@graphql-codegen/client-preset' => [OverrideSet],
46 silly Conflicting override sets       '@graphql-codegen/typescript-operations' => [OverrideSet],
46 silly Conflicting override sets       'minimatch' => [OverrideSet],
46 silly Conflicting override sets       'vite' => [OverrideSet]
46 silly Conflicting override sets     }
46 silly Conflicting override sets   },
46 silly Conflicting override sets   children: Map(0) {},
46 silly Conflicting override sets   name: '@graphql-tools/url-loader',
46 silly Conflicting override sets   key: '@graphql-tools/url-loader',
46 silly Conflicting override sets   keySpec: '*',
46 silly Conflicting override sets   value: '8.0.16'
46 silly Conflicting override sets }
47 silly Conflicting override sets @graphql-typed-document-node/core
48 silly Conflicting override sets <ref *1> OverrideSet {
48 silly Conflicting override sets   parent: OverrideSet {
48 silly Conflicting override sets     parent: undefined,
48 silly Conflicting override sets     children: Map(5) {
48 silly Conflicting override sets       '@graphql-tools/url-loader' => [OverrideSet],
48 silly Conflicting override sets       '@graphql-codegen/client-preset' => [Circular *1],
48 silly Conflicting override sets       '@graphql-codegen/typescript-operations' => [OverrideSet],
48 silly Conflicting override sets       'minimatch' => [OverrideSet],
48 silly Conflicting override sets       'vite' => [OverrideSet]
48 silly Conflicting override sets     }
48 silly Conflicting override sets   },
48 silly Conflicting override sets   children: Map(0) {},
48 silly Conflicting override sets   name: '@graphql-codegen/client-preset',
48 silly Conflicting override sets   key: '@graphql-codegen/client-preset',
48 silly Conflicting override sets   keySpec: '*',
48 silly Conflicting override sets   value: '4.7.0'
48 silly Conflicting override sets } <ref *1> OverrideSet {
48 silly Conflicting override sets   parent: OverrideSet {
48 silly Conflicting override sets     parent: undefined,
48 silly Conflicting override sets     children: Map(5) {
48 silly Conflicting override sets       '@graphql-tools/url-loader' => [Circular *1],
48 silly Conflicting override sets       '@graphql-codegen/client-preset' => [OverrideSet],
48 silly Conflicting override sets       '@graphql-codegen/typescript-operations' => [OverrideSet],
48 silly Conflicting override sets       'minimatch' => [OverrideSet],
48 silly Conflicting override sets       'vite' => [OverrideSet]
48 silly Conflicting override sets     }
48 silly Conflicting override sets   },
48 silly Conflicting override sets   children: Map(0) {},
48 silly Conflicting override sets   name: '@graphql-tools/url-loader',
48 silly Conflicting override sets   key: '@graphql-tools/url-loader',
48 silly Conflicting override sets   keySpec: '*',
48 silly Conflicting override sets   value: '8.0.16'
48 silly Conflicting override sets }
49 silly Conflicting override sets @graphql-tools/utils
50 silly Conflicting override sets <ref *1> OverrideSet {
50 silly Conflicting override sets   parent: OverrideSet {
50 silly Conflicting override sets     parent: undefined,
50 silly Conflicting override sets     children: Map(5) {
50 silly Conflicting override sets       '@graphql-tools/url-loader' => [OverrideSet],
50 silly Conflicting override sets       '@graphql-codegen/client-preset' => [Circular *1],
50 silly Conflicting override sets       '@graphql-codegen/typescript-operations' => [OverrideSet],
50 silly Conflicting override sets       'minimatch' => [OverrideSet],
50 silly Conflicting override sets       'vite' => [OverrideSet]
50 silly Conflicting override sets     }
50 silly Conflicting override sets   },
50 silly Conflicting override sets   children: Map(0) {},
50 silly Conflicting override sets   name: '@graphql-codegen/client-preset',
50 silly Conflicting override sets   key: '@graphql-codegen/client-preset',
50 silly Conflicting override sets   keySpec: '*',
50 silly Conflicting override sets   value: '4.7.0'
50 silly Conflicting override sets } <ref *1> OverrideSet {
50 silly Conflicting override sets   parent: OverrideSet {
50 silly Conflicting override sets     parent: undefined,
50 silly Conflicting override sets     children: Map(5) {
50 silly Conflicting override sets       '@graphql-tools/url-loader' => [Circular *1],
50 silly Conflicting override sets       '@graphql-codegen/client-preset' => [OverrideSet],
50 silly Conflicting override sets       '@graphql-codegen/typescript-operations' => [OverrideSet],
50 silly Conflicting override sets       'minimatch' => [OverrideSet],
50 silly Conflicting override sets       'vite' => [OverrideSet]
50 silly Conflicting override sets     }
50 silly Conflicting override sets   },
50 silly Conflicting override sets   children: Map(0) {},
50 silly Conflicting override sets   name: '@graphql-tools/url-loader',
50 silly Conflicting override sets   key: '@graphql-tools/url-loader',
50 silly Conflicting override sets   keySpec: '*',
50 silly Conflicting override sets   value: '8.0.16'
50 silly Conflicting override sets }
51 silly Conflicting override sets @graphql-tools/utils
52 silly Conflicting override sets <ref *1> OverrideSet {
52 silly Conflicting override sets   parent: OverrideSet {
52 silly Conflicting override sets     parent: undefined,
52 silly Conflicting override sets     children: Map(5) {
52 silly Conflicting override sets       '@graphql-tools/url-loader' => [OverrideSet],
52 silly Conflicting override sets       '@graphql-codegen/client-preset' => [Circular *1],
52 silly Conflicting override sets       '@graphql-codegen/typescript-operations' => [OverrideSet],
52 silly Conflicting override sets       'minimatch' => [OverrideSet],
52 silly Conflicting override sets       'vite' => [OverrideSet]
52 silly Conflicting override sets     }
52 silly Conflicting override sets   },
52 silly Conflicting override sets   children: Map(0) {},
52 silly Conflicting override sets   name: '@graphql-codegen/client-preset',
52 silly Conflicting override sets   key: '@graphql-codegen/client-preset',
52 silly Conflicting override sets   keySpec: '*',
52 silly Conflicting override sets   value: '4.7.0'
52 silly Conflicting override sets } <ref *1> OverrideSet {
52 silly Conflicting override sets   parent: OverrideSet {
52 silly Conflicting override sets     parent: undefined,
52 silly Conflicting override sets     children: Map(5) {
52 silly Conflicting override sets       '@graphql-tools/url-loader' => [Circular *1],
52 silly Conflicting override sets       '@graphql-codegen/client-preset' => [OverrideSet],
52 silly Conflicting override sets       '@graphql-codegen/typescript-operations' => [OverrideSet],
52 silly Conflicting override sets       'minimatch' => [OverrideSet],
52 silly Conflicting override sets       'vite' => [OverrideSet]
52 silly Conflicting override sets     }
52 silly Conflicting override sets   },
52 silly Conflicting override sets   children: Map(0) {},
52 silly Conflicting override sets   name: '@graphql-tools/url-loader',
52 silly Conflicting override sets   key: '@graphql-tools/url-loader',
52 silly Conflicting override sets   keySpec: '*',
52 silly Conflicting override sets   value: '8.0.16'
52 silly Conflicting override sets }
53 silly Conflicting override sets @graphql-typed-document-node/core
54 silly Conflicting override sets <ref *1> OverrideSet {
54 silly Conflicting override sets   parent: OverrideSet {
54 silly Conflicting override sets     parent: undefined,
54 silly Conflicting override sets     children: Map(5) {
54 silly Conflicting override sets       '@graphql-tools/url-loader' => [OverrideSet],
54 silly Conflicting override sets       '@graphql-codegen/client-preset' => [Circular *1],
54 silly Conflicting override sets       '@graphql-codegen/typescript-operations' => [OverrideSet],
54 silly Conflicting override sets       'minimatch' => [OverrideSet],
54 silly Conflicting override sets       'vite' => [OverrideSet]
54 silly Conflicting override sets     }
54 silly Conflicting override sets   },
54 silly Conflicting override sets   children: Map(0) {},
54 silly Conflicting override sets   name: '@graphql-codegen/client-preset',
54 silly Conflicting override sets   key: '@graphql-codegen/client-preset',
54 silly Conflicting override sets   keySpec: '*',
54 silly Conflicting override sets   value: '4.7.0'
54 silly Conflicting override sets } <ref *1> OverrideSet {
54 silly Conflicting override sets   parent: OverrideSet {
54 silly Conflicting override sets     parent: undefined,
54 silly Conflicting override sets     children: Map(5) {
54 silly Conflicting override sets       '@graphql-tools/url-loader' => [Circular *1],
54 silly Conflicting override sets       '@graphql-codegen/client-preset' => [OverrideSet],
54 silly Conflicting override sets       '@graphql-codegen/typescript-operations' => [OverrideSet],
54 silly Conflicting override sets       'minimatch' => [OverrideSet],
54 silly Conflicting override sets       'vite' => [OverrideSet]
54 silly Conflicting override sets     }
54 silly Conflicting override sets   },
54 silly Conflicting override sets   children: Map(0) {},
54 silly Conflicting override sets   name: '@graphql-tools/url-loader',
54 silly Conflicting override sets   key: '@graphql-tools/url-loader',
54 silly Conflicting override sets   keySpec: '*',
54 silly Conflicting override sets   value: '8.0.16'
54 silly Conflicting override sets }
55 silly Conflicting override sets @graphql-typed-document-node/core
56 silly Conflicting override sets <ref *1> OverrideSet {
56 silly Conflicting override sets   parent: OverrideSet {
56 silly Conflicting override sets     parent: undefined,
56 silly Conflicting override sets     children: Map(5) {
56 silly Conflicting override sets       '@graphql-tools/url-loader' => [OverrideSet],
56 silly Conflicting override sets       '@graphql-codegen/client-preset' => [Circular *1],
56 silly Conflicting override sets       '@graphql-codegen/typescript-operations' => [OverrideSet],
56 silly Conflicting override sets       'minimatch' => [OverrideSet],
56 silly Conflicting override sets       'vite' => [OverrideSet]
56 silly Conflicting override sets     }
56 silly Conflicting override sets   },
56 silly Conflicting override sets   children: Map(0) {},
56 silly Conflicting override sets   name: '@graphql-codegen/client-preset',
56 silly Conflicting override sets   key: '@graphql-codegen/client-preset',
56 silly Conflicting override sets   keySpec: '*',
56 silly Conflicting override sets   value: '4.7.0'
56 silly Conflicting override sets } <ref *1> OverrideSet {
56 silly Conflicting override sets   parent: OverrideSet {
56 silly Conflicting override sets     parent: undefined,
56 silly Conflicting override sets     children: Map(5) {
56 silly Conflicting override sets       '@graphql-tools/url-loader' => [Circular *1],
56 silly Conflicting override sets       '@graphql-codegen/client-preset' => [OverrideSet],
56 silly Conflicting override sets       '@graphql-codegen/typescript-operations' => [OverrideSet],
56 silly Conflicting override sets       'minimatch' => [OverrideSet],
56 silly Conflicting override sets       'vite' => [OverrideSet]
56 silly Conflicting override sets     }
56 silly Conflicting override sets   },
56 silly Conflicting override sets   children: Map(0) {},
56 silly Conflicting override sets   name: '@graphql-tools/url-loader',
56 silly Conflicting override sets   key: '@graphql-tools/url-loader',
56 silly Conflicting override sets   keySpec: '*',
56 silly Conflicting override sets   value: '8.0.16'
56 silly Conflicting override sets }
57 silly Conflicting override sets @graphql-typed-document-node/core
58 silly Conflicting override sets <ref *1> OverrideSet {
58 silly Conflicting override sets   parent: OverrideSet {
58 silly Conflicting override sets     parent: undefined,
58 silly Conflicting override sets     children: Map(5) {
58 silly Conflicting override sets       '@graphql-tools/url-loader' => [OverrideSet],
58 silly Conflicting override sets       '@graphql-codegen/client-preset' => [Circular *1],
58 silly Conflicting override sets       '@graphql-codegen/typescript-operations' => [OverrideSet],
58 silly Conflicting override sets       'minimatch' => [OverrideSet],
58 silly Conflicting override sets       'vite' => [OverrideSet]
58 silly Conflicting override sets     }
58 silly Conflicting override sets   },
58 silly Conflicting override sets   children: Map(0) {},
58 silly Conflicting override sets   name: '@graphql-codegen/client-preset',
58 silly Conflicting override sets   key: '@graphql-codegen/client-preset',
58 silly Conflicting override sets   keySpec: '*',
58 silly Conflicting override sets   value: '4.7.0'
58 silly Conflicting override sets } <ref *1> OverrideSet {
58 silly Conflicting override sets   parent: OverrideSet {
58 silly Conflicting override sets     parent: undefined,
58 silly Conflicting override sets     children: Map(5) {
58 silly Conflicting override sets       '@graphql-tools/url-loader' => [Circular *1],
58 silly Conflicting override sets       '@graphql-codegen/client-preset' => [OverrideSet],
58 silly Conflicting override sets       '@graphql-codegen/typescript-operations' => [OverrideSet],
58 silly Conflicting override sets       'minimatch' => [OverrideSet],
58 silly Conflicting override sets       'vite' => [OverrideSet]
58 silly Conflicting override sets     }
58 silly Conflicting override sets   },
58 silly Conflicting override sets   children: Map(0) {},
58 silly Conflicting override sets   name: '@graphql-tools/url-loader',
58 silly Conflicting override sets   key: '@graphql-tools/url-loader',
58 silly Conflicting override sets   keySpec: '*',
58 silly Conflicting override sets   value: '8.0.16'
58 silly Conflicting override sets }
59 silly Conflicting override sets @graphql-typed-document-node/core
60 silly Conflicting override sets <ref *1> OverrideSet {
60 silly Conflicting override sets   parent: OverrideSet {
60 silly Conflicting override sets     parent: undefined,
60 silly Conflicting override sets     children: Map(5) {
60 silly Conflicting override sets       '@graphql-tools/url-loader' => [OverrideSet],
60 silly Conflicting override sets       '@graphql-codegen/client-preset' => [Circular *1],
60 silly Conflicting override sets       '@graphql-codegen/typescript-operations' => [OverrideSet],
60 silly Conflicting override sets       'minimatch' => [OverrideSet],
60 silly Conflicting override sets       'vite' => [OverrideSet]
60 silly Conflicting override sets     }
60 silly Conflicting override sets   },
60 silly Conflicting override sets   children: Map(0) {},
60 silly Conflicting override sets   name: '@graphql-codegen/client-preset',
60 silly Conflicting override sets   key: '@graphql-codegen/client-preset',
60 silly Conflicting override sets   keySpec: '*',
60 silly Conflicting override sets   value: '4.7.0'
60 silly Conflicting override sets } <ref *1> OverrideSet {
60 silly Conflicting override sets   parent: OverrideSet {
60 silly Conflicting override sets     parent: undefined,
60 silly Conflicting override sets     children: Map(5) {
60 silly Conflicting override sets       '@graphql-tools/url-loader' => [Circular *1],
60 silly Conflicting override sets       '@graphql-codegen/client-preset' => [OverrideSet],
60 silly Conflicting override sets       '@graphql-codegen/typescript-operations' => [OverrideSet],
60 silly Conflicting override sets       'minimatch' => [OverrideSet],
60 silly Conflicting override sets       'vite' => [OverrideSet]
60 silly Conflicting override sets     }
60 silly Conflicting override sets   },
60 silly Conflicting override sets   children: Map(0) {},
60 silly Conflicting override sets   name: '@graphql-tools/url-loader',
60 silly Conflicting override sets   key: '@graphql-tools/url-loader',
60 silly Conflicting override sets   keySpec: '*',
60 silly Conflicting override sets   value: '8.0.16'
60 silly Conflicting override sets }
61 silly Conflicting override sets @graphql-tools/utils
62 silly Conflicting override sets <ref *1> OverrideSet {
62 silly Conflicting override sets   parent: OverrideSet {
62 silly Conflicting override sets     parent: undefined,
62 silly Conflicting override sets     children: Map(5) {
62 silly Conflicting override sets       '@graphql-tools/url-loader' => [OverrideSet],
62 silly Conflicting override sets       '@graphql-codegen/client-preset' => [Circular *1],
62 silly Conflicting override sets       '@graphql-codegen/typescript-operations' => [OverrideSet],
62 silly Conflicting override sets       'minimatch' => [OverrideSet],
62 silly Conflicting override sets       'vite' => [OverrideSet]
62 silly Conflicting override sets     }
62 silly Conflicting override sets   },
62 silly Conflicting override sets   children: Map(0) {},
62 silly Conflicting override sets   name: '@graphql-codegen/client-preset',
62 silly Conflicting override sets   key: '@graphql-codegen/client-preset',
62 silly Conflicting override sets   keySpec: '*',
62 silly Conflicting override sets   value: '4.7.0'
62 silly Conflicting override sets } <ref *1> OverrideSet {
62 silly Conflicting override sets   parent: OverrideSet {
62 silly Conflicting override sets     parent: undefined,
62 silly Conflicting override sets     children: Map(5) {
62 silly Conflicting override sets       '@graphql-tools/url-loader' => [Circular *1],
62 silly Conflicting override sets       '@graphql-codegen/client-preset' => [OverrideSet],
62 silly Conflicting override sets       '@graphql-codegen/typescript-operations' => [OverrideSet],
62 silly Conflicting override sets       'minimatch' => [OverrideSet],
62 silly Conflicting override sets       'vite' => [OverrideSet]
62 silly Conflicting override sets     }
62 silly Conflicting override sets   },
62 silly Conflicting override sets   children: Map(0) {},
62 silly Conflicting override sets   name: '@graphql-tools/url-loader',
62 silly Conflicting override sets   key: '@graphql-tools/url-loader',
62 silly Conflicting override sets   keySpec: '*',
62 silly Conflicting override sets   value: '8.0.16'
62 silly Conflicting override sets }
63 silly Conflicting override sets @graphql-tools/utils
64 silly Conflicting override sets <ref *1> OverrideSet {
64 silly Conflicting override sets   parent: OverrideSet {
64 silly Conflicting override sets     parent: undefined,
64 silly Conflicting override sets     children: Map(5) {
64 silly Conflicting override sets       '@graphql-tools/url-loader' => [Circular *1],
64 silly Conflicting override sets       '@graphql-codegen/client-preset' => [OverrideSet],
64 silly Conflicting override sets       '@graphql-codegen/typescript-operations' => [OverrideSet],
64 silly Conflicting override sets       'minimatch' => [OverrideSet],
64 silly Conflicting override sets       'vite' => [OverrideSet]
64 silly Conflicting override sets     }
64 silly Conflicting override sets   },
64 silly Conflicting override sets   children: Map(0) {},
64 silly Conflicting override sets   name: '@graphql-tools/url-loader',
64 silly Conflicting override sets   key: '@graphql-tools/url-loader',
64 silly Conflicting override sets   keySpec: '*',
64 silly Conflicting override sets   value: '8.0.16'
64 silly Conflicting override sets } <ref *1> OverrideSet {
64 silly Conflicting override sets   parent: OverrideSet {
64 silly Conflicting override sets     parent: undefined,
64 silly Conflicting override sets     children: Map(5) {
64 silly Conflicting override sets       '@graphql-tools/url-loader' => [OverrideSet],
64 silly Conflicting override sets       '@graphql-codegen/client-preset' => [Circular *1],
64 silly Conflicting override sets       '@graphql-codegen/typescript-operations' => [OverrideSet],
64 silly Conflicting override sets       'minimatch' => [OverrideSet],
64 silly Conflicting override sets       'vite' => [OverrideSet]
64 silly Conflicting override sets     }
64 silly Conflicting override sets   },
64 silly Conflicting override sets   children: Map(0) {},
64 silly Conflicting override sets   name: '@graphql-codegen/client-preset',
64 silly Conflicting override sets   key: '@graphql-codegen/client-preset',
64 silly Conflicting override sets   keySpec: '*',
64 silly Conflicting override sets   value: '4.7.0'
64 silly Conflicting override sets }
65 silly Conflicting override sets @whatwg-node/promise-helpers
66 silly Conflicting override sets <ref *1> OverrideSet {
66 silly Conflicting override sets   parent: OverrideSet {
66 silly Conflicting override sets     parent: undefined,
66 silly Conflicting override sets     children: Map(5) {
66 silly Conflicting override sets       '@graphql-tools/url-loader' => [Circular *1],
66 silly Conflicting override sets       '@graphql-codegen/client-preset' => [OverrideSet],
66 silly Conflicting override sets       '@graphql-codegen/typescript-operations' => [OverrideSet],
66 silly Conflicting override sets       'minimatch' => [OverrideSet],
66 silly Conflicting override sets       'vite' => [OverrideSet]
66 silly Conflicting override sets     }
66 silly Conflicting override sets   },
66 silly Conflicting override sets   children: Map(0) {},
66 silly Conflicting override sets   name: '@graphql-tools/url-loader',
66 silly Conflicting override sets   key: '@graphql-tools/url-loader',
66 silly Conflicting override sets   keySpec: '*',
66 silly Conflicting override sets   value: '8.0.16'
66 silly Conflicting override sets } <ref *1> OverrideSet {
66 silly Conflicting override sets   parent: OverrideSet {
66 silly Conflicting override sets     parent: undefined,
66 silly Conflicting override sets     children: Map(5) {
66 silly Conflicting override sets       '@graphql-tools/url-loader' => [OverrideSet],
66 silly Conflicting override sets       '@graphql-codegen/client-preset' => [Circular *1],
66 silly Conflicting override sets       '@graphql-codegen/typescript-operations' => [OverrideSet],
66 silly Conflicting override sets       'minimatch' => [OverrideSet],
66 silly Conflicting override sets       'vite' => [OverrideSet]
66 silly Conflicting override sets     }
66 silly Conflicting override sets   },
66 silly Conflicting override sets   children: Map(0) {},
66 silly Conflicting override sets   name: '@graphql-codegen/client-preset',
66 silly Conflicting override sets   key: '@graphql-codegen/client-preset',
66 silly Conflicting override sets   keySpec: '*',
66 silly Conflicting override sets   value: '4.7.0'
66 silly Conflicting override sets }
67 silly Conflicting override sets @whatwg-node/promise-helpers
68 silly Conflicting override sets <ref *1> OverrideSet {
68 silly Conflicting override sets   parent: OverrideSet {
68 silly Conflicting override sets     parent: undefined,
68 silly Conflicting override sets     children: Map(5) {
68 silly Conflicting override sets       '@graphql-tools/url-loader' => [OverrideSet],
68 silly Conflicting override sets       '@graphql-codegen/client-preset' => [Circular *1],
68 silly Conflicting override sets       '@graphql-codegen/typescript-operations' => [OverrideSet],
68 silly Conflicting override sets       'minimatch' => [OverrideSet],
68 silly Conflicting override sets       'vite' => [OverrideSet]
68 silly Conflicting override sets     }
68 silly Conflicting override sets   },
68 silly Conflicting override sets   children: Map(0) {},
68 silly Conflicting override sets   name: '@graphql-codegen/client-preset',
68 silly Conflicting override sets   key: '@graphql-codegen/client-preset',
68 silly Conflicting override sets   keySpec: '*',
68 silly Conflicting override sets   value: '4.7.0'
68 silly Conflicting override sets } <ref *1> OverrideSet {
68 silly Conflicting override sets   parent: OverrideSet {
68 silly Conflicting override sets     parent: undefined,
68 silly Conflicting override sets     children: Map(5) {
68 silly Conflicting override sets       '@graphql-tools/url-loader' => [OverrideSet],
68 silly Conflicting override sets       '@graphql-codegen/client-preset' => [OverrideSet],
68 silly Conflicting override sets       '@graphql-codegen/typescript-operations' => [Circular *1],
68 silly Conflicting override sets       'minimatch' => [OverrideSet],
68 silly Conflicting override sets       'vite' => [OverrideSet]
68 silly Conflicting override sets     }
68 silly Conflicting override sets   },
68 silly Conflicting override sets   children: Map(0) {},
68 silly Conflicting override sets   name: '@graphql-codegen/typescript-operations',
68 silly Conflicting override sets   key: '@graphql-codegen/typescript-operations',
68 silly Conflicting override sets   keySpec: '*',
68 silly Conflicting override sets   value: '4.5.0'
68 silly Conflicting override sets }
69 silly Conflicting override sets auto-bind
70 silly Conflicting override sets <ref *1> OverrideSet {
70 silly Conflicting override sets   parent: OverrideSet {
70 silly Conflicting override sets     parent: undefined,
70 silly Conflicting override sets     children: Map(5) {
70 silly Conflicting override sets       '@graphql-tools/url-loader' => [OverrideSet],
70 silly Conflicting override sets       '@graphql-codegen/client-preset' => [Circular *1],
70 silly Conflicting override sets       '@graphql-codegen/typescript-operations' => [OverrideSet],
70 silly Conflicting override sets       'minimatch' => [OverrideSet],
70 silly Conflicting override sets       'vite' => [OverrideSet]
70 silly Conflicting override sets     }
70 silly Conflicting override sets   },
70 silly Conflicting override sets   children: Map(0) {},
70 silly Conflicting override sets   name: '@graphql-codegen/client-preset',
70 silly Conflicting override sets   key: '@graphql-codegen/client-preset',
70 silly Conflicting override sets   keySpec: '*',
70 silly Conflicting override sets   value: '4.7.0'
70 silly Conflicting override sets } <ref *1> OverrideSet {
70 silly Conflicting override sets   parent: OverrideSet {
70 silly Conflicting override sets     parent: undefined,
70 silly Conflicting override sets     children: Map(5) {
70 silly Conflicting override sets       '@graphql-tools/url-loader' => [OverrideSet],
70 silly Conflicting override sets       '@graphql-codegen/client-preset' => [OverrideSet],
70 silly Conflicting override sets       '@graphql-codegen/typescript-operations' => [Circular *1],
70 silly Conflicting override sets       'minimatch' => [OverrideSet],
70 silly Conflicting override sets       'vite' => [OverrideSet]
70 silly Conflicting override sets     }
70 silly Conflicting override sets   },
70 silly Conflicting override sets   children: Map(0) {},
70 silly Conflicting override sets   name: '@graphql-codegen/typescript-operations',
70 silly Conflicting override sets   key: '@graphql-codegen/typescript-operations',
70 silly Conflicting override sets   keySpec: '*',
70 silly Conflicting override sets   value: '4.5.0'
70 silly Conflicting override sets }
71 silly Conflicting override sets auto-bind
72 silly Conflicting override sets <ref *1> OverrideSet {
72 silly Conflicting override sets   parent: OverrideSet {
72 silly Conflicting override sets     parent: undefined,
72 silly Conflicting override sets     children: Map(5) {
72 silly Conflicting override sets       '@graphql-tools/url-loader' => [OverrideSet],
72 silly Conflicting override sets       '@graphql-codegen/client-preset' => [Circular *1],
72 silly Conflicting override sets       '@graphql-codegen/typescript-operations' => [OverrideSet],
72 silly Conflicting override sets       'minimatch' => [OverrideSet],
72 silly Conflicting override sets       'vite' => [OverrideSet]
72 silly Conflicting override sets     }
72 silly Conflicting override sets   },
72 silly Conflicting override sets   children: Map(0) {},
72 silly Conflicting override sets   name: '@graphql-codegen/client-preset',
72 silly Conflicting override sets   key: '@graphql-codegen/client-preset',
72 silly Conflicting override sets   keySpec: '*',
72 silly Conflicting override sets   value: '4.7.0'
72 silly Conflicting override sets } <ref *1> OverrideSet {
72 silly Conflicting override sets   parent: OverrideSet {
72 silly Conflicting override sets     parent: undefined,
72 silly Conflicting override sets     children: Map(5) {
72 silly Conflicting override sets       '@graphql-tools/url-loader' => [OverrideSet],
72 silly Conflicting override sets       '@graphql-codegen/client-preset' => [OverrideSet],
72 silly Conflicting override sets       '@graphql-codegen/typescript-operations' => [Circular *1],
72 silly Conflicting override sets       'minimatch' => [OverrideSet],
72 silly Conflicting override sets       'vite' => [OverrideSet]
72 silly Conflicting override sets     }
72 silly Conflicting override sets   },
72 silly Conflicting override sets   children: Map(0) {},
72 silly Conflicting override sets   name: '@graphql-codegen/typescript-operations',
72 silly Conflicting override sets   key: '@graphql-codegen/typescript-operations',
72 silly Conflicting override sets   keySpec: '*',
72 silly Conflicting override sets   value: '4.5.0'
72 silly Conflicting override sets }
73 silly Conflicting override sets auto-bind
74 silly Conflicting override sets <ref *1> OverrideSet {
74 silly Conflicting override sets   parent: OverrideSet {
74 silly Conflicting override sets     parent: undefined,
74 silly Conflicting override sets     children: Map(5) {
74 silly Conflicting override sets       '@graphql-tools/url-loader' => [OverrideSet],
74 silly Conflicting override sets       '@graphql-codegen/client-preset' => [Circular *1],
74 silly Conflicting override sets       '@graphql-codegen/typescript-operations' => [OverrideSet],
74 silly Conflicting override sets       'minimatch' => [OverrideSet],
74 silly Conflicting override sets       'vite' => [OverrideSet]
74 silly Conflicting override sets     }
74 silly Conflicting override sets   },
74 silly Conflicting override sets   children: Map(0) {},
74 silly Conflicting override sets   name: '@graphql-codegen/client-preset',
74 silly Conflicting override sets   key: '@graphql-codegen/client-preset',
74 silly Conflicting override sets   keySpec: '*',
74 silly Conflicting override sets   value: '4.7.0'
74 silly Conflicting override sets } <ref *1> OverrideSet {
74 silly Conflicting override sets   parent: OverrideSet {
74 silly Conflicting override sets     parent: undefined,
74 silly Conflicting override sets     children: Map(5) {
74 silly Conflicting override sets       '@graphql-tools/url-loader' => [OverrideSet],
74 silly Conflicting override sets       '@graphql-codegen/client-preset' => [OverrideSet],
74 silly Conflicting override sets       '@graphql-codegen/typescript-operations' => [Circular *1],
74 silly Conflicting override sets       'minimatch' => [OverrideSet],
74 silly Conflicting override sets       'vite' => [OverrideSet]
74 silly Conflicting override sets     }
74 silly Conflicting override sets   },
74 silly Conflicting override sets   children: Map(0) {},
74 silly Conflicting override sets   name: '@graphql-codegen/typescript-operations',
74 silly Conflicting override sets   key: '@graphql-codegen/typescript-operations',
74 silly Conflicting override sets   keySpec: '*',
74 silly Conflicting override sets   value: '4.5.0'
74 silly Conflicting override sets }
75 silly Conflicting override sets auto-bind
76 silly Conflicting override sets <ref *1> OverrideSet {
76 silly Conflicting override sets   parent: OverrideSet {
76 silly Conflicting override sets     parent: undefined,
76 silly Conflicting override sets     children: Map(5) {
76 silly Conflicting override sets       '@graphql-tools/url-loader' => [OverrideSet],
76 silly Conflicting override sets       '@graphql-codegen/client-preset' => [Circular *1],
76 silly Conflicting override sets       '@graphql-codegen/typescript-operations' => [OverrideSet],
76 silly Conflicting override sets       'minimatch' => [OverrideSet],
76 silly Conflicting override sets       'vite' => [OverrideSet]
76 silly Conflicting override sets     }
76 silly Conflicting override sets   },
76 silly Conflicting override sets   children: Map(0) {},
76 silly Conflicting override sets   name: '@graphql-codegen/client-preset',
76 silly Conflicting override sets   key: '@graphql-codegen/client-preset',
76 silly Conflicting override sets   keySpec: '*',
76 silly Conflicting override sets   value: '4.7.0'
76 silly Conflicting override sets } <ref *1> OverrideSet {
76 silly Conflicting override sets   parent: OverrideSet {
76 silly Conflicting override sets     parent: undefined,
76 silly Conflicting override sets     children: Map(5) {
76 silly Conflicting override sets       '@graphql-tools/url-loader' => [OverrideSet],
76 silly Conflicting override sets       '@graphql-codegen/client-preset' => [OverrideSet],
76 silly Conflicting override sets       '@graphql-codegen/typescript-operations' => [Circular *1],
76 silly Conflicting override sets       'minimatch' => [OverrideSet],
76 silly Conflicting override sets       'vite' => [OverrideSet]
76 silly Conflicting override sets     }
76 silly Conflicting override sets   },
76 silly Conflicting override sets   children: Map(0) {},
76 silly Conflicting override sets   name: '@graphql-codegen/typescript-operations',
76 silly Conflicting override sets   key: '@graphql-codegen/typescript-operations',
76 silly Conflicting override sets   keySpec: '*',
76 silly Conflicting override sets   value: '4.5.0'
76 silly Conflicting override sets }
77 silly Conflicting override sets change-case-all
78 silly Conflicting override sets <ref *1> OverrideSet {
78 silly Conflicting override sets   parent: OverrideSet {
78 silly Conflicting override sets     parent: undefined,
78 silly Conflicting override sets     children: Map(5) {
78 silly Conflicting override sets       '@graphql-tools/url-loader' => [OverrideSet],
78 silly Conflicting override sets       '@graphql-codegen/client-preset' => [Circular *1],
78 silly Conflicting override sets       '@graphql-codegen/typescript-operations' => [OverrideSet],
78 silly Conflicting override sets       'minimatch' => [OverrideSet],
78 silly Conflicting override sets       'vite' => [OverrideSet]
78 silly Conflicting override sets     }
78 silly Conflicting override sets   },
78 silly Conflicting override sets   children: Map(0) {},
78 silly Conflicting override sets   name: '@graphql-codegen/client-preset',
78 silly Conflicting override sets   key: '@graphql-codegen/client-preset',
78 silly Conflicting override sets   keySpec: '*',
78 silly Conflicting override sets   value: '4.7.0'
78 silly Conflicting override sets } <ref *1> OverrideSet {
78 silly Conflicting override sets   parent: OverrideSet {
78 silly Conflicting override sets     parent: undefined,
78 silly Conflicting override sets     children: Map(5) {
78 silly Conflicting override sets       '@graphql-tools/url-loader' => [OverrideSet],
78 silly Conflicting override sets       '@graphql-codegen/client-preset' => [OverrideSet],
78 silly Conflicting override sets       '@graphql-codegen/typescript-operations' => [Circular *1],
78 silly Conflicting override sets       'minimatch' => [OverrideSet],
78 silly Conflicting override sets       'vite' => [OverrideSet]
78 silly Conflicting override sets     }
78 silly Conflicting override sets   },
78 silly Conflicting override sets   children: Map(0) {},
78 silly Conflicting override sets   name: '@graphql-codegen/typescript-operations',
78 silly Conflicting override sets   key: '@graphql-codegen/typescript-operations',
78 silly Conflicting override sets   keySpec: '*',
78 silly Conflicting override sets   value: '4.5.0'
78 silly Conflicting override sets }
79 silly Conflicting override sets change-case-all
80 silly Conflicting override sets <ref *1> OverrideSet {
80 silly Conflicting override sets   parent: OverrideSet {
80 silly Conflicting override sets     parent: undefined,
80 silly Conflicting override sets     children: Map(5) {
80 silly Conflicting override sets       '@graphql-tools/url-loader' => [Circular *1],
80 silly Conflicting override sets       '@graphql-codegen/client-preset' => [OverrideSet],
80 silly Conflicting override sets       '@graphql-codegen/typescript-operations' => [OverrideSet],
80 silly Conflicting override sets       'minimatch' => [OverrideSet],
80 silly Conflicting override sets       'vite' => [OverrideSet]
80 silly Conflicting override sets     }
80 silly Conflicting override sets   },
80 silly Conflicting override sets   children: Map(0) {},
80 silly Conflicting override sets   name: '@graphql-tools/url-loader',
80 silly Conflicting override sets   key: '@graphql-tools/url-loader',
80 silly Conflicting override sets   keySpec: '*',
80 silly Conflicting override sets   value: '8.0.16'
80 silly Conflicting override sets } <ref *1> OverrideSet {
80 silly Conflicting override sets   parent: OverrideSet {
80 silly Conflicting override sets     parent: undefined,
80 silly Conflicting override sets     children: Map(5) {
80 silly Conflicting override sets       '@graphql-tools/url-loader' => [OverrideSet],
80 silly Conflicting override sets       '@graphql-codegen/client-preset' => [Circular *1],
80 silly Conflicting override sets       '@graphql-codegen/typescript-operations' => [OverrideSet],
80 silly Conflicting override sets       'minimatch' => [OverrideSet],
80 silly Conflicting override sets       'vite' => [OverrideSet]
80 silly Conflicting override sets     }
80 silly Conflicting override sets   },
80 silly Conflicting override sets   children: Map(0) {},
80 silly Conflicting override sets   name: '@graphql-codegen/client-preset',
80 silly Conflicting override sets   key: '@graphql-codegen/client-preset',
80 silly Conflicting override sets   keySpec: '*',
80 silly Conflicting override sets   value: '4.7.0'
80 silly Conflicting override sets }
81 silly Conflicting override sets cross-inspect
82 silly Conflicting override sets <ref *1> OverrideSet {
82 silly Conflicting override sets   parent: OverrideSet {
82 silly Conflicting override sets     parent: undefined,
82 silly Conflicting override sets     children: Map(5) {
82 silly Conflicting override sets       '@graphql-tools/url-loader' => [Circular *1],
82 silly Conflicting override sets       '@graphql-codegen/client-preset' => [OverrideSet],
82 silly Conflicting override sets       '@graphql-codegen/typescript-operations' => [OverrideSet],
82 silly Conflicting override sets       'minimatch' => [OverrideSet],
82 silly Conflicting override sets       'vite' => [OverrideSet]
82 silly Conflicting override sets     }
82 silly Conflicting override sets   },
82 silly Conflicting override sets   children: Map(0) {},
82 silly Conflicting override sets   name: '@graphql-tools/url-loader',
82 silly Conflicting override sets   key: '@graphql-tools/url-loader',
82 silly Conflicting override sets   keySpec: '*',
82 silly Conflicting override sets   value: '8.0.16'
82 silly Conflicting override sets } <ref *1> OverrideSet {
82 silly Conflicting override sets   parent: OverrideSet {
82 silly Conflicting override sets     parent: undefined,
82 silly Conflicting override sets     children: Map(5) {
82 silly Conflicting override sets       '@graphql-tools/url-loader' => [OverrideSet],
82 silly Conflicting override sets       '@graphql-codegen/client-preset' => [Circular *1],
82 silly Conflicting override sets       '@graphql-codegen/typescript-operations' => [OverrideSet],
82 silly Conflicting override sets       'minimatch' => [OverrideSet],
82 silly Conflicting override sets       'vite' => [OverrideSet]
82 silly Conflicting override sets     }
82 silly Conflicting override sets   },
82 silly Conflicting override sets   children: Map(0) {},
82 silly Conflicting override sets   name: '@graphql-codegen/client-preset',
82 silly Conflicting override sets   key: '@graphql-codegen/client-preset',
82 silly Conflicting override sets   keySpec: '*',
82 silly Conflicting override sets   value: '4.7.0'
82 silly Conflicting override sets }
83 silly Conflicting override sets cross-inspect
84 silly Conflicting override sets <ref *1> OverrideSet {
84 silly Conflicting override sets   parent: OverrideSet {
84 silly Conflicting override sets     parent: undefined,
84 silly Conflicting override sets     children: Map(5) {
84 silly Conflicting override sets       '@graphql-tools/url-loader' => [OverrideSet],
84 silly Conflicting override sets       '@graphql-codegen/client-preset' => [Circular *1],
84 silly Conflicting override sets       '@graphql-codegen/typescript-operations' => [OverrideSet],
84 silly Conflicting override sets       'minimatch' => [OverrideSet],
84 silly Conflicting override sets       'vite' => [OverrideSet]
84 silly Conflicting override sets     }
84 silly Conflicting override sets   },
84 silly Conflicting override sets   children: Map(0) {},
84 silly Conflicting override sets   name: '@graphql-codegen/client-preset',
84 silly Conflicting override sets   key: '@graphql-codegen/client-preset',
84 silly Conflicting override sets   keySpec: '*',
84 silly Conflicting override sets   value: '4.7.0'
84 silly Conflicting override sets } <ref *1> OverrideSet {
84 silly Conflicting override sets   parent: OverrideSet {
84 silly Conflicting override sets     parent: undefined,
84 silly Conflicting override sets     children: Map(5) {
84 silly Conflicting override sets       '@graphql-tools/url-loader' => [OverrideSet],
84 silly Conflicting override sets       '@graphql-codegen/client-preset' => [OverrideSet],
84 silly Conflicting override sets       '@graphql-codegen/typescript-operations' => [Circular *1],
84 silly Conflicting override sets       'minimatch' => [OverrideSet],
84 silly Conflicting override sets       'vite' => [OverrideSet]
84 silly Conflicting override sets     }
84 silly Conflicting override sets   },
84 silly Conflicting override sets   children: Map(0) {},
84 silly Conflicting override sets   name: '@graphql-codegen/typescript-operations',
84 silly Conflicting override sets   key: '@graphql-codegen/typescript-operations',
84 silly Conflicting override sets   keySpec: '*',
84 silly Conflicting override sets   value: '4.5.0'
84 silly Conflicting override sets }
85 silly Conflicting override sets dependency-graph
86 silly Conflicting override sets <ref *1> OverrideSet {
86 silly Conflicting override sets   parent: OverrideSet {
86 silly Conflicting override sets     parent: undefined,
86 silly Conflicting override sets     children: Map(5) {
86 silly Conflicting override sets       '@graphql-tools/url-loader' => [OverrideSet],
86 silly Conflicting override sets       '@graphql-codegen/client-preset' => [Circular *1],
86 silly Conflicting override sets       '@graphql-codegen/typescript-operations' => [OverrideSet],
86 silly Conflicting override sets       'minimatch' => [OverrideSet],
86 silly Conflicting override sets       'vite' => [OverrideSet]
86 silly Conflicting override sets     }
86 silly Conflicting override sets   },
86 silly Conflicting override sets   children: Map(0) {},
86 silly Conflicting override sets   name: '@graphql-codegen/client-preset',
86 silly Conflicting override sets   key: '@graphql-codegen/client-preset',
86 silly Conflicting override sets   keySpec: '*',
86 silly Conflicting override sets   value: '4.7.0'
86 silly Conflicting override sets } <ref *1> OverrideSet {
86 silly Conflicting override sets   parent: OverrideSet {
86 silly Conflicting override sets     parent: undefined,
86 silly Conflicting override sets     children: Map(5) {
86 silly Conflicting override sets       '@graphql-tools/url-loader' => [OverrideSet],
86 silly Conflicting override sets       '@graphql-codegen/client-preset' => [OverrideSet],
86 silly Conflicting override sets       '@graphql-codegen/typescript-operations' => [Circular *1],
86 silly Conflicting override sets       'minimatch' => [OverrideSet],
86 silly Conflicting override sets       'vite' => [OverrideSet]
86 silly Conflicting override sets     }
86 silly Conflicting override sets   },
86 silly Conflicting override sets   children: Map(0) {},
86 silly Conflicting override sets   name: '@graphql-codegen/typescript-operations',
86 silly Conflicting override sets   key: '@graphql-codegen/typescript-operations',
86 silly Conflicting override sets   keySpec: '*',
86 silly Conflicting override sets   value: '4.5.0'
86 silly Conflicting override sets }
87 silly Conflicting override sets dependency-graph
88 silly Conflicting override sets <ref *1> OverrideSet {
88 silly Conflicting override sets   parent: OverrideSet {
88 silly Conflicting override sets     parent: undefined,
88 silly Conflicting override sets     children: Map(5) {
88 silly Conflicting override sets       '@graphql-tools/url-loader' => [OverrideSet],
88 silly Conflicting override sets       '@graphql-codegen/client-preset' => [Circular *1],
88 silly Conflicting override sets       '@graphql-codegen/typescript-operations' => [OverrideSet],
88 silly Conflicting override sets       'minimatch' => [OverrideSet],
88 silly Conflicting override sets       'vite' => [OverrideSet]
88 silly Conflicting override sets     }
88 silly Conflicting override sets   },
88 silly Conflicting override sets   children: Map(0) {},
88 silly Conflicting override sets   name: '@graphql-codegen/client-preset',
88 silly Conflicting override sets   key: '@graphql-codegen/client-preset',
88 silly Conflicting override sets   keySpec: '*',
88 silly Conflicting override sets   value: '4.7.0'
88 silly Conflicting override sets } <ref *1> OverrideSet {
88 silly Conflicting override sets   parent: OverrideSet {
88 silly Conflicting override sets     parent: undefined,
88 silly Conflicting override sets     children: Map(5) {
88 silly Conflicting override sets       '@graphql-tools/url-loader' => [OverrideSet],
88 silly Conflicting override sets       '@graphql-codegen/client-preset' => [OverrideSet],
88 silly Conflicting override sets       '@graphql-codegen/typescript-operations' => [Circular *1],
88 silly Conflicting override sets       'minimatch' => [OverrideSet],
88 silly Conflicting override sets       'vite' => [OverrideSet]
88 silly Conflicting override sets     }
88 silly Conflicting override sets   },
88 silly Conflicting override sets   children: Map(0) {},
88 silly Conflicting override sets   name: '@graphql-codegen/typescript-operations',
88 silly Conflicting override sets   key: '@graphql-codegen/typescript-operations',
88 silly Conflicting override sets   keySpec: '*',
88 silly Conflicting override sets   value: '4.5.0'
88 silly Conflicting override sets }
89 silly Conflicting override sets graphql
90 silly Conflicting override sets <ref *1> OverrideSet {
90 silly Conflicting override sets   parent: OverrideSet {
90 silly Conflicting override sets     parent: undefined,
90 silly Conflicting override sets     children: Map(5) {
90 silly Conflicting override sets       '@graphql-tools/url-loader' => [OverrideSet],
90 silly Conflicting override sets       '@graphql-codegen/client-preset' => [Circular *1],
90 silly Conflicting override sets       '@graphql-codegen/typescript-operations' => [OverrideSet],
90 silly Conflicting override sets       'minimatch' => [OverrideSet],
90 silly Conflicting override sets       'vite' => [OverrideSet]
90 silly Conflicting override sets     }
90 silly Conflicting override sets   },
90 silly Conflicting override sets   children: Map(0) {},
90 silly Conflicting override sets   name: '@graphql-codegen/client-preset',
90 silly Conflicting override sets   key: '@graphql-codegen/client-preset',
90 silly Conflicting override sets   keySpec: '*',
90 silly Conflicting override sets   value: '4.7.0'
90 silly Conflicting override sets } <ref *1> OverrideSet {
90 silly Conflicting override sets   parent: OverrideSet {
90 silly Conflicting override sets     parent: undefined,
90 silly Conflicting override sets     children: Map(5) {
90 silly Conflicting override sets       '@graphql-tools/url-loader' => [OverrideSet],
90 silly Conflicting override sets       '@graphql-codegen/client-preset' => [OverrideSet],
90 silly Conflicting override sets       '@graphql-codegen/typescript-operations' => [Circular *1],
90 silly Conflicting override sets       'minimatch' => [OverrideSet],
90 silly Conflicting override sets       'vite' => [OverrideSet]
90 silly Conflicting override sets     }
90 silly Conflicting override sets   },
90 silly Conflicting override sets   children: Map(0) {},
90 silly Conflicting override sets   name: '@graphql-codegen/typescript-operations',
90 silly Conflicting override sets   key: '@graphql-codegen/typescript-operations',
90 silly Conflicting override sets   keySpec: '*',
90 silly Conflicting override sets   value: '4.5.0'
90 silly Conflicting override sets }
91 silly Conflicting override sets graphql
92 silly Conflicting override sets <ref *1> OverrideSet {
92 silly Conflicting override sets   parent: OverrideSet {
92 silly Conflicting override sets     parent: undefined,
92 silly Conflicting override sets     children: Map(5) {
92 silly Conflicting override sets       '@graphql-tools/url-loader' => [OverrideSet],
92 silly Conflicting override sets       '@graphql-codegen/client-preset' => [Circular *1],
92 silly Conflicting override sets       '@graphql-codegen/typescript-operations' => [OverrideSet],
92 silly Conflicting override sets       'minimatch' => [OverrideSet],
92 silly Conflicting override sets       'vite' => [OverrideSet]
92 silly Conflicting override sets     }
92 silly Conflicting override sets   },
92 silly Conflicting override sets   children: Map(0) {},
92 silly Conflicting override sets   name: '@graphql-codegen/client-preset',
92 silly Conflicting override sets   key: '@graphql-codegen/client-preset',
92 silly Conflicting override sets   keySpec: '*',
92 silly Conflicting override sets   value: '4.7.0'
92 silly Conflicting override sets } <ref *1> OverrideSet {
92 silly Conflicting override sets   parent: OverrideSet {
92 silly Conflicting override sets     parent: undefined,
92 silly Conflicting override sets     children: Map(5) {
92 silly Conflicting override sets       '@graphql-tools/url-loader' => [OverrideSet],
92 silly Conflicting override sets       '@graphql-codegen/client-preset' => [OverrideSet],
92 silly Conflicting override sets       '@graphql-codegen/typescript-operations' => [Circular *1],
92 silly Conflicting override sets       'minimatch' => [OverrideSet],
92 silly Conflicting override sets       'vite' => [OverrideSet]
92 silly Conflicting override sets     }
92 silly Conflicting override sets   },
92 silly Conflicting override sets   children: Map(0) {},
92 silly Conflicting override sets   name: '@graphql-codegen/typescript-operations',
92 silly Conflicting override sets   key: '@graphql-codegen/typescript-operations',
92 silly Conflicting override sets   keySpec: '*',
92 silly Conflicting override sets   value: '4.5.0'
92 silly Conflicting override sets }
93 silly Conflicting override sets graphql
94 silly Conflicting override sets <ref *1> OverrideSet {
94 silly Conflicting override sets   parent: OverrideSet {
94 silly Conflicting override sets     parent: undefined,
94 silly Conflicting override sets     children: Map(5) {
94 silly Conflicting override sets       '@graphql-tools/url-loader' => [OverrideSet],
94 silly Conflicting override sets       '@graphql-codegen/client-preset' => [Circular *1],
94 silly Conflicting override sets       '@graphql-codegen/typescript-operations' => [OverrideSet],
94 silly Conflicting override sets       'minimatch' => [OverrideSet],
94 silly Conflicting override sets       'vite' => [OverrideSet]
94 silly Conflicting override sets     }
94 silly Conflicting override sets   },
94 silly Conflicting override sets   children: Map(0) {},
94 silly Conflicting override sets   name: '@graphql-codegen/client-preset',
94 silly Conflicting override sets   key: '@graphql-codegen/client-preset',
94 silly Conflicting override sets   keySpec: '*',
94 silly Conflicting override sets   value: '4.7.0'
94 silly Conflicting override sets } <ref *1> OverrideSet {
94 silly Conflicting override sets   parent: OverrideSet {
94 silly Conflicting override sets     parent: undefined,
94 silly Conflicting override sets     children: Map(5) {
94 silly Conflicting override sets       '@graphql-tools/url-loader' => [OverrideSet],
94 silly Conflicting override sets       '@graphql-codegen/client-preset' => [OverrideSet],
94 silly Conflicting override sets       '@graphql-codegen/typescript-operations' => [Circular *1],
94 silly Conflicting override sets       'minimatch' => [OverrideSet],
94 silly Conflicting override sets       'vite' => [OverrideSet]
94 silly Conflicting override sets     }
94 silly Conflicting override sets   },
94 silly Conflicting override sets   children: Map(0) {},
94 silly Conflicting override sets   name: '@graphql-codegen/typescript-operations',
94 silly Conflicting override sets   key: '@graphql-codegen/typescript-operations',
94 silly Conflicting override sets   keySpec: '*',
94 silly Conflicting override sets   value: '4.5.0'
94 silly Conflicting override sets }
95 silly Conflicting override sets graphql
96 silly Conflicting override sets <ref *1> OverrideSet {
96 silly Conflicting override sets   parent: OverrideSet {
96 silly Conflicting override sets     parent: undefined,
96 silly Conflicting override sets     children: Map(5) {
96 silly Conflicting override sets       '@graphql-tools/url-loader' => [OverrideSet],
96 silly Conflicting override sets       '@graphql-codegen/client-preset' => [Circular *1],
96 silly Conflicting override sets       '@graphql-codegen/typescript-operations' => [OverrideSet],
96 silly Conflicting override sets       'minimatch' => [OverrideSet],
96 silly Conflicting override sets       'vite' => [OverrideSet]
96 silly Conflicting override sets     }
96 silly Conflicting override sets   },
96 silly Conflicting override sets   children: Map(0) {},
96 silly Conflicting override sets   name: '@graphql-codegen/client-preset',
96 silly Conflicting override sets   key: '@graphql-codegen/client-preset',
96 silly Conflicting override sets   keySpec: '*',
96 silly Conflicting override sets   value: '4.7.0'
96 silly Conflicting override sets } <ref *1> OverrideSet {
96 silly Conflicting override sets   parent: OverrideSet {
96 silly Conflicting override sets     parent: undefined,
96 silly Conflicting override sets     children: Map(5) {
96 silly Conflicting override sets       '@graphql-tools/url-loader' => [OverrideSet],
96 silly Conflicting override sets       '@graphql-codegen/client-preset' => [OverrideSet],
96 silly Conflicting override sets       '@graphql-codegen/typescript-operations' => [Circular *1],
96 silly Conflicting override sets       'minimatch' => [OverrideSet],
96 silly Conflicting override sets       'vite' => [OverrideSet]
96 silly Conflicting override sets     }
96 silly Conflicting override sets   },
96 silly Conflicting override sets   children: Map(0) {},
96 silly Conflicting override sets   name: '@graphql-codegen/typescript-operations',
96 silly Conflicting override sets   key: '@graphql-codegen/typescript-operations',
96 silly Conflicting override sets   keySpec: '*',
96 silly Conflicting override sets   value: '4.5.0'
96 silly Conflicting override sets }
97 silly Conflicting override sets graphql
98 silly Conflicting override sets <ref *1> OverrideSet {
98 silly Conflicting override sets   parent: OverrideSet {
98 silly Conflicting override sets     parent: undefined,
98 silly Conflicting override sets     children: Map(5) {
98 silly Conflicting override sets       '@graphql-tools/url-loader' => [OverrideSet],
98 silly Conflicting override sets       '@graphql-codegen/client-preset' => [Circular *1],
98 silly Conflicting override sets       '@graphql-codegen/typescript-operations' => [OverrideSet],
98 silly Conflicting override sets       'minimatch' => [OverrideSet],
98 silly Conflicting override sets       'vite' => [OverrideSet]
98 silly Conflicting override sets     }
98 silly Conflicting override sets   },
98 silly Conflicting override sets   children: Map(0) {},
98 silly Conflicting override sets   name: '@graphql-codegen/client-preset',
98 silly Conflicting override sets   key: '@graphql-codegen/client-preset',
98 silly Conflicting override sets   keySpec: '*',
98 silly Conflicting override sets   value: '4.7.0'
98 silly Conflicting override sets } <ref *1> OverrideSet {
98 silly Conflicting override sets   parent: OverrideSet {
98 silly Conflicting override sets     parent: undefined,
98 silly Conflicting override sets     children: Map(5) {
98 silly Conflicting override sets       '@graphql-tools/url-loader' => [Circular *1],
98 silly Conflicting override sets       '@graphql-codegen/client-preset' => [OverrideSet],
98 silly Conflicting override sets       '@graphql-codegen/typescript-operations' => [OverrideSet],
98 silly Conflicting override sets       'minimatch' => [OverrideSet],
98 silly Conflicting override sets       'vite' => [OverrideSet]
98 silly Conflicting override sets     }
98 silly Conflicting override sets   },
98 silly Conflicting override sets   children: Map(0) {},
98 silly Conflicting override sets   name: '@graphql-tools/url-loader',
98 silly Conflicting override sets   key: '@graphql-tools/url-loader',
98 silly Conflicting override sets   keySpec: '*',
98 silly Conflicting override sets   value: '8.0.16'
98 silly Conflicting override sets }
99 silly Conflicting override sets graphql
100 silly Conflicting override sets <ref *1> OverrideSet {
100 silly Conflicting override sets   parent: OverrideSet {
100 silly Conflicting override sets     parent: undefined,
100 silly Conflicting override sets     children: Map(5) {
100 silly Conflicting override sets       '@graphql-tools/url-loader' => [OverrideSet],
100 silly Conflicting override sets       '@graphql-codegen/client-preset' => [Circular *1],
100 silly Conflicting override sets       '@graphql-codegen/typescript-operations' => [OverrideSet],
100 silly Conflicting override sets       'minimatch' => [OverrideSet],
100 silly Conflicting override sets       'vite' => [OverrideSet]
100 silly Conflicting override sets     }
100 silly Conflicting override sets   },
100 silly Conflicting override sets   children: Map(0) {},
100 silly Conflicting override sets   name: '@graphql-codegen/client-preset',
100 silly Conflicting override sets   key: '@graphql-codegen/client-preset',
100 silly Conflicting override sets   keySpec: '*',
100 silly Conflicting override sets   value: '4.7.0'
100 silly Conflicting override sets } <ref *1> OverrideSet {
100 silly Conflicting override sets   parent: OverrideSet {
100 silly Conflicting override sets     parent: undefined,
100 silly Conflicting override sets     children: Map(5) {
100 silly Conflicting override sets       '@graphql-tools/url-loader' => [Circular *1],
100 silly Conflicting override sets       '@graphql-codegen/client-preset' => [OverrideSet],
100 silly Conflicting override sets       '@graphql-codegen/typescript-operations' => [OverrideSet],
100 silly Conflicting override sets       'minimatch' => [OverrideSet],
100 silly Conflicting override sets       'vite' => [OverrideSet]
100 silly Conflicting override sets     }
100 silly Conflicting override sets   },
100 silly Conflicting override sets   children: Map(0) {},
100 silly Conflicting override sets   name: '@graphql-tools/url-loader',
100 silly Conflicting override sets   key: '@graphql-tools/url-loader',
100 silly Conflicting override sets   keySpec: '*',
100 silly Conflicting override sets   value: '8.0.16'
100 silly Conflicting override sets }
101 silly Conflicting override sets graphql
102 silly Conflicting override sets <ref *1> OverrideSet {
102 silly Conflicting override sets   parent: OverrideSet {
102 silly Conflicting override sets     parent: undefined,
102 silly Conflicting override sets     children: Map(5) {
102 silly Conflicting override sets       '@graphql-tools/url-loader' => [OverrideSet],
102 silly Conflicting override sets       '@graphql-codegen/client-preset' => [Circular *1],
102 silly Conflicting override sets       '@graphql-codegen/typescript-operations' => [OverrideSet],
102 silly Conflicting override sets       'minimatch' => [OverrideSet],
102 silly Conflicting override sets       'vite' => [OverrideSet]
102 silly Conflicting override sets     }
102 silly Conflicting override sets   },
102 silly Conflicting override sets   children: Map(0) {},
102 silly Conflicting override sets   name: '@graphql-codegen/client-preset',
102 silly Conflicting override sets   key: '@graphql-codegen/client-preset',
102 silly Conflicting override sets   keySpec: '*',
102 silly Conflicting override sets   value: '4.7.0'
102 silly Conflicting override sets } <ref *1> OverrideSet {
102 silly Conflicting override sets   parent: OverrideSet {
102 silly Conflicting override sets     parent: undefined,
102 silly Conflicting override sets     children: Map(5) {
102 silly Conflicting override sets       '@graphql-tools/url-loader' => [Circular *1],
102 silly Conflicting override sets       '@graphql-codegen/client-preset' => [OverrideSet],
102 silly Conflicting override sets       '@graphql-codegen/typescript-operations' => [OverrideSet],
102 silly Conflicting override sets       'minimatch' => [OverrideSet],
102 silly Conflicting override sets       'vite' => [OverrideSet]
102 silly Conflicting override sets     }
102 silly Conflicting override sets   },
102 silly Conflicting override sets   children: Map(0) {},
102 silly Conflicting override sets   name: '@graphql-tools/url-loader',
102 silly Conflicting override sets   key: '@graphql-tools/url-loader',
102 silly Conflicting override sets   keySpec: '*',
102 silly Conflicting override sets   value: '8.0.16'
102 silly Conflicting override sets }
103 silly Conflicting override sets graphql
104 silly Conflicting override sets <ref *1> OverrideSet {
104 silly Conflicting override sets   parent: OverrideSet {
104 silly Conflicting override sets     parent: undefined,
104 silly Conflicting override sets     children: Map(5) {
104 silly Conflicting override sets       '@graphql-tools/url-loader' => [OverrideSet],
104 silly Conflicting override sets       '@graphql-codegen/client-preset' => [Circular *1],
104 silly Conflicting override sets       '@graphql-codegen/typescript-operations' => [OverrideSet],
104 silly Conflicting override sets       'minimatch' => [OverrideSet],
104 silly Conflicting override sets       'vite' => [OverrideSet]
104 silly Conflicting override sets     }
104 silly Conflicting override sets   },
104 silly Conflicting override sets   children: Map(0) {},
104 silly Conflicting override sets   name: '@graphql-codegen/client-preset',
104 silly Conflicting override sets   key: '@graphql-codegen/client-preset',
104 silly Conflicting override sets   keySpec: '*',
104 silly Conflicting override sets   value: '4.7.0'
104 silly Conflicting override sets } <ref *1> OverrideSet {
104 silly Conflicting override sets   parent: OverrideSet {
104 silly Conflicting override sets     parent: undefined,
104 silly Conflicting override sets     children: Map(5) {
104 silly Conflicting override sets       '@graphql-tools/url-loader' => [Circular *1],
104 silly Conflicting override sets       '@graphql-codegen/client-preset' => [OverrideSet],
104 silly Conflicting override sets       '@graphql-codegen/typescript-operations' => [OverrideSet],
104 silly Conflicting override sets       'minimatch' => [OverrideSet],
104 silly Conflicting override sets       'vite' => [OverrideSet]
104 silly Conflicting override sets     }
104 silly Conflicting override sets   },
104 silly Conflicting override sets   children: Map(0) {},
104 silly Conflicting override sets   name: '@graphql-tools/url-loader',
104 silly Conflicting override sets   key: '@graphql-tools/url-loader',
104 silly Conflicting override sets   keySpec: '*',
104 silly Conflicting override sets   value: '8.0.16'
104 silly Conflicting override sets }
105 silly Conflicting override sets graphql
106 silly Conflicting override sets <ref *1> OverrideSet {
106 silly Conflicting override sets   parent: OverrideSet {
106 silly Conflicting override sets     parent: undefined,
106 silly Conflicting override sets     children: Map(5) {
106 silly Conflicting override sets       '@graphql-tools/url-loader' => [OverrideSet],
106 silly Conflicting override sets       '@graphql-codegen/client-preset' => [Circular *1],
106 silly Conflicting override sets       '@graphql-codegen/typescript-operations' => [OverrideSet],
106 silly Conflicting override sets       'minimatch' => [OverrideSet],
106 silly Conflicting override sets       'vite' => [OverrideSet]
106 silly Conflicting override sets     }
106 silly Conflicting override sets   },
106 silly Conflicting override sets   children: Map(0) {},
106 silly Conflicting override sets   name: '@graphql-codegen/client-preset',
106 silly Conflicting override sets   key: '@graphql-codegen/client-preset',
106 silly Conflicting override sets   keySpec: '*',
106 silly Conflicting override sets   value: '4.7.0'
106 silly Conflicting override sets } <ref *1> OverrideSet {
106 silly Conflicting override sets   parent: OverrideSet {
106 silly Conflicting override sets     parent: undefined,
106 silly Conflicting override sets     children: Map(5) {
106 silly Conflicting override sets       '@graphql-tools/url-loader' => [Circular *1],
106 silly Conflicting override sets       '@graphql-codegen/client-preset' => [OverrideSet],
106 silly Conflicting override sets       '@graphql-codegen/typescript-operations' => [OverrideSet],
106 silly Conflicting override sets       'minimatch' => [OverrideSet],
106 silly Conflicting override sets       'vite' => [OverrideSet]
106 silly Conflicting override sets     }
106 silly Conflicting override sets   },
106 silly Conflicting override sets   children: Map(0) {},
106 silly Conflicting override sets   name: '@graphql-tools/url-loader',
106 silly Conflicting override sets   key: '@graphql-tools/url-loader',
106 silly Conflicting override sets   keySpec: '*',
106 silly Conflicting override sets   value: '8.0.16'
106 silly Conflicting override sets }
107 silly Conflicting override sets graphql
108 silly Conflicting override sets <ref *1> OverrideSet {
108 silly Conflicting override sets   parent: OverrideSet {
108 silly Conflicting override sets     parent: undefined,
108 silly Conflicting override sets     children: Map(5) {
108 silly Conflicting override sets       '@graphql-tools/url-loader' => [OverrideSet],
108 silly Conflicting override sets       '@graphql-codegen/client-preset' => [Circular *1],
108 silly Conflicting override sets       '@graphql-codegen/typescript-operations' => [OverrideSet],
108 silly Conflicting override sets       'minimatch' => [OverrideSet],
108 silly Conflicting override sets       'vite' => [OverrideSet]
108 silly Conflicting override sets     }
108 silly Conflicting override sets   },
108 silly Conflicting override sets   children: Map(0) {},
108 silly Conflicting override sets   name: '@graphql-codegen/client-preset',
108 silly Conflicting override sets   key: '@graphql-codegen/client-preset',
108 silly Conflicting override sets   keySpec: '*',
108 silly Conflicting override sets   value: '4.7.0'
108 silly Conflicting override sets } <ref *1> OverrideSet {
108 silly Conflicting override sets   parent: OverrideSet {
108 silly Conflicting override sets     parent: undefined,
108 silly Conflicting override sets     children: Map(5) {
108 silly Conflicting override sets       '@graphql-tools/url-loader' => [Circular *1],
108 silly Conflicting override sets       '@graphql-codegen/client-preset' => [OverrideSet],
108 silly Conflicting override sets       '@graphql-codegen/typescript-operations' => [OverrideSet],
108 silly Conflicting override sets       'minimatch' => [OverrideSet],
108 silly Conflicting override sets       'vite' => [OverrideSet]
108 silly Conflicting override sets     }
108 silly Conflicting override sets   },
108 silly Conflicting override sets   children: Map(0) {},
108 silly Conflicting override sets   name: '@graphql-tools/url-loader',
108 silly Conflicting override sets   key: '@graphql-tools/url-loader',
108 silly Conflicting override sets   keySpec: '*',
108 silly Conflicting override sets   value: '8.0.16'
108 silly Conflicting override sets }
109 silly Conflicting override sets graphql
110 silly Conflicting override sets <ref *1> OverrideSet {
110 silly Conflicting override sets   parent: OverrideSet {
110 silly Conflicting override sets     parent: undefined,
110 silly Conflicting override sets     children: Map(5) {
110 silly Conflicting override sets       '@graphql-tools/url-loader' => [OverrideSet],
110 silly Conflicting override sets       '@graphql-codegen/client-preset' => [Circular *1],
110 silly Conflicting override sets       '@graphql-codegen/typescript-operations' => [OverrideSet],
110 silly Conflicting override sets       'minimatch' => [OverrideSet],
110 silly Conflicting override sets       'vite' => [OverrideSet]
110 silly Conflicting override sets     }
110 silly Conflicting override sets   },
110 silly Conflicting override sets   children: Map(0) {},
110 silly Conflicting override sets   name: '@graphql-codegen/client-preset',
110 silly Conflicting override sets   key: '@graphql-codegen/client-preset',
110 silly Conflicting override sets   keySpec: '*',
110 silly Conflicting override sets   value: '4.7.0'
110 silly Conflicting override sets } <ref *1> OverrideSet {
110 silly Conflicting override sets   parent: OverrideSet {
110 silly Conflicting override sets     parent: undefined,
110 silly Conflicting override sets     children: Map(5) {
110 silly Conflicting override sets       '@graphql-tools/url-loader' => [Circular *1],
110 silly Conflicting override sets       '@graphql-codegen/client-preset' => [OverrideSet],
110 silly Conflicting override sets       '@graphql-codegen/typescript-operations' => [OverrideSet],
110 silly Conflicting override sets       'minimatch' => [OverrideSet],
110 silly Conflicting override sets       'vite' => [OverrideSet]
110 silly Conflicting override sets     }
110 silly Conflicting override sets   },
110 silly Conflicting override sets   children: Map(0) {},
110 silly Conflicting override sets   name: '@graphql-tools/url-loader',
110 silly Conflicting override sets   key: '@graphql-tools/url-loader',
110 silly Conflicting override sets   keySpec: '*',
110 silly Conflicting override sets   value: '8.0.16'
110 silly Conflicting override sets }
111 silly Conflicting override sets graphql
112 silly Conflicting override sets <ref *1> OverrideSet {
112 silly Conflicting override sets   parent: OverrideSet {
112 silly Conflicting override sets     parent: undefined,
112 silly Conflicting override sets     children: Map(5) {
112 silly Conflicting override sets       '@graphql-tools/url-loader' => [OverrideSet],
112 silly Conflicting override sets       '@graphql-codegen/client-preset' => [Circular *1],
112 silly Conflicting override sets       '@graphql-codegen/typescript-operations' => [OverrideSet],
112 silly Conflicting override sets       'minimatch' => [OverrideSet],
112 silly Conflicting override sets       'vite' => [OverrideSet]
112 silly Conflicting override sets     }
112 silly Conflicting override sets   },
112 silly Conflicting override sets   children: Map(0) {},
112 silly Conflicting override sets   name: '@graphql-codegen/client-preset',
112 silly Conflicting override sets   key: '@graphql-codegen/client-preset',
112 silly Conflicting override sets   keySpec: '*',
112 silly Conflicting override sets   value: '4.7.0'
112 silly Conflicting override sets } <ref *1> OverrideSet {
112 silly Conflicting override sets   parent: OverrideSet {
112 silly Conflicting override sets     parent: undefined,
112 silly Conflicting override sets     children: Map(5) {
112 silly Conflicting override sets       '@graphql-tools/url-loader' => [Circular *1],
112 silly Conflicting override sets       '@graphql-codegen/client-preset' => [OverrideSet],
112 silly Conflicting override sets       '@graphql-codegen/typescript-operations' => [OverrideSet],
112 silly Conflicting override sets       'minimatch' => [OverrideSet],
112 silly Conflicting override sets       'vite' => [OverrideSet]
112 silly Conflicting override sets     }
112 silly Conflicting override sets   },
112 silly Conflicting override sets   children: Map(0) {},
112 silly Conflicting override sets   name: '@graphql-tools/url-loader',
112 silly Conflicting override sets   key: '@graphql-tools/url-loader',
112 silly Conflicting override sets   keySpec: '*',
112 silly Conflicting override sets   value: '8.0.16'
112 silly Conflicting override sets }
113 silly Conflicting override sets graphql
114 silly Conflicting override sets <ref *1> OverrideSet {
114 silly Conflicting override sets   parent: OverrideSet {
114 silly Conflicting override sets     parent: undefined,
114 silly Conflicting override sets     children: Map(5) {
114 silly Conflicting override sets       '@graphql-tools/url-loader' => [OverrideSet],
114 silly Conflicting override sets       '@graphql-codegen/client-preset' => [Circular *1],
114 silly Conflicting override sets       '@graphql-codegen/typescript-operations' => [OverrideSet],
114 silly Conflicting override sets       'minimatch' => [OverrideSet],
114 silly Conflicting override sets       'vite' => [OverrideSet]
114 silly Conflicting override sets     }
114 silly Conflicting override sets   },
114 silly Conflicting override sets   children: Map(0) {},
114 silly Conflicting override sets   name: '@graphql-codegen/client-preset',
114 silly Conflicting override sets   key: '@graphql-codegen/client-preset',
114 silly Conflicting override sets   keySpec: '*',
114 silly Conflicting override sets   value: '4.7.0'
114 silly Conflicting override sets } <ref *1> OverrideSet {
114 silly Conflicting override sets   parent: OverrideSet {
114 silly Conflicting override sets     parent: undefined,
114 silly Conflicting override sets     children: Map(5) {
114 silly Conflicting override sets       '@graphql-tools/url-loader' => [Circular *1],
114 silly Conflicting override sets       '@graphql-codegen/client-preset' => [OverrideSet],
114 silly Conflicting override sets       '@graphql-codegen/typescript-operations' => [OverrideSet],
114 silly Conflicting override sets       'minimatch' => [OverrideSet],
114 silly Conflicting override sets       'vite' => [OverrideSet]
114 silly Conflicting override sets     }
114 silly Conflicting override sets   },
114 silly Conflicting override sets   children: Map(0) {},
114 silly Conflicting override sets   name: '@graphql-tools/url-loader',
114 silly Conflicting override sets   key: '@graphql-tools/url-loader',
114 silly Conflicting override sets   keySpec: '*',
114 silly Conflicting override sets   value: '8.0.16'
114 silly Conflicting override sets }
115 silly Conflicting override sets graphql
116 silly Conflicting override sets <ref *1> OverrideSet {
116 silly Conflicting override sets   parent: OverrideSet {
116 silly Conflicting override sets     parent: undefined,
116 silly Conflicting override sets     children: Map(5) {
116 silly Conflicting override sets       '@graphql-tools/url-loader' => [OverrideSet],
116 silly Conflicting override sets       '@graphql-codegen/client-preset' => [Circular *1],
116 silly Conflicting override sets       '@graphql-codegen/typescript-operations' => [OverrideSet],
116 silly Conflicting override sets       'minimatch' => [OverrideSet],
116 silly Conflicting override sets       'vite' => [OverrideSet]
116 silly Conflicting override sets     }
116 silly Conflicting override sets   },
116 silly Conflicting override sets   children: Map(0) {},
116 silly Conflicting override sets   name: '@graphql-codegen/client-preset',
116 silly Conflicting override sets   key: '@graphql-codegen/client-preset',
116 silly Conflicting override sets   keySpec: '*',
116 silly Conflicting override sets   value: '4.7.0'
116 silly Conflicting override sets } <ref *1> OverrideSet {
116 silly Conflicting override sets   parent: OverrideSet {
116 silly Conflicting override sets     parent: undefined,
116 silly Conflicting override sets     children: Map(5) {
116 silly Conflicting override sets       '@graphql-tools/url-loader' => [Circular *1],
116 silly Conflicting override sets       '@graphql-codegen/client-preset' => [OverrideSet],
116 silly Conflicting override sets       '@graphql-codegen/typescript-operations' => [OverrideSet],
116 silly Conflicting override sets       'minimatch' => [OverrideSet],
116 silly Conflicting override sets       'vite' => [OverrideSet]
116 silly Conflicting override sets     }
116 silly Conflicting override sets   },
116 silly Conflicting override sets   children: Map(0) {},
116 silly Conflicting override sets   name: '@graphql-tools/url-loader',
116 silly Conflicting override sets   key: '@graphql-tools/url-loader',
116 silly Conflicting override sets   keySpec: '*',
116 silly Conflicting override sets   value: '8.0.16'
116 silly Conflicting override sets }
117 silly Conflicting override sets graphql
118 silly Conflicting override sets <ref *1> OverrideSet {
118 silly Conflicting override sets   parent: OverrideSet {
118 silly Conflicting override sets     parent: undefined,
118 silly Conflicting override sets     children: Map(5) {
118 silly Conflicting override sets       '@graphql-tools/url-loader' => [OverrideSet],
118 silly Conflicting override sets       '@graphql-codegen/client-preset' => [Circular *1],
118 silly Conflicting override sets       '@graphql-codegen/typescript-operations' => [OverrideSet],
118 silly Conflicting override sets       'minimatch' => [OverrideSet],
118 silly Conflicting override sets       'vite' => [OverrideSet]
118 silly Conflicting override sets     }
118 silly Conflicting override sets   },
118 silly Conflicting override sets   children: Map(0) {},
118 silly Conflicting override sets   name: '@graphql-codegen/client-preset',
118 silly Conflicting override sets   key: '@graphql-codegen/client-preset',
118 silly Conflicting override sets   keySpec: '*',
118 silly Conflicting override sets   value: '4.7.0'
118 silly Conflicting override sets } <ref *1> OverrideSet {
118 silly Conflicting override sets   parent: OverrideSet {
118 silly Conflicting override sets     parent: undefined,
118 silly Conflicting override sets     children: Map(5) {
118 silly Conflicting override sets       '@graphql-tools/url-loader' => [Circular *1],
118 silly Conflicting override sets       '@graphql-codegen/client-preset' => [OverrideSet],
118 silly Conflicting override sets       '@graphql-codegen/typescript-operations' => [OverrideSet],
118 silly Conflicting override sets       'minimatch' => [OverrideSet],
118 silly Conflicting override sets       'vite' => [OverrideSet]
118 silly Conflicting override sets     }
118 silly Conflicting override sets   },
118 silly Conflicting override sets   children: Map(0) {},
118 silly Conflicting override sets   name: '@graphql-tools/url-loader',
118 silly Conflicting override sets   key: '@graphql-tools/url-loader',
118 silly Conflicting override sets   keySpec: '*',
118 silly Conflicting override sets   value: '8.0.16'
118 silly Conflicting override sets }
119 silly Conflicting override sets graphql
120 silly Conflicting override sets <ref *1> OverrideSet {
120 silly Conflicting override sets   parent: OverrideSet {
120 silly Conflicting override sets     parent: undefined,
120 silly Conflicting override sets     children: Map(5) {
120 silly Conflicting override sets       '@graphql-tools/url-loader' => [OverrideSet],
120 silly Conflicting override sets       '@graphql-codegen/client-preset' => [Circular *1],
120 silly Conflicting override sets       '@graphql-codegen/typescript-operations' => [OverrideSet],
120 silly Conflicting override sets       'minimatch' => [OverrideSet],
120 silly Conflicting override sets       'vite' => [OverrideSet]
120 silly Conflicting override sets     }
120 silly Conflicting override sets   },
120 silly Conflicting override sets   children: Map(0) {},
120 silly Conflicting override sets   name: '@graphql-codegen/client-preset',
120 silly Conflicting override sets   key: '@graphql-codegen/client-preset',
120 silly Conflicting override sets   keySpec: '*',
120 silly Conflicting override sets   value: '4.7.0'
120 silly Conflicting override sets } <ref *1> OverrideSet {
120 silly Conflicting override sets   parent: OverrideSet {
120 silly Conflicting override sets     parent: undefined,
120 silly Conflicting override sets     children: Map(5) {
120 silly Conflicting override sets       '@graphql-tools/url-loader' => [Circular *1],
120 silly Conflicting override sets       '@graphql-codegen/client-preset' => [OverrideSet],
120 silly Conflicting override sets       '@graphql-codegen/typescript-operations' => [OverrideSet],
120 silly Conflicting override sets       'minimatch' => [OverrideSet],
120 silly Conflicting override sets       'vite' => [OverrideSet]
120 silly Conflicting override sets     }
120 silly Conflicting override sets   },
120 silly Conflicting override sets   children: Map(0) {},
120 silly Conflicting override sets   name: '@graphql-tools/url-loader',
120 silly Conflicting override sets   key: '@graphql-tools/url-loader',
120 silly Conflicting override sets   keySpec: '*',
120 silly Conflicting override sets   value: '8.0.16'
120 silly Conflicting override sets }
121 silly Conflicting override sets graphql
122 silly Conflicting override sets <ref *1> OverrideSet {
122 silly Conflicting override sets   parent: OverrideSet {
122 silly Conflicting override sets     parent: undefined,
122 silly Conflicting override sets     children: Map(5) {
122 silly Conflicting override sets       '@graphql-tools/url-loader' => [OverrideSet],
122 silly Conflicting override sets       '@graphql-codegen/client-preset' => [Circular *1],
122 silly Conflicting override sets       '@graphql-codegen/typescript-operations' => [OverrideSet],
122 silly Conflicting override sets       'minimatch' => [OverrideSet],
122 silly Conflicting override sets       'vite' => [OverrideSet]
122 silly Conflicting override sets     }
122 silly Conflicting override sets   },
122 silly Conflicting override sets   children: Map(0) {},
122 silly Conflicting override sets   name: '@graphql-codegen/client-preset',
122 silly Conflicting override sets   key: '@graphql-codegen/client-preset',
122 silly Conflicting override sets   keySpec: '*',
122 silly Conflicting override sets   value: '4.7.0'
122 silly Conflicting override sets } <ref *1> OverrideSet {
122 silly Conflicting override sets   parent: OverrideSet {
122 silly Conflicting override sets     parent: undefined,
122 silly Conflicting override sets     children: Map(5) {
122 silly Conflicting override sets       '@graphql-tools/url-loader' => [Circular *1],
122 silly Conflicting override sets       '@graphql-codegen/client-preset' => [OverrideSet],
122 silly Conflicting override sets       '@graphql-codegen/typescript-operations' => [OverrideSet],
122 silly Conflicting override sets       'minimatch' => [OverrideSet],
122 silly Conflicting override sets       'vite' => [OverrideSet]
122 silly Conflicting override sets     }
122 silly Conflicting override sets   },
122 silly Conflicting override sets   children: Map(0) {},
122 silly Conflicting override sets   name: '@graphql-tools/url-loader',
122 silly Conflicting override sets   key: '@graphql-tools/url-loader',
122 silly Conflicting override sets   keySpec: '*',
122 silly Conflicting override sets   value: '8.0.16'
122 silly Conflicting override sets }
123 silly Conflicting override sets graphql
124 silly Conflicting override sets <ref *1> OverrideSet {
124 silly Conflicting override sets   parent: OverrideSet {
124 silly Conflicting override sets     parent: undefined,
124 silly Conflicting override sets     children: Map(5) {
124 silly Conflicting override sets       '@graphql-tools/url-loader' => [OverrideSet],
124 silly Conflicting override sets       '@graphql-codegen/client-preset' => [Circular *1],
124 silly Conflicting override sets       '@graphql-codegen/typescript-operations' => [OverrideSet],
124 silly Conflicting override sets       'minimatch' => [OverrideSet],
124 silly Conflicting override sets       'vite' => [OverrideSet]
124 silly Conflicting override sets     }
124 silly Conflicting override sets   },
124 silly Conflicting override sets   children: Map(0) {},
124 silly Conflicting override sets   name: '@graphql-codegen/client-preset',
124 silly Conflicting override sets   key: '@graphql-codegen/client-preset',
124 silly Conflicting override sets   keySpec: '*',
124 silly Conflicting override sets   value: '4.7.0'
124 silly Conflicting override sets } <ref *1> OverrideSet {
124 silly Conflicting override sets   parent: OverrideSet {
124 silly Conflicting override sets     parent: undefined,
124 silly Conflicting override sets     children: Map(5) {
124 silly Conflicting override sets       '@graphql-tools/url-loader' => [Circular *1],
124 silly Conflicting override sets       '@graphql-codegen/client-preset' => [OverrideSet],
124 silly Conflicting override sets       '@graphql-codegen/typescript-operations' => [OverrideSet],
124 silly Conflicting override sets       'minimatch' => [OverrideSet],
124 silly Conflicting override sets       'vite' => [OverrideSet]
124 silly Conflicting override sets     }
124 silly Conflicting override sets   },
124 silly Conflicting override sets   children: Map(0) {},
124 silly Conflicting override sets   name: '@graphql-tools/url-loader',
124 silly Conflicting override sets   key: '@graphql-tools/url-loader',
124 silly Conflicting override sets   keySpec: '*',
124 silly Conflicting override sets   value: '8.0.16'
124 silly Conflicting override sets }
125 silly Conflicting override sets graphql
126 silly Conflicting override sets <ref *1> OverrideSet {
126 silly Conflicting override sets   parent: OverrideSet {
126 silly Conflicting override sets     parent: undefined,
126 silly Conflicting override sets     children: Map(5) {
126 silly Conflicting override sets       '@graphql-tools/url-loader' => [OverrideSet],
126 silly Conflicting override sets       '@graphql-codegen/client-preset' => [Circular *1],
126 silly Conflicting override sets       '@graphql-codegen/typescript-operations' => [OverrideSet],
126 silly Conflicting override sets       'minimatch' => [OverrideSet],
126 silly Conflicting override sets       'vite' => [OverrideSet]
126 silly Conflicting override sets     }
126 silly Conflicting override sets   },
126 silly Conflicting override sets   children: Map(0) {},
126 silly Conflicting override sets   name: '@graphql-codegen/client-preset',
126 silly Conflicting override sets   key: '@graphql-codegen/client-preset',
126 silly Conflicting override sets   keySpec: '*',
126 silly Conflicting override sets   value: '4.7.0'
126 silly Conflicting override sets } <ref *1> OverrideSet {
126 silly Conflicting override sets   parent: OverrideSet {
126 silly Conflicting override sets     parent: undefined,
126 silly Conflicting override sets     children: Map(5) {
126 silly Conflicting override sets       '@graphql-tools/url-loader' => [Circular *1],
126 silly Conflicting override sets       '@graphql-codegen/client-preset' => [OverrideSet],
126 silly Conflicting override sets       '@graphql-codegen/typescript-operations' => [OverrideSet],
126 silly Conflicting override sets       'minimatch' => [OverrideSet],
126 silly Conflicting override sets       'vite' => [OverrideSet]
126 silly Conflicting override sets     }
126 silly Conflicting override sets   },
126 silly Conflicting override sets   children: Map(0) {},
126 silly Conflicting override sets   name: '@graphql-tools/url-loader',
126 silly Conflicting override sets   key: '@graphql-tools/url-loader',
126 silly Conflicting override sets   keySpec: '*',
126 silly Conflicting override sets   value: '8.0.16'
126 silly Conflicting override sets }
127 silly Conflicting override sets graphql
128 silly Conflicting override sets <ref *1> OverrideSet {
128 silly Conflicting override sets   parent: OverrideSet {
128 silly Conflicting override sets     parent: undefined,
128 silly Conflicting override sets     children: Map(5) {
128 silly Conflicting override sets       '@graphql-tools/url-loader' => [OverrideSet],
128 silly Conflicting override sets       '@graphql-codegen/client-preset' => [Circular *1],
128 silly Conflicting override sets       '@graphql-codegen/typescript-operations' => [OverrideSet],
128 silly Conflicting override sets       'minimatch' => [OverrideSet],
128 silly Conflicting override sets       'vite' => [OverrideSet]
128 silly Conflicting override sets     }
128 silly Conflicting override sets   },
128 silly Conflicting override sets   children: Map(0) {},
128 silly Conflicting override sets   name: '@graphql-codegen/client-preset',
128 silly Conflicting override sets   key: '@graphql-codegen/client-preset',
128 silly Conflicting override sets   keySpec: '*',
128 silly Conflicting override sets   value: '4.7.0'
128 silly Conflicting override sets } <ref *1> OverrideSet {
128 silly Conflicting override sets   parent: OverrideSet {
128 silly Conflicting override sets     parent: undefined,
128 silly Conflicting override sets     children: Map(5) {
128 silly Conflicting override sets       '@graphql-tools/url-loader' => [Circular *1],
128 silly Conflicting override sets       '@graphql-codegen/client-preset' => [OverrideSet],
128 silly Conflicting override sets       '@graphql-codegen/typescript-operations' => [OverrideSet],
128 silly Conflicting override sets       'minimatch' => [OverrideSet],
128 silly Conflicting override sets       'vite' => [OverrideSet]
128 silly Conflicting override sets     }
128 silly Conflicting override sets   },
128 silly Conflicting override sets   children: Map(0) {},
128 silly Conflicting override sets   name: '@graphql-tools/url-loader',
128 silly Conflicting override sets   key: '@graphql-tools/url-loader',
128 silly Conflicting override sets   keySpec: '*',
128 silly Conflicting override sets   value: '8.0.16'
128 silly Conflicting override sets }
129 silly Conflicting override sets graphql
130 silly Conflicting override sets <ref *1> OverrideSet {
130 silly Conflicting override sets   parent: OverrideSet {
130 silly Conflicting override sets     parent: undefined,
130 silly Conflicting override sets     children: Map(5) {
130 silly Conflicting override sets       '@graphql-tools/url-loader' => [OverrideSet],
130 silly Conflicting override sets       '@graphql-codegen/client-preset' => [Circular *1],
130 silly Conflicting override sets       '@graphql-codegen/typescript-operations' => [OverrideSet],
130 silly Conflicting override sets       'minimatch' => [OverrideSet],
130 silly Conflicting override sets       'vite' => [OverrideSet]
130 silly Conflicting override sets     }
130 silly Conflicting override sets   },
130 silly Conflicting override sets   children: Map(0) {},
130 silly Conflicting override sets   name: '@graphql-codegen/client-preset',
130 silly Conflicting override sets   key: '@graphql-codegen/client-preset',
130 silly Conflicting override sets   keySpec: '*',
130 silly Conflicting override sets   value: '4.7.0'
130 silly Conflicting override sets } <ref *1> OverrideSet {
130 silly Conflicting override sets   parent: OverrideSet {
130 silly Conflicting override sets     parent: undefined,
130 silly Conflicting override sets     children: Map(5) {
130 silly Conflicting override sets       '@graphql-tools/url-loader' => [OverrideSet],
130 silly Conflicting override sets       '@graphql-codegen/client-preset' => [OverrideSet],
130 silly Conflicting override sets       '@graphql-codegen/typescript-operations' => [Circular *1],
130 silly Conflicting override sets       'minimatch' => [OverrideSet],
130 silly Conflicting override sets       'vite' => [OverrideSet]
130 silly Conflicting override sets     }
130 silly Conflicting override sets   },
130 silly Conflicting override sets   children: Map(0) {},
130 silly Conflicting override sets   name: '@graphql-codegen/typescript-operations',
130 silly Conflicting override sets   key: '@graphql-codegen/typescript-operations',
130 silly Conflicting override sets   keySpec: '*',
130 silly Conflicting override sets   value: '4.5.0'
130 silly Conflicting override sets }
131 silly Conflicting override sets graphql-tag
132 silly Conflicting override sets <ref *1> OverrideSet {
132 silly Conflicting override sets   parent: OverrideSet {
132 silly Conflicting override sets     parent: undefined,
132 silly Conflicting override sets     children: Map(5) {
132 silly Conflicting override sets       '@graphql-tools/url-loader' => [OverrideSet],
132 silly Conflicting override sets       '@graphql-codegen/client-preset' => [Circular *1],
132 silly Conflicting override sets       '@graphql-codegen/typescript-operations' => [OverrideSet],
132 silly Conflicting override sets       'minimatch' => [OverrideSet],
132 silly Conflicting override sets       'vite' => [OverrideSet]
132 silly Conflicting override sets     }
132 silly Conflicting override sets   },
132 silly Conflicting override sets   children: Map(0) {},
132 silly Conflicting override sets   name: '@graphql-codegen/client-preset',
132 silly Conflicting override sets   key: '@graphql-codegen/client-preset',
132 silly Conflicting override sets   keySpec: '*',
132 silly Conflicting override sets   value: '4.7.0'
132 silly Conflicting override sets } <ref *1> OverrideSet {
132 silly Conflicting override sets   parent: OverrideSet {
132 silly Conflicting override sets     parent: undefined,
132 silly Conflicting override sets     children: Map(5) {
132 silly Conflicting override sets       '@graphql-tools/url-loader' => [OverrideSet],
132 silly Conflicting override sets       '@graphql-codegen/client-preset' => [OverrideSet],
132 silly Conflicting override sets       '@graphql-codegen/typescript-operations' => [Circular *1],
132 silly Conflicting override sets       'minimatch' => [OverrideSet],
132 silly Conflicting override sets       'vite' => [OverrideSet]
132 silly Conflicting override sets     }
132 silly Conflicting override sets   },
132 silly Conflicting override sets   children: Map(0) {},
132 silly Conflicting override sets   name: '@graphql-codegen/typescript-operations',
132 silly Conflicting override sets   key: '@graphql-codegen/typescript-operations',
132 silly Conflicting override sets   keySpec: '*',
132 silly Conflicting override sets   value: '4.5.0'
132 silly Conflicting override sets }
133 silly Conflicting override sets graphql-tag
134 silly Conflicting override sets <ref *1> OverrideSet {
134 silly Conflicting override sets   parent: OverrideSet {
134 silly Conflicting override sets     parent: undefined,
134 silly Conflicting override sets     children: Map(5) {
134 silly Conflicting override sets       '@graphql-tools/url-loader' => [OverrideSet],
134 silly Conflicting override sets       '@graphql-codegen/client-preset' => [Circular *1],
134 silly Conflicting override sets       '@graphql-codegen/typescript-operations' => [OverrideSet],
134 silly Conflicting override sets       'minimatch' => [OverrideSet],
134 silly Conflicting override sets       'vite' => [OverrideSet]
134 silly Conflicting override sets     }
134 silly Conflicting override sets   },
134 silly Conflicting override sets   children: Map(0) {},
134 silly Conflicting override sets   name: '@graphql-codegen/client-preset',
134 silly Conflicting override sets   key: '@graphql-codegen/client-preset',
134 silly Conflicting override sets   keySpec: '*',
134 silly Conflicting override sets   value: '4.7.0'
134 silly Conflicting override sets } <ref *1> OverrideSet {
134 silly Conflicting override sets   parent: OverrideSet {
134 silly Conflicting override sets     parent: undefined,
134 silly Conflicting override sets     children: Map(5) {
134 silly Conflicting override sets       '@graphql-tools/url-loader' => [Circular *1],
134 silly Conflicting override sets       '@graphql-codegen/client-preset' => [OverrideSet],
134 silly Conflicting override sets       '@graphql-codegen/typescript-operations' => [OverrideSet],
134 silly Conflicting override sets       'minimatch' => [OverrideSet],
134 silly Conflicting override sets       'vite' => [OverrideSet]
134 silly Conflicting override sets     }
134 silly Conflicting override sets   },
134 silly Conflicting override sets   children: Map(0) {},
134 silly Conflicting override sets   name: '@graphql-tools/url-loader',
134 silly Conflicting override sets   key: '@graphql-tools/url-loader',
134 silly Conflicting override sets   keySpec: '*',
134 silly Conflicting override sets   value: '8.0.16'
134 silly Conflicting override sets }
135 silly Conflicting override sets graphql
136 silly Conflicting override sets <ref *1> OverrideSet {
136 silly Conflicting override sets   parent: OverrideSet {
136 silly Conflicting override sets     parent: undefined,
136 silly Conflicting override sets     children: Map(5) {
136 silly Conflicting override sets       '@graphql-tools/url-loader' => [OverrideSet],
136 silly Conflicting override sets       '@graphql-codegen/client-preset' => [Circular *1],
136 silly Conflicting override sets       '@graphql-codegen/typescript-operations' => [OverrideSet],
136 silly Conflicting override sets       'minimatch' => [OverrideSet],
136 silly Conflicting override sets       'vite' => [OverrideSet]
136 silly Conflicting override sets     }
136 silly Conflicting override sets   },
136 silly Conflicting override sets   children: Map(0) {},
136 silly Conflicting override sets   name: '@graphql-codegen/client-preset',
136 silly Conflicting override sets   key: '@graphql-codegen/client-preset',
136 silly Conflicting override sets   keySpec: '*',
136 silly Conflicting override sets   value: '4.7.0'
136 silly Conflicting override sets } <ref *1> OverrideSet {
136 silly Conflicting override sets   parent: OverrideSet {
136 silly Conflicting override sets     parent: undefined,
136 silly Conflicting override sets     children: Map(5) {
136 silly Conflicting override sets       '@graphql-tools/url-loader' => [OverrideSet],
136 silly Conflicting override sets       '@graphql-codegen/client-preset' => [OverrideSet],
136 silly Conflicting override sets       '@graphql-codegen/typescript-operations' => [Circular *1],
136 silly Conflicting override sets       'minimatch' => [OverrideSet],
136 silly Conflicting override sets       'vite' => [OverrideSet]
136 silly Conflicting override sets     }
136 silly Conflicting override sets   },
136 silly Conflicting override sets   children: Map(0) {},
136 silly Conflicting override sets   name: '@graphql-codegen/typescript-operations',
136 silly Conflicting override sets   key: '@graphql-codegen/typescript-operations',
136 silly Conflicting override sets   keySpec: '*',
136 silly Conflicting override sets   value: '4.5.0'
136 silly Conflicting override sets }
137 silly Conflicting override sets parse-filepath
138 silly Conflicting override sets <ref *1> OverrideSet {
138 silly Conflicting override sets   parent: OverrideSet {
138 silly Conflicting override sets     parent: undefined,
138 silly Conflicting override sets     children: Map(5) {
138 silly Conflicting override sets       '@graphql-tools/url-loader' => [OverrideSet],
138 silly Conflicting override sets       '@graphql-codegen/client-preset' => [Circular *1],
138 silly Conflicting override sets       '@graphql-codegen/typescript-operations' => [OverrideSet],
138 silly Conflicting override sets       'minimatch' => [OverrideSet],
138 silly Conflicting override sets       'vite' => [OverrideSet]
138 silly Conflicting override sets     }
138 silly Conflicting override sets   },
138 silly Conflicting override sets   children: Map(0) {},
138 silly Conflicting override sets   name: '@graphql-codegen/client-preset',
138 silly Conflicting override sets   key: '@graphql-codegen/client-preset',
138 silly Conflicting override sets   keySpec: '*',
138 silly Conflicting override sets   value: '4.7.0'
138 silly Conflicting override sets } <ref *1> OverrideSet {
138 silly Conflicting override sets   parent: OverrideSet {
138 silly Conflicting override sets     parent: undefined,
138 silly Conflicting override sets     children: Map(5) {
138 silly Conflicting override sets       '@graphql-tools/url-loader' => [OverrideSet],
138 silly Conflicting override sets       '@graphql-codegen/client-preset' => [OverrideSet],
138 silly Conflicting override sets       '@graphql-codegen/typescript-operations' => [Circular *1],
138 silly Conflicting override sets       'minimatch' => [OverrideSet],
138 silly Conflicting override sets       'vite' => [OverrideSet]
138 silly Conflicting override sets     }
138 silly Conflicting override sets   },
138 silly Conflicting override sets   children: Map(0) {},
138 silly Conflicting override sets   name: '@graphql-codegen/typescript-operations',
138 silly Conflicting override sets   key: '@graphql-codegen/typescript-operations',
138 silly Conflicting override sets   keySpec: '*',
138 silly Conflicting override sets   value: '4.5.0'
138 silly Conflicting override sets }
139 silly Conflicting override sets parse-filepath
140 silly Conflicting override sets <ref *1> OverrideSet {
140 silly Conflicting override sets   parent: OverrideSet {
140 silly Conflicting override sets     parent: undefined,
140 silly Conflicting override sets     children: Map(5) {
140 silly Conflicting override sets       '@graphql-tools/url-loader' => [Circular *1],
140 silly Conflicting override sets       '@graphql-codegen/client-preset' => [OverrideSet],
140 silly Conflicting override sets       '@graphql-codegen/typescript-operations' => [OverrideSet],
140 silly Conflicting override sets       'minimatch' => [OverrideSet],
140 silly Conflicting override sets       'vite' => [OverrideSet]
140 silly Conflicting override sets     }
140 silly Conflicting override sets   },
140 silly Conflicting override sets   children: Map(0) {},
140 silly Conflicting override sets   name: '@graphql-tools/url-loader',
140 silly Conflicting override sets   key: '@graphql-tools/url-loader',
140 silly Conflicting override sets   keySpec: '*',
140 silly Conflicting override sets   value: '8.0.16'
140 silly Conflicting override sets } <ref *1> OverrideSet {
140 silly Conflicting override sets   parent: OverrideSet {
140 silly Conflicting override sets     parent: undefined,
140 silly Conflicting override sets     children: Map(5) {
140 silly Conflicting override sets       '@graphql-tools/url-loader' => [OverrideSet],
140 silly Conflicting override sets       '@graphql-codegen/client-preset' => [Circular *1],
140 silly Conflicting override sets       '@graphql-codegen/typescript-operations' => [OverrideSet],
140 silly Conflicting override sets       'minimatch' => [OverrideSet],
140 silly Conflicting override sets       'vite' => [OverrideSet]
140 silly Conflicting override sets     }
140 silly Conflicting override sets   },
140 silly Conflicting override sets   children: Map(0) {},
140 silly Conflicting override sets   name: '@graphql-codegen/client-preset',
140 silly Conflicting override sets   key: '@graphql-codegen/client-preset',
140 silly Conflicting override sets   keySpec: '*',
140 silly Conflicting override sets   value: '4.7.0'
140 silly Conflicting override sets }
141 silly Conflicting override sets tslib
142 silly Conflicting override sets <ref *1> OverrideSet {
142 silly Conflicting override sets   parent: OverrideSet {
142 silly Conflicting override sets     parent: undefined,
142 silly Conflicting override sets     children: Map(5) {
142 silly Conflicting override sets       '@graphql-tools/url-loader' => [Circular *1],
142 silly Conflicting override sets       '@graphql-codegen/client-preset' => [OverrideSet],
142 silly Conflicting override sets       '@graphql-codegen/typescript-operations' => [OverrideSet],
142 silly Conflicting override sets       'minimatch' => [OverrideSet],
142 silly Conflicting override sets       'vite' => [OverrideSet]
142 silly Conflicting override sets     }
142 silly Conflicting override sets   },
142 silly Conflicting override sets   children: Map(0) {},
142 silly Conflicting override sets   name: '@graphql-tools/url-loader',
142 silly Conflicting override sets   key: '@graphql-tools/url-loader',
142 silly Conflicting override sets   keySpec: '*',
142 silly Conflicting override sets   value: '8.0.16'
142 silly Conflicting override sets } <ref *1> OverrideSet {
142 silly Conflicting override sets   parent: OverrideSet {
142 silly Conflicting override sets     parent: undefined,
142 silly Conflicting override sets     children: Map(5) {
142 silly Conflicting override sets       '@graphql-tools/url-loader' => [OverrideSet],
142 silly Conflicting override sets       '@graphql-codegen/client-preset' => [Circular *1],
142 silly Conflicting override sets       '@graphql-codegen/typescript-operations' => [OverrideSet],
142 silly Conflicting override sets       'minimatch' => [OverrideSet],
142 silly Conflicting override sets       'vite' => [OverrideSet]
142 silly Conflicting override sets     }
142 silly Conflicting override sets   },
142 silly Conflicting override sets   children: Map(0) {},
142 silly Conflicting override sets   name: '@graphql-codegen/client-preset',
142 silly Conflicting override sets   key: '@graphql-codegen/client-preset',
142 silly Conflicting override sets   keySpec: '*',
142 silly Conflicting override sets   value: '4.7.0'
142 silly Conflicting override sets }
143 silly Conflicting override sets tslib
144 silly Conflicting override sets <ref *1> OverrideSet {
144 silly Conflicting override sets   parent: OverrideSet {
144 silly Conflicting override sets     parent: undefined,
144 silly Conflicting override sets     children: Map(5) {
144 silly Conflicting override sets       '@graphql-tools/url-loader' => [Circular *1],
144 silly Conflicting override sets       '@graphql-codegen/client-preset' => [OverrideSet],
144 silly Conflicting override sets       '@graphql-codegen/typescript-operations' => [OverrideSet],
144 silly Conflicting override sets       'minimatch' => [OverrideSet],
144 silly Conflicting override sets       'vite' => [OverrideSet]
144 silly Conflicting override sets     }
144 silly Conflicting override sets   },
144 silly Conflicting override sets   children: Map(0) {},
144 silly Conflicting override sets   name: '@graphql-tools/url-loader',
144 silly Conflicting override sets   key: '@graphql-tools/url-loader',
144 silly Conflicting override sets   keySpec: '*',
144 silly Conflicting override sets   value: '8.0.16'
144 silly Conflicting override sets } <ref *1> OverrideSet {
144 silly Conflicting override sets   parent: OverrideSet {
144 silly Conflicting override sets     parent: undefined,
144 silly Conflicting override sets     children: Map(5) {
144 silly Conflicting override sets       '@graphql-tools/url-loader' => [OverrideSet],
144 silly Conflicting override sets       '@graphql-codegen/client-preset' => [Circular *1],
144 silly Conflicting override sets       '@graphql-codegen/typescript-operations' => [OverrideSet],
144 silly Conflicting override sets       'minimatch' => [OverrideSet],
144 silly Conflicting override sets       'vite' => [OverrideSet]
144 silly Conflicting override sets     }
144 silly Conflicting override sets   },
144 silly Conflicting override sets   children: Map(0) {},
144 silly Conflicting override sets   name: '@graphql-codegen/client-preset',
144 silly Conflicting override sets   key: '@graphql-codegen/client-preset',
144 silly Conflicting override sets   keySpec: '*',
144 silly Conflicting override sets   value: '4.7.0'
144 silly Conflicting override sets }
145 silly Conflicting override sets tslib
146 silly Conflicting override sets <ref *1> OverrideSet {
146 silly Conflicting override sets   parent: OverrideSet {
146 silly Conflicting override sets     parent: undefined,
146 silly Conflicting override sets     children: Map(5) {
146 silly Conflicting override sets       '@graphql-tools/url-loader' => [Circular *1],
146 silly Conflicting override sets       '@graphql-codegen/client-preset' => [OverrideSet],
146 silly Conflicting override sets       '@graphql-codegen/typescript-operations' => [OverrideSet],
146 silly Conflicting override sets       'minimatch' => [OverrideSet],
146 silly Conflicting override sets       'vite' => [OverrideSet]
146 silly Conflicting override sets     }
146 silly Conflicting override sets   },
146 silly Conflicting override sets   children: Map(0) {},
146 silly Conflicting override sets   name: '@graphql-tools/url-loader',
146 silly Conflicting override sets   key: '@graphql-tools/url-loader',
146 silly Conflicting override sets   keySpec: '*',
146 silly Conflicting override sets   value: '8.0.16'
146 silly Conflicting override sets } <ref *1> OverrideSet {
146 silly Conflicting override sets   parent: OverrideSet {
146 silly Conflicting override sets     parent: undefined,
146 silly Conflicting override sets     children: Map(5) {
146 silly Conflicting override sets       '@graphql-tools/url-loader' => [OverrideSet],
146 silly Conflicting override sets       '@graphql-codegen/client-preset' => [Circular *1],
146 silly Conflicting override sets       '@graphql-codegen/typescript-operations' => [OverrideSet],
146 silly Conflicting override sets       'minimatch' => [OverrideSet],
146 silly Conflicting override sets       'vite' => [OverrideSet]
146 silly Conflicting override sets     }
146 silly Conflicting override sets   },
146 silly Conflicting override sets   children: Map(0) {},
146 silly Conflicting override sets   name: '@graphql-codegen/client-preset',
146 silly Conflicting override sets   key: '@graphql-codegen/client-preset',
146 silly Conflicting override sets   keySpec: '*',
146 silly Conflicting override sets   value: '4.7.0'
146 silly Conflicting override sets }
147 silly Conflicting override sets tslib
148 silly Conflicting override sets <ref *1> OverrideSet {
148 silly Conflicting override sets   parent: OverrideSet {
148 silly Conflicting override sets     parent: undefined,
148 silly Conflicting override sets     children: Map(5) {
148 silly Conflicting override sets       '@graphql-tools/url-loader' => [Circular *1],
148 silly Conflicting override sets       '@graphql-codegen/client-preset' => [OverrideSet],
148 silly Conflicting override sets       '@graphql-codegen/typescript-operations' => [OverrideSet],
148 silly Conflicting override sets       'minimatch' => [OverrideSet],
148 silly Conflicting override sets       'vite' => [OverrideSet]
148 silly Conflicting override sets     }
148 silly Conflicting override sets   },
148 silly Conflicting override sets   children: Map(0) {},
148 silly Conflicting override sets   name: '@graphql-tools/url-loader',
148 silly Conflicting override sets   key: '@graphql-tools/url-loader',
148 silly Conflicting override sets   keySpec: '*',
148 silly Conflicting override sets   value: '8.0.16'
148 silly Conflicting override sets } <ref *1> OverrideSet {
148 silly Conflicting override sets   parent: OverrideSet {
148 silly Conflicting override sets     parent: undefined,
148 silly Conflicting override sets     children: Map(5) {
148 silly Conflicting override sets       '@graphql-tools/url-loader' => [OverrideSet],
148 silly Conflicting override sets       '@graphql-codegen/client-preset' => [Circular *1],
148 silly Conflicting override sets       '@graphql-codegen/typescript-operations' => [OverrideSet],
148 silly Conflicting override sets       'minimatch' => [OverrideSet],
148 silly Conflicting override sets       'vite' => [OverrideSet]
148 silly Conflicting override sets     }
148 silly Conflicting override sets   },
148 silly Conflicting override sets   children: Map(0) {},
148 silly Conflicting override sets   name: '@graphql-codegen/client-preset',
148 silly Conflicting override sets   key: '@graphql-codegen/client-preset',
148 silly Conflicting override sets   keySpec: '*',
148 silly Conflicting override sets   value: '4.7.0'
148 silly Conflicting override sets }
149 silly Conflicting override sets tslib
150 silly Conflicting override sets <ref *1> OverrideSet {
150 silly Conflicting override sets   parent: OverrideSet {
150 silly Conflicting override sets     parent: undefined,
150 silly Conflicting override sets     children: Map(5) {
150 silly Conflicting override sets       '@graphql-tools/url-loader' => [Circular *1],
150 silly Conflicting override sets       '@graphql-codegen/client-preset' => [OverrideSet],
150 silly Conflicting override sets       '@graphql-codegen/typescript-operations' => [OverrideSet],
150 silly Conflicting override sets       'minimatch' => [OverrideSet],
150 silly Conflicting override sets       'vite' => [OverrideSet]
150 silly Conflicting override sets     }
150 silly Conflicting override sets   },
150 silly Conflicting override sets   children: Map(0) {},
150 silly Conflicting override sets   name: '@graphql-tools/url-loader',
150 silly Conflicting override sets   key: '@graphql-tools/url-loader',
150 silly Conflicting override sets   keySpec: '*',
150 silly Conflicting override sets   value: '8.0.16'
150 silly Conflicting override sets } <ref *1> OverrideSet {
150 silly Conflicting override sets   parent: OverrideSet {
150 silly Conflicting override sets     parent: undefined,
150 silly Conflicting override sets     children: Map(5) {
150 silly Conflicting override sets       '@graphql-tools/url-loader' => [OverrideSet],
150 silly Conflicting override sets       '@graphql-codegen/client-preset' => [Circular *1],
150 silly Conflicting override sets       '@graphql-codegen/typescript-operations' => [OverrideSet],
150 silly Conflicting override sets       'minimatch' => [OverrideSet],
150 silly Conflicting override sets       'vite' => [OverrideSet]
150 silly Conflicting override sets     }
150 silly Conflicting override sets   },
150 silly Conflicting override sets   children: Map(0) {},
150 silly Conflicting override sets   name: '@graphql-codegen/client-preset',
150 silly Conflicting override sets   key: '@graphql-codegen/client-preset',
150 silly Conflicting override sets   keySpec: '*',
150 silly Conflicting override sets   value: '4.7.0'
150 silly Conflicting override sets }
151 silly Conflicting override sets tslib
152 silly Conflicting override sets <ref *1> OverrideSet {
152 silly Conflicting override sets   parent: OverrideSet {
152 silly Conflicting override sets     parent: undefined,
152 silly Conflicting override sets     children: Map(5) {
152 silly Conflicting override sets       '@graphql-tools/url-loader' => [Circular *1],
152 silly Conflicting override sets       '@graphql-codegen/client-preset' => [OverrideSet],
152 silly Conflicting override sets       '@graphql-codegen/typescript-operations' => [OverrideSet],
152 silly Conflicting override sets       'minimatch' => [OverrideSet],
152 silly Conflicting override sets       'vite' => [OverrideSet]
152 silly Conflicting override sets     }
152 silly Conflicting override sets   },
152 silly Conflicting override sets   children: Map(0) {},
152 silly Conflicting override sets   name: '@graphql-tools/url-loader',
152 silly Conflicting override sets   key: '@graphql-tools/url-loader',
152 silly Conflicting override sets   keySpec: '*',
152 silly Conflicting override sets   value: '8.0.16'
152 silly Conflicting override sets } <ref *1> OverrideSet {
152 silly Conflicting override sets   parent: OverrideSet {
152 silly Conflicting override sets     parent: undefined,
152 silly Conflicting override sets     children: Map(5) {
152 silly Conflicting override sets       '@graphql-tools/url-loader' => [OverrideSet],
152 silly Conflicting override sets       '@graphql-codegen/client-preset' => [Circular *1],
152 silly Conflicting override sets       '@graphql-codegen/typescript-operations' => [OverrideSet],
152 silly Conflicting override sets       'minimatch' => [OverrideSet],
152 silly Conflicting override sets       'vite' => [OverrideSet]
152 silly Conflicting override sets     }
152 silly Conflicting override sets   },
152 silly Conflicting override sets   children: Map(0) {},
152 silly Conflicting override sets   name: '@graphql-codegen/client-preset',
152 silly Conflicting override sets   key: '@graphql-codegen/client-preset',
152 silly Conflicting override sets   keySpec: '*',
152 silly Conflicting override sets   value: '4.7.0'
152 silly Conflicting override sets }
153 silly Conflicting override sets tslib
154 silly Conflicting override sets <ref *1> OverrideSet {
154 silly Conflicting override sets   parent: OverrideSet {
154 silly Conflicting override sets     parent: undefined,
154 silly Conflicting override sets     children: Map(5) {
154 silly Conflicting override sets       '@graphql-tools/url-loader' => [Circular *1],
154 silly Conflicting override sets       '@graphql-codegen/client-preset' => [OverrideSet],
154 silly Conflicting override sets       '@graphql-codegen/typescript-operations' => [OverrideSet],
154 silly Conflicting override sets       'minimatch' => [OverrideSet],
154 silly Conflicting override sets       'vite' => [OverrideSet]
154 silly Conflicting override sets     }
154 silly Conflicting override sets   },
154 silly Conflicting override sets   children: Map(0) {},
154 silly Conflicting override sets   name: '@graphql-tools/url-loader',
154 silly Conflicting override sets   key: '@graphql-tools/url-loader',
154 silly Conflicting override sets   keySpec: '*',
154 silly Conflicting override sets   value: '8.0.16'
154 silly Conflicting override sets } <ref *1> OverrideSet {
154 silly Conflicting override sets   parent: OverrideSet {
154 silly Conflicting override sets     parent: undefined,
154 silly Conflicting override sets     children: Map(5) {
154 silly Conflicting override sets       '@graphql-tools/url-loader' => [OverrideSet],
154 silly Conflicting override sets       '@graphql-codegen/client-preset' => [Circular *1],
154 silly Conflicting override sets       '@graphql-codegen/typescript-operations' => [OverrideSet],
154 silly Conflicting override sets       'minimatch' => [OverrideSet],
154 silly Conflicting override sets       'vite' => [OverrideSet]
154 silly Conflicting override sets     }
154 silly Conflicting override sets   },
154 silly Conflicting override sets   children: Map(0) {},
154 silly Conflicting override sets   name: '@graphql-codegen/client-preset',
154 silly Conflicting override sets   key: '@graphql-codegen/client-preset',
154 silly Conflicting override sets   keySpec: '*',
154 silly Conflicting override sets   value: '4.7.0'
154 silly Conflicting override sets }
155 silly Conflicting override sets tslib
156 silly Conflicting override sets <ref *1> OverrideSet {
156 silly Conflicting override sets   parent: OverrideSet {
156 silly Conflicting override sets     parent: undefined,
156 silly Conflicting override sets     children: Map(5) {
156 silly Conflicting override sets       '@graphql-tools/url-loader' => [Circular *1],
156 silly Conflicting override sets       '@graphql-codegen/client-preset' => [OverrideSet],
156 silly Conflicting override sets       '@graphql-codegen/typescript-operations' => [OverrideSet],
156 silly Conflicting override sets       'minimatch' => [OverrideSet],
156 silly Conflicting override sets       'vite' => [OverrideSet]
156 silly Conflicting override sets     }
156 silly Conflicting override sets   },
156 silly Conflicting override sets   children: Map(0) {},
156 silly Conflicting override sets   name: '@graphql-tools/url-loader',
156 silly Conflicting override sets   key: '@graphql-tools/url-loader',
156 silly Conflicting override sets   keySpec: '*',
156 silly Conflicting override sets   value: '8.0.16'
156 silly Conflicting override sets } <ref *1> OverrideSet {
156 silly Conflicting override sets   parent: OverrideSet {
156 silly Conflicting override sets     parent: undefined,
156 silly Conflicting override sets     children: Map(5) {
156 silly Conflicting override sets       '@graphql-tools/url-loader' => [OverrideSet],
156 silly Conflicting override sets       '@graphql-codegen/client-preset' => [Circular *1],
156 silly Conflicting override sets       '@graphql-codegen/typescript-operations' => [OverrideSet],
156 silly Conflicting override sets       'minimatch' => [OverrideSet],
156 silly Conflicting override sets       'vite' => [OverrideSet]
156 silly Conflicting override sets     }
156 silly Conflicting override sets   },
156 silly Conflicting override sets   children: Map(0) {},
156 silly Conflicting override sets   name: '@graphql-codegen/client-preset',
156 silly Conflicting override sets   key: '@graphql-codegen/client-preset',
156 silly Conflicting override sets   keySpec: '*',
156 silly Conflicting override sets   value: '4.7.0'
156 silly Conflicting override sets }
157 silly Conflicting override sets tslib
158 silly Conflicting override sets <ref *1> OverrideSet {
158 silly Conflicting override sets   parent: OverrideSet {
158 silly Conflicting override sets     parent: undefined,
158 silly Conflicting override sets     children: Map(5) {
158 silly Conflicting override sets       '@graphql-tools/url-loader' => [Circular *1],
158 silly Conflicting override sets       '@graphql-codegen/client-preset' => [OverrideSet],
158 silly Conflicting override sets       '@graphql-codegen/typescript-operations' => [OverrideSet],
158 silly Conflicting override sets       'minimatch' => [OverrideSet],
158 silly Conflicting override sets       'vite' => [OverrideSet]
158 silly Conflicting override sets     }
158 silly Conflicting override sets   },
158 silly Conflicting override sets   children: Map(0) {},
158 silly Conflicting override sets   name: '@graphql-tools/url-loader',
158 silly Conflicting override sets   key: '@graphql-tools/url-loader',
158 silly Conflicting override sets   keySpec: '*',
158 silly Conflicting override sets   value: '8.0.16'
158 silly Conflicting override sets } <ref *1> OverrideSet {
158 silly Conflicting override sets   parent: OverrideSet {
158 silly Conflicting override sets     parent: undefined,
158 silly Conflicting override sets     children: Map(5) {
158 silly Conflicting override sets       '@graphql-tools/url-loader' => [OverrideSet],
158 silly Conflicting override sets       '@graphql-codegen/client-preset' => [Circular *1],
158 silly Conflicting override sets       '@graphql-codegen/typescript-operations' => [OverrideSet],
158 silly Conflicting override sets       'minimatch' => [OverrideSet],
158 silly Conflicting override sets       'vite' => [OverrideSet]
158 silly Conflicting override sets     }
158 silly Conflicting override sets   },
158 silly Conflicting override sets   children: Map(0) {},
158 silly Conflicting override sets   name: '@graphql-codegen/client-preset',
158 silly Conflicting override sets   key: '@graphql-codegen/client-preset',
158 silly Conflicting override sets   keySpec: '*',
158 silly Conflicting override sets   value: '4.7.0'
158 silly Conflicting override sets }
159 silly Conflicting override sets tslib
160 silly Conflicting override sets <ref *1> OverrideSet {
160 silly Conflicting override sets   parent: OverrideSet {
160 silly Conflicting override sets     parent: undefined,
160 silly Conflicting override sets     children: Map(5) {
160 silly Conflicting override sets       '@graphql-tools/url-loader' => [Circular *1],
160 silly Conflicting override sets       '@graphql-codegen/client-preset' => [OverrideSet],
160 silly Conflicting override sets       '@graphql-codegen/typescript-operations' => [OverrideSet],
160 silly Conflicting override sets       'minimatch' => [OverrideSet],
160 silly Conflicting override sets       'vite' => [OverrideSet]
160 silly Conflicting override sets     }
160 silly Conflicting override sets   },
160 silly Conflicting override sets   children: Map(0) {},
160 silly Conflicting override sets   name: '@graphql-tools/url-loader',
160 silly Conflicting override sets   key: '@graphql-tools/url-loader',
160 silly Conflicting override sets   keySpec: '*',
160 silly Conflicting override sets   value: '8.0.16'
160 silly Conflicting override sets } <ref *1> OverrideSet {
160 silly Conflicting override sets   parent: OverrideSet {
160 silly Conflicting override sets     parent: undefined,
160 silly Conflicting override sets     children: Map(5) {
160 silly Conflicting override sets       '@graphql-tools/url-loader' => [OverrideSet],
160 silly Conflicting override sets       '@graphql-codegen/client-preset' => [Circular *1],
160 silly Conflicting override sets       '@graphql-codegen/typescript-operations' => [OverrideSet],
160 silly Conflicting override sets       'minimatch' => [OverrideSet],
160 silly Conflicting override sets       'vite' => [OverrideSet]
160 silly Conflicting override sets     }
160 silly Conflicting override sets   },
160 silly Conflicting override sets   children: Map(0) {},
160 silly Conflicting override sets   name: '@graphql-codegen/client-preset',
160 silly Conflicting override sets   key: '@graphql-codegen/client-preset',
160 silly Conflicting override sets   keySpec: '*',
160 silly Conflicting override sets   value: '4.7.0'
160 silly Conflicting override sets }
161 silly Conflicting override sets tslib
162 silly Conflicting override sets <ref *1> OverrideSet {
162 silly Conflicting override sets   parent: OverrideSet {
162 silly Conflicting override sets     parent: undefined,
162 silly Conflicting override sets     children: Map(5) {
162 silly Conflicting override sets       '@graphql-tools/url-loader' => [Circular *1],
162 silly Conflicting override sets       '@graphql-codegen/client-preset' => [OverrideSet],
162 silly Conflicting override sets       '@graphql-codegen/typescript-operations' => [OverrideSet],
162 silly Conflicting override sets       'minimatch' => [OverrideSet],
162 silly Conflicting override sets       'vite' => [OverrideSet]
162 silly Conflicting override sets     }
162 silly Conflicting override sets   },
162 silly Conflicting override sets   children: Map(0) {},
162 silly Conflicting override sets   name: '@graphql-tools/url-loader',
162 silly Conflicting override sets   key: '@graphql-tools/url-loader',
162 silly Conflicting override sets   keySpec: '*',
162 silly Conflicting override sets   value: '8.0.16'
162 silly Conflicting override sets } <ref *1> OverrideSet {
162 silly Conflicting override sets   parent: OverrideSet {
162 silly Conflicting override sets     parent: undefined,
162 silly Conflicting override sets     children: Map(5) {
162 silly Conflicting override sets       '@graphql-tools/url-loader' => [OverrideSet],
162 silly Conflicting override sets       '@graphql-codegen/client-preset' => [Circular *1],
162 silly Conflicting override sets       '@graphql-codegen/typescript-operations' => [OverrideSet],
162 silly Conflicting override sets       'minimatch' => [OverrideSet],
162 silly Conflicting override sets       'vite' => [OverrideSet]
162 silly Conflicting override sets     }
162 silly Conflicting override sets   },
162 silly Conflicting override sets   children: Map(0) {},
162 silly Conflicting override sets   name: '@graphql-codegen/client-preset',
162 silly Conflicting override sets   key: '@graphql-codegen/client-preset',
162 silly Conflicting override sets   keySpec: '*',
162 silly Conflicting override sets   value: '4.7.0'
162 silly Conflicting override sets }
163 silly Conflicting override sets tslib
164 silly Conflicting override sets <ref *1> OverrideSet {
164 silly Conflicting override sets   parent: OverrideSet {
164 silly Conflicting override sets     parent: undefined,
164 silly Conflicting override sets     children: Map(5) {
164 silly Conflicting override sets       '@graphql-tools/url-loader' => [Circular *1],
164 silly Conflicting override sets       '@graphql-codegen/client-preset' => [OverrideSet],
164 silly Conflicting override sets       '@graphql-codegen/typescript-operations' => [OverrideSet],
164 silly Conflicting override sets       'minimatch' => [OverrideSet],
164 silly Conflicting override sets       'vite' => [OverrideSet]
164 silly Conflicting override sets     }
164 silly Conflicting override sets   },
164 silly Conflicting override sets   children: Map(0) {},
164 silly Conflicting override sets   name: '@graphql-tools/url-loader',
164 silly Conflicting override sets   key: '@graphql-tools/url-loader',
164 silly Conflicting override sets   keySpec: '*',
164 silly Conflicting override sets   value: '8.0.16'
164 silly Conflicting override sets } <ref *1> OverrideSet {
164 silly Conflicting override sets   parent: OverrideSet {
164 silly Conflicting override sets     parent: undefined,
164 silly Conflicting override sets     children: Map(5) {
164 silly Conflicting override sets       '@graphql-tools/url-loader' => [OverrideSet],
164 silly Conflicting override sets       '@graphql-codegen/client-preset' => [Circular *1],
164 silly Conflicting override sets       '@graphql-codegen/typescript-operations' => [OverrideSet],
164 silly Conflicting override sets       'minimatch' => [OverrideSet],
164 silly Conflicting override sets       'vite' => [OverrideSet]
164 silly Conflicting override sets     }
164 silly Conflicting override sets   },
164 silly Conflicting override sets   children: Map(0) {},
164 silly Conflicting override sets   name: '@graphql-codegen/client-preset',
164 silly Conflicting override sets   key: '@graphql-codegen/client-preset',
164 silly Conflicting override sets   keySpec: '*',
164 silly Conflicting override sets   value: '4.7.0'
164 silly Conflicting override sets }
165 silly Conflicting override sets tslib
166 silly Conflicting override sets <ref *1> OverrideSet {
166 silly Conflicting override sets   parent: OverrideSet {
166 silly Conflicting override sets     parent: undefined,
166 silly Conflicting override sets     children: Map(5) {
166 silly Conflicting override sets       '@graphql-tools/url-loader' => [Circular *1],
166 silly Conflicting override sets       '@graphql-codegen/client-preset' => [OverrideSet],
166 silly Conflicting override sets       '@graphql-codegen/typescript-operations' => [OverrideSet],
166 silly Conflicting override sets       'minimatch' => [OverrideSet],
166 silly Conflicting override sets       'vite' => [OverrideSet]
166 silly Conflicting override sets     }
166 silly Conflicting override sets   },
166 silly Conflicting override sets   children: Map(0) {},
166 silly Conflicting override sets   name: '@graphql-tools/url-loader',
166 silly Conflicting override sets   key: '@graphql-tools/url-loader',
166 silly Conflicting override sets   keySpec: '*',
166 silly Conflicting override sets   value: '8.0.16'
166 silly Conflicting override sets } <ref *1> OverrideSet {
166 silly Conflicting override sets   parent: OverrideSet {
166 silly Conflicting override sets     parent: undefined,
166 silly Conflicting override sets     children: Map(5) {
166 silly Conflicting override sets       '@graphql-tools/url-loader' => [OverrideSet],
166 silly Conflicting override sets       '@graphql-codegen/client-preset' => [Circular *1],
166 silly Conflicting override sets       '@graphql-codegen/typescript-operations' => [OverrideSet],
166 silly Conflicting override sets       'minimatch' => [OverrideSet],
166 silly Conflicting override sets       'vite' => [OverrideSet]
166 silly Conflicting override sets     }
166 silly Conflicting override sets   },
166 silly Conflicting override sets   children: Map(0) {},
166 silly Conflicting override sets   name: '@graphql-codegen/client-preset',
166 silly Conflicting override sets   key: '@graphql-codegen/client-preset',
166 silly Conflicting override sets   keySpec: '*',
166 silly Conflicting override sets   value: '4.7.0'
166 silly Conflicting override sets }
167 silly Conflicting override sets tslib
168 silly Conflicting override sets <ref *1> OverrideSet {
168 silly Conflicting override sets   parent: OverrideSet {
168 silly Conflicting override sets     parent: undefined,
168 silly Conflicting override sets     children: Map(5) {
168 silly Conflicting override sets       '@graphql-tools/url-loader' => [Circular *1],
168 silly Conflicting override sets       '@graphql-codegen/client-preset' => [OverrideSet],
168 silly Conflicting override sets       '@graphql-codegen/typescript-operations' => [OverrideSet],
168 silly Conflicting override sets       'minimatch' => [OverrideSet],
168 silly Conflicting override sets       'vite' => [OverrideSet]
168 silly Conflicting override sets     }
168 silly Conflicting override sets   },
168 silly Conflicting override sets   children: Map(0) {},
168 silly Conflicting override sets   name: '@graphql-tools/url-loader',
168 silly Conflicting override sets   key: '@graphql-tools/url-loader',
168 silly Conflicting override sets   keySpec: '*',
168 silly Conflicting override sets   value: '8.0.16'
168 silly Conflicting override sets } <ref *1> OverrideSet {
168 silly Conflicting override sets   parent: OverrideSet {
168 silly Conflicting override sets     parent: undefined,
168 silly Conflicting override sets     children: Map(5) {
168 silly Conflicting override sets       '@graphql-tools/url-loader' => [OverrideSet],
168 silly Conflicting override sets       '@graphql-codegen/client-preset' => [Circular *1],
168 silly Conflicting override sets       '@graphql-codegen/typescript-operations' => [OverrideSet],
168 silly Conflicting override sets       'minimatch' => [OverrideSet],
168 silly Conflicting override sets       'vite' => [OverrideSet]
168 silly Conflicting override sets     }
168 silly Conflicting override sets   },
168 silly Conflicting override sets   children: Map(0) {},
168 silly Conflicting override sets   name: '@graphql-codegen/client-preset',
168 silly Conflicting override sets   key: '@graphql-codegen/client-preset',
168 silly Conflicting override sets   keySpec: '*',
168 silly Conflicting override sets   value: '4.7.0'
168 silly Conflicting override sets }
169 silly Conflicting override sets tslib
170 silly Conflicting override sets <ref *1> OverrideSet {
170 silly Conflicting override sets   parent: OverrideSet {
170 silly Conflicting override sets     parent: undefined,
170 silly Conflicting override sets     children: Map(5) {
170 silly Conflicting override sets       '@graphql-tools/url-loader' => [Circular *1],
170 silly Conflicting override sets       '@graphql-codegen/client-preset' => [OverrideSet],
170 silly Conflicting override sets       '@graphql-codegen/typescript-operations' => [OverrideSet],
170 silly Conflicting override sets       'minimatch' => [OverrideSet],
170 silly Conflicting override sets       'vite' => [OverrideSet]
170 silly Conflicting override sets     }
170 silly Conflicting override sets   },
170 silly Conflicting override sets   children: Map(0) {},
170 silly Conflicting override sets   name: '@graphql-tools/url-loader',
170 silly Conflicting override sets   key: '@graphql-tools/url-loader',
170 silly Conflicting override sets   keySpec: '*',
170 silly Conflicting override sets   value: '8.0.16'
170 silly Conflicting override sets } <ref *1> OverrideSet {
170 silly Conflicting override sets   parent: OverrideSet {
170 silly Conflicting override sets     parent: undefined,
170 silly Conflicting override sets     children: Map(5) {
170 silly Conflicting override sets       '@graphql-tools/url-loader' => [OverrideSet],
170 silly Conflicting override sets       '@graphql-codegen/client-preset' => [Circular *1],
170 silly Conflicting override sets       '@graphql-codegen/typescript-operations' => [OverrideSet],
170 silly Conflicting override sets       'minimatch' => [OverrideSet],
170 silly Conflicting override sets       'vite' => [OverrideSet]
170 silly Conflicting override sets     }
170 silly Conflicting override sets   },
170 silly Conflicting override sets   children: Map(0) {},
170 silly Conflicting override sets   name: '@graphql-codegen/client-preset',
170 silly Conflicting override sets   key: '@graphql-codegen/client-preset',
170 silly Conflicting override sets   keySpec: '*',
170 silly Conflicting override sets   value: '4.7.0'
170 silly Conflicting override sets }
171 silly Conflicting override sets tslib
172 silly Conflicting override sets <ref *1> OverrideSet {
172 silly Conflicting override sets   parent: OverrideSet {
172 silly Conflicting override sets     parent: undefined,
172 silly Conflicting override sets     children: Map(5) {
172 silly Conflicting override sets       '@graphql-tools/url-loader' => [Circular *1],
172 silly Conflicting override sets       '@graphql-codegen/client-preset' => [OverrideSet],
172 silly Conflicting override sets       '@graphql-codegen/typescript-operations' => [OverrideSet],
172 silly Conflicting override sets       'minimatch' => [OverrideSet],
172 silly Conflicting override sets       'vite' => [OverrideSet]
172 silly Conflicting override sets     }
172 silly Conflicting override sets   },
172 silly Conflicting override sets   children: Map(0) {},
172 silly Conflicting override sets   name: '@graphql-tools/url-loader',
172 silly Conflicting override sets   key: '@graphql-tools/url-loader',
172 silly Conflicting override sets   keySpec: '*',
172 silly Conflicting override sets   value: '8.0.16'
172 silly Conflicting override sets } <ref *1> OverrideSet {
172 silly Conflicting override sets   parent: OverrideSet {
172 silly Conflicting override sets     parent: undefined,
172 silly Conflicting override sets     children: Map(5) {
172 silly Conflicting override sets       '@graphql-tools/url-loader' => [OverrideSet],
172 silly Conflicting override sets       '@graphql-codegen/client-preset' => [Circular *1],
172 silly Conflicting override sets       '@graphql-codegen/typescript-operations' => [OverrideSet],
172 silly Conflicting override sets       'minimatch' => [OverrideSet],
172 silly Conflicting override sets       'vite' => [OverrideSet]
172 silly Conflicting override sets     }
172 silly Conflicting override sets   },
172 silly Conflicting override sets   children: Map(0) {},
172 silly Conflicting override sets   name: '@graphql-codegen/client-preset',
172 silly Conflicting override sets   key: '@graphql-codegen/client-preset',
172 silly Conflicting override sets   keySpec: '*',
172 silly Conflicting override sets   value: '4.7.0'
172 silly Conflicting override sets }
173 silly Conflicting override sets tslib
174 silly Conflicting override sets <ref *1> OverrideSet {
174 silly Conflicting override sets   parent: OverrideSet {
174 silly Conflicting override sets     parent: undefined,
174 silly Conflicting override sets     children: Map(5) {
174 silly Conflicting override sets       '@graphql-tools/url-loader' => [Circular *1],
174 silly Conflicting override sets       '@graphql-codegen/client-preset' => [OverrideSet],
174 silly Conflicting override sets       '@graphql-codegen/typescript-operations' => [OverrideSet],
174 silly Conflicting override sets       'minimatch' => [OverrideSet],
174 silly Conflicting override sets       'vite' => [OverrideSet]
174 silly Conflicting override sets     }
174 silly Conflicting override sets   },
174 silly Conflicting override sets   children: Map(0) {},
174 silly Conflicting override sets   name: '@graphql-tools/url-loader',
174 silly Conflicting override sets   key: '@graphql-tools/url-loader',
174 silly Conflicting override sets   keySpec: '*',
174 silly Conflicting override sets   value: '8.0.16'
174 silly Conflicting override sets } <ref *1> OverrideSet {
174 silly Conflicting override sets   parent: OverrideSet {
174 silly Conflicting override sets     parent: undefined,
174 silly Conflicting override sets     children: Map(5) {
174 silly Conflicting override sets       '@graphql-tools/url-loader' => [OverrideSet],
174 silly Conflicting override sets       '@graphql-codegen/client-preset' => [Circular *1],
174 silly Conflicting override sets       '@graphql-codegen/typescript-operations' => [OverrideSet],
174 silly Conflicting override sets       'minimatch' => [OverrideSet],
174 silly Conflicting override sets       'vite' => [OverrideSet]
174 silly Conflicting override sets     }
174 silly Conflicting override sets   },
174 silly Conflicting override sets   children: Map(0) {},
174 silly Conflicting override sets   name: '@graphql-codegen/client-preset',
174 silly Conflicting override sets   key: '@graphql-codegen/client-preset',
174 silly Conflicting override sets   keySpec: '*',
174 silly Conflicting override sets   value: '4.7.0'
174 silly Conflicting override sets }
175 silly Conflicting override sets tslib
176 silly Conflicting override sets <ref *1> OverrideSet {
176 silly Conflicting override sets   parent: OverrideSet {
176 silly Conflicting override sets     parent: undefined,
176 silly Conflicting override sets     children: Map(5) {
176 silly Conflicting override sets       '@graphql-tools/url-loader' => [Circular *1],
176 silly Conflicting override sets       '@graphql-codegen/client-preset' => [OverrideSet],
176 silly Conflicting override sets       '@graphql-codegen/typescript-operations' => [OverrideSet],
176 silly Conflicting override sets       'minimatch' => [OverrideSet],
176 silly Conflicting override sets       'vite' => [OverrideSet]
176 silly Conflicting override sets     }
176 silly Conflicting override sets   },
176 silly Conflicting override sets   children: Map(0) {},
176 silly Conflicting override sets   name: '@graphql-tools/url-loader',
176 silly Conflicting override sets   key: '@graphql-tools/url-loader',
176 silly Conflicting override sets   keySpec: '*',
176 silly Conflicting override sets   value: '8.0.16'
176 silly Conflicting override sets } <ref *1> OverrideSet {
176 silly Conflicting override sets   parent: OverrideSet {
176 silly Conflicting override sets     parent: undefined,
176 silly Conflicting override sets     children: Map(5) {
176 silly Conflicting override sets       '@graphql-tools/url-loader' => [OverrideSet],
176 silly Conflicting override sets       '@graphql-codegen/client-preset' => [Circular *1],
176 silly Conflicting override sets       '@graphql-codegen/typescript-operations' => [OverrideSet],
176 silly Conflicting override sets       'minimatch' => [OverrideSet],
176 silly Conflicting override sets       'vite' => [OverrideSet]
176 silly Conflicting override sets     }
176 silly Conflicting override sets   },
176 silly Conflicting override sets   children: Map(0) {},
176 silly Conflicting override sets   name: '@graphql-codegen/client-preset',
176 silly Conflicting override sets   key: '@graphql-codegen/client-preset',
176 silly Conflicting override sets   keySpec: '*',
176 silly Conflicting override sets   value: '4.7.0'
176 silly Conflicting override sets }
177 silly Conflicting override sets tslib
178 silly Conflicting override sets <ref *1> OverrideSet {
178 silly Conflicting override sets   parent: OverrideSet {
178 silly Conflicting override sets     parent: undefined,
178 silly Conflicting override sets     children: Map(5) {
178 silly Conflicting override sets       '@graphql-tools/url-loader' => [Circular *1],
178 silly Conflicting override sets       '@graphql-codegen/client-preset' => [OverrideSet],
178 silly Conflicting override sets       '@graphql-codegen/typescript-operations' => [OverrideSet],
178 silly Conflicting override sets       'minimatch' => [OverrideSet],
178 silly Conflicting override sets       'vite' => [OverrideSet]
178 silly Conflicting override sets     }
178 silly Conflicting override sets   },
178 silly Conflicting override sets   children: Map(0) {},
178 silly Conflicting override sets   name: '@graphql-tools/url-loader',
178 silly Conflicting override sets   key: '@graphql-tools/url-loader',
178 silly Conflicting override sets   keySpec: '*',
178 silly Conflicting override sets   value: '8.0.16'
178 silly Conflicting override sets } <ref *1> OverrideSet {
178 silly Conflicting override sets   parent: OverrideSet {
178 silly Conflicting override sets     parent: undefined,
178 silly Conflicting override sets     children: Map(5) {
178 silly Conflicting override sets       '@graphql-tools/url-loader' => [OverrideSet],
178 silly Conflicting override sets       '@graphql-codegen/client-preset' => [Circular *1],
178 silly Conflicting override sets       '@graphql-codegen/typescript-operations' => [OverrideSet],
178 silly Conflicting override sets       'minimatch' => [OverrideSet],
178 silly Conflicting override sets       'vite' => [OverrideSet]
178 silly Conflicting override sets     }
178 silly Conflicting override sets   },
178 silly Conflicting override sets   children: Map(0) {},
178 silly Conflicting override sets   name: '@graphql-codegen/client-preset',
178 silly Conflicting override sets   key: '@graphql-codegen/client-preset',
178 silly Conflicting override sets   keySpec: '*',
178 silly Conflicting override sets   value: '4.7.0'
178 silly Conflicting override sets }
179 silly Conflicting override sets tslib
180 silly Conflicting override sets <ref *1> OverrideSet {
180 silly Conflicting override sets   parent: OverrideSet {
180 silly Conflicting override sets     parent: undefined,
180 silly Conflicting override sets     children: Map(5) {
180 silly Conflicting override sets       '@graphql-tools/url-loader' => [Circular *1],
180 silly Conflicting override sets       '@graphql-codegen/client-preset' => [OverrideSet],
180 silly Conflicting override sets       '@graphql-codegen/typescript-operations' => [OverrideSet],
180 silly Conflicting override sets       'minimatch' => [OverrideSet],
180 silly Conflicting override sets       'vite' => [OverrideSet]
180 silly Conflicting override sets     }
180 silly Conflicting override sets   },
180 silly Conflicting override sets   children: Map(0) {},
180 silly Conflicting override sets   name: '@graphql-tools/url-loader',
180 silly Conflicting override sets   key: '@graphql-tools/url-loader',
180 silly Conflicting override sets   keySpec: '*',
180 silly Conflicting override sets   value: '8.0.16'
180 silly Conflicting override sets } <ref *1> OverrideSet {
180 silly Conflicting override sets   parent: OverrideSet {
180 silly Conflicting override sets     parent: undefined,
180 silly Conflicting override sets     children: Map(5) {
180 silly Conflicting override sets       '@graphql-tools/url-loader' => [OverrideSet],
180 silly Conflicting override sets       '@graphql-codegen/client-preset' => [Circular *1],
180 silly Conflicting override sets       '@graphql-codegen/typescript-operations' => [OverrideSet],
180 silly Conflicting override sets       'minimatch' => [OverrideSet],
180 silly Conflicting override sets       'vite' => [OverrideSet]
180 silly Conflicting override sets     }
180 silly Conflicting override sets   },
180 silly Conflicting override sets   children: Map(0) {},
180 silly Conflicting override sets   name: '@graphql-codegen/client-preset',
180 silly Conflicting override sets   key: '@graphql-codegen/client-preset',
180 silly Conflicting override sets   keySpec: '*',
180 silly Conflicting override sets   value: '4.7.0'
180 silly Conflicting override sets }
181 silly Conflicting override sets tslib
182 silly Conflicting override sets <ref *1> OverrideSet {
182 silly Conflicting override sets   parent: OverrideSet {
182 silly Conflicting override sets     parent: undefined,
182 silly Conflicting override sets     children: Map(5) {
182 silly Conflicting override sets       '@graphql-tools/url-loader' => [Circular *1],
182 silly Conflicting override sets       '@graphql-codegen/client-preset' => [OverrideSet],
182 silly Conflicting override sets       '@graphql-codegen/typescript-operations' => [OverrideSet],
182 silly Conflicting override sets       'minimatch' => [OverrideSet],
182 silly Conflicting override sets       'vite' => [OverrideSet]
182 silly Conflicting override sets     }
182 silly Conflicting override sets   },
182 silly Conflicting override sets   children: Map(0) {},
182 silly Conflicting override sets   name: '@graphql-tools/url-loader',
182 silly Conflicting override sets   key: '@graphql-tools/url-loader',
182 silly Conflicting override sets   keySpec: '*',
182 silly Conflicting override sets   value: '8.0.16'
182 silly Conflicting override sets } <ref *1> OverrideSet {
182 silly Conflicting override sets   parent: OverrideSet {
182 silly Conflicting override sets     parent: undefined,
182 silly Conflicting override sets     children: Map(5) {
182 silly Conflicting override sets       '@graphql-tools/url-loader' => [OverrideSet],
182 silly Conflicting override sets       '@graphql-codegen/client-preset' => [Circular *1],
182 silly Conflicting override sets       '@graphql-codegen/typescript-operations' => [OverrideSet],
182 silly Conflicting override sets       'minimatch' => [OverrideSet],
182 silly Conflicting override sets       'vite' => [OverrideSet]
182 silly Conflicting override sets     }
182 silly Conflicting override sets   },
182 silly Conflicting override sets   children: Map(0) {},
182 silly Conflicting override sets   name: '@graphql-codegen/client-preset',
182 silly Conflicting override sets   key: '@graphql-codegen/client-preset',
182 silly Conflicting override sets   keySpec: '*',
182 silly Conflicting override sets   value: '4.7.0'
182 silly Conflicting override sets }
183 silly Conflicting override sets tslib
184 silly Conflicting override sets <ref *1> OverrideSet {
184 silly Conflicting override sets   parent: OverrideSet {
184 silly Conflicting override sets     parent: undefined,
184 silly Conflicting override sets     children: Map(5) {
184 silly Conflicting override sets       '@graphql-tools/url-loader' => [Circular *1],
184 silly Conflicting override sets       '@graphql-codegen/client-preset' => [OverrideSet],
184 silly Conflicting override sets       '@graphql-codegen/typescript-operations' => [OverrideSet],
184 silly Conflicting override sets       'minimatch' => [OverrideSet],
184 silly Conflicting override sets       'vite' => [OverrideSet]
184 silly Conflicting override sets     }
184 silly Conflicting override sets   },
184 silly Conflicting override sets   children: Map(0) {},
184 silly Conflicting override sets   name: '@graphql-tools/url-loader',
184 silly Conflicting override sets   key: '@graphql-tools/url-loader',
184 silly Conflicting override sets   keySpec: '*',
184 silly Conflicting override sets   value: '8.0.16'
184 silly Conflicting override sets } <ref *1> OverrideSet {
184 silly Conflicting override sets   parent: OverrideSet {
184 silly Conflicting override sets     parent: undefined,
184 silly Conflicting override sets     children: Map(5) {
184 silly Conflicting override sets       '@graphql-tools/url-loader' => [OverrideSet],
184 silly Conflicting override sets       '@graphql-codegen/client-preset' => [Circular *1],
184 silly Conflicting override sets       '@graphql-codegen/typescript-operations' => [OverrideSet],
184 silly Conflicting override sets       'minimatch' => [OverrideSet],
184 silly Conflicting override sets       'vite' => [OverrideSet]
184 silly Conflicting override sets     }
184 silly Conflicting override sets   },
184 silly Conflicting override sets   children: Map(0) {},
184 silly Conflicting override sets   name: '@graphql-codegen/client-preset',
184 silly Conflicting override sets   key: '@graphql-codegen/client-preset',
184 silly Conflicting override sets   keySpec: '*',
184 silly Conflicting override sets   value: '4.7.0'
184 silly Conflicting override sets }
185 silly Conflicting override sets tslib
186 silly Conflicting override sets <ref *1> OverrideSet {
186 silly Conflicting override sets   parent: OverrideSet {
186 silly Conflicting override sets     parent: undefined,
186 silly Conflicting override sets     children: Map(5) {
186 silly Conflicting override sets       '@graphql-tools/url-loader' => [Circular *1],
186 silly Conflicting override sets       '@graphql-codegen/client-preset' => [OverrideSet],
186 silly Conflicting override sets       '@graphql-codegen/typescript-operations' => [OverrideSet],
186 silly Conflicting override sets       'minimatch' => [OverrideSet],
186 silly Conflicting override sets       'vite' => [OverrideSet]
186 silly Conflicting override sets     }
186 silly Conflicting override sets   },
186 silly Conflicting override sets   children: Map(0) {},
186 silly Conflicting override sets   name: '@graphql-tools/url-loader',
186 silly Conflicting override sets   key: '@graphql-tools/url-loader',
186 silly Conflicting override sets   keySpec: '*',
186 silly Conflicting override sets   value: '8.0.16'
186 silly Conflicting override sets } <ref *1> OverrideSet {
186 silly Conflicting override sets   parent: OverrideSet {
186 silly Conflicting override sets     parent: undefined,
186 silly Conflicting override sets     children: Map(5) {
186 silly Conflicting override sets       '@graphql-tools/url-loader' => [OverrideSet],
186 silly Conflicting override sets       '@graphql-codegen/client-preset' => [Circular *1],
186 silly Conflicting override sets       '@graphql-codegen/typescript-operations' => [OverrideSet],
186 silly Conflicting override sets       'minimatch' => [OverrideSet],
186 silly Conflicting override sets       'vite' => [OverrideSet]
186 silly Conflicting override sets     }
186 silly Conflicting override sets   },
186 silly Conflicting override sets   children: Map(0) {},
186 silly Conflicting override sets   name: '@graphql-codegen/client-preset',
186 silly Conflicting override sets   key: '@graphql-codegen/client-preset',
186 silly Conflicting override sets   keySpec: '*',
186 silly Conflicting override sets   value: '4.7.0'
186 silly Conflicting override sets }
187 silly Conflicting override sets tslib
188 silly Conflicting override sets <ref *1> OverrideSet {
188 silly Conflicting override sets   parent: OverrideSet {
188 silly Conflicting override sets     parent: undefined,
188 silly Conflicting override sets     children: Map(5) {
188 silly Conflicting override sets       '@graphql-tools/url-loader' => [Circular *1],
188 silly Conflicting override sets       '@graphql-codegen/client-preset' => [OverrideSet],
188 silly Conflicting override sets       '@graphql-codegen/typescript-operations' => [OverrideSet],
188 silly Conflicting override sets       'minimatch' => [OverrideSet],
188 silly Conflicting override sets       'vite' => [OverrideSet]
188 silly Conflicting override sets     }
188 silly Conflicting override sets   },
188 silly Conflicting override sets   children: Map(0) {},
188 silly Conflicting override sets   name: '@graphql-tools/url-loader',
188 silly Conflicting override sets   key: '@graphql-tools/url-loader',
188 silly Conflicting override sets   keySpec: '*',
188 silly Conflicting override sets   value: '8.0.16'
188 silly Conflicting override sets } <ref *1> OverrideSet {
188 silly Conflicting override sets   parent: OverrideSet {
188 silly Conflicting override sets     parent: undefined,
188 silly Conflicting override sets     children: Map(5) {
188 silly Conflicting override sets       '@graphql-tools/url-loader' => [OverrideSet],
188 silly Conflicting override sets       '@graphql-codegen/client-preset' => [Circular *1],
188 silly Conflicting override sets       '@graphql-codegen/typescript-operations' => [OverrideSet],
188 silly Conflicting override sets       'minimatch' => [OverrideSet],
188 silly Conflicting override sets       'vite' => [OverrideSet]
188 silly Conflicting override sets     }
188 silly Conflicting override sets   },
188 silly Conflicting override sets   children: Map(0) {},
188 silly Conflicting override sets   name: '@graphql-codegen/client-preset',
188 silly Conflicting override sets   key: '@graphql-codegen/client-preset',
188 silly Conflicting override sets   keySpec: '*',
188 silly Conflicting override sets   value: '4.7.0'
188 silly Conflicting override sets }
189 silly Conflicting override sets tslib
190 silly Conflicting override sets <ref *1> OverrideSet {
190 silly Conflicting override sets   parent: OverrideSet {
190 silly Conflicting override sets     parent: undefined,
190 silly Conflicting override sets     children: Map(5) {
190 silly Conflicting override sets       '@graphql-tools/url-loader' => [Circular *1],
190 silly Conflicting override sets       '@graphql-codegen/client-preset' => [OverrideSet],
190 silly Conflicting override sets       '@graphql-codegen/typescript-operations' => [OverrideSet],
190 silly Conflicting override sets       'minimatch' => [OverrideSet],
190 silly Conflicting override sets       'vite' => [OverrideSet]
190 silly Conflicting override sets     }
190 silly Conflicting override sets   },
190 silly Conflicting override sets   children: Map(0) {},
190 silly Conflicting override sets   name: '@graphql-tools/url-loader',
190 silly Conflicting override sets   key: '@graphql-tools/url-loader',
190 silly Conflicting override sets   keySpec: '*',
190 silly Conflicting override sets   value: '8.0.16'
190 silly Conflicting override sets } <ref *1> OverrideSet {
190 silly Conflicting override sets   parent: OverrideSet {
190 silly Conflicting override sets     parent: undefined,
190 silly Conflicting override sets     children: Map(5) {
190 silly Conflicting override sets       '@graphql-tools/url-loader' => [OverrideSet],
190 silly Conflicting override sets       '@graphql-codegen/client-preset' => [Circular *1],
190 silly Conflicting override sets       '@graphql-codegen/typescript-operations' => [OverrideSet],
190 silly Conflicting override sets       'minimatch' => [OverrideSet],
190 silly Conflicting override sets       'vite' => [OverrideSet]
190 silly Conflicting override sets     }
190 silly Conflicting override sets   },
190 silly Conflicting override sets   children: Map(0) {},
190 silly Conflicting override sets   name: '@graphql-codegen/client-preset',
190 silly Conflicting override sets   key: '@graphql-codegen/client-preset',
190 silly Conflicting override sets   keySpec: '*',
190 silly Conflicting override sets   value: '4.7.0'
190 silly Conflicting override sets }
191 silly Conflicting override sets tslib
192 silly Conflicting override sets <ref *1> OverrideSet {
192 silly Conflicting override sets   parent: OverrideSet {
192 silly Conflicting override sets     parent: undefined,
192 silly Conflicting override sets     children: Map(5) {
192 silly Conflicting override sets       '@graphql-tools/url-loader' => [Circular *1],
192 silly Conflicting override sets       '@graphql-codegen/client-preset' => [OverrideSet],
192 silly Conflicting override sets       '@graphql-codegen/typescript-operations' => [OverrideSet],
192 silly Conflicting override sets       'minimatch' => [OverrideSet],
192 silly Conflicting override sets       'vite' => [OverrideSet]
192 silly Conflicting override sets     }
192 silly Conflicting override sets   },
192 silly Conflicting override sets   children: Map(0) {},
192 silly Conflicting override sets   name: '@graphql-tools/url-loader',
192 silly Conflicting override sets   key: '@graphql-tools/url-loader',
192 silly Conflicting override sets   keySpec: '*',
192 silly Conflicting override sets   value: '8.0.16'
192 silly Conflicting override sets } <ref *1> OverrideSet {
192 silly Conflicting override sets   parent: OverrideSet {
192 silly Conflicting override sets     parent: undefined,
192 silly Conflicting override sets     children: Map(5) {
192 silly Conflicting override sets       '@graphql-tools/url-loader' => [OverrideSet],
192 silly Conflicting override sets       '@graphql-codegen/client-preset' => [Circular *1],
192 silly Conflicting override sets       '@graphql-codegen/typescript-operations' => [OverrideSet],
192 silly Conflicting override sets       'minimatch' => [OverrideSet],
192 silly Conflicting override sets       'vite' => [OverrideSet]
192 silly Conflicting override sets     }
192 silly Conflicting override sets   },
192 silly Conflicting override sets   children: Map(0) {},
192 silly Conflicting override sets   name: '@graphql-codegen/client-preset',
192 silly Conflicting override sets   key: '@graphql-codegen/client-preset',
192 silly Conflicting override sets   keySpec: '*',
192 silly Conflicting override sets   value: '4.7.0'
192 silly Conflicting override sets }
193 silly Conflicting override sets tslib
194 silly Conflicting override sets <ref *1> OverrideSet {
194 silly Conflicting override sets   parent: OverrideSet {
194 silly Conflicting override sets     parent: undefined,
194 silly Conflicting override sets     children: Map(5) {
194 silly Conflicting override sets       '@graphql-tools/url-loader' => [Circular *1],
194 silly Conflicting override sets       '@graphql-codegen/client-preset' => [OverrideSet],
194 silly Conflicting override sets       '@graphql-codegen/typescript-operations' => [OverrideSet],
194 silly Conflicting override sets       'minimatch' => [OverrideSet],
194 silly Conflicting override sets       'vite' => [OverrideSet]
194 silly Conflicting override sets     }
194 silly Conflicting override sets   },
194 silly Conflicting override sets   children: Map(0) {},
194 silly Conflicting override sets   name: '@graphql-tools/url-loader',
194 silly Conflicting override sets   key: '@graphql-tools/url-loader',
194 silly Conflicting override sets   keySpec: '*',
194 silly Conflicting override sets   value: '8.0.16'
194 silly Conflicting override sets } <ref *1> OverrideSet {
194 silly Conflicting override sets   parent: OverrideSet {
194 silly Conflicting override sets     parent: undefined,
194 silly Conflicting override sets     children: Map(5) {
194 silly Conflicting override sets       '@graphql-tools/url-loader' => [OverrideSet],
194 silly Conflicting override sets       '@graphql-codegen/client-preset' => [OverrideSet],
194 silly Conflicting override sets       '@graphql-codegen/typescript-operations' => [OverrideSet],
194 silly Conflicting override sets       'minimatch' => [OverrideSet],
194 silly Conflicting override sets       'vite' => [Circular *1]
194 silly Conflicting override sets     }
194 silly Conflicting override sets   },
194 silly Conflicting override sets   children: Map(0) {},
194 silly Conflicting override sets   name: 'vite',
194 silly Conflicting override sets   key: 'vite',
194 silly Conflicting override sets   keySpec: '*',
194 silly Conflicting override sets   value: '^6.2.2'
194 silly Conflicting override sets }
195 silly Conflicting override sets @types/node
196 silly Conflicting override sets <ref *1> OverrideSet {
196 silly Conflicting override sets   parent: OverrideSet {
196 silly Conflicting override sets     parent: undefined,
196 silly Conflicting override sets     children: Map(5) {
196 silly Conflicting override sets       '@graphql-tools/url-loader' => [OverrideSet],
196 silly Conflicting override sets       '@graphql-codegen/client-preset' => [Circular *1],
196 silly Conflicting override sets       '@graphql-codegen/typescript-operations' => [OverrideSet],
196 silly Conflicting override sets       'minimatch' => [OverrideSet],
196 silly Conflicting override sets       'vite' => [OverrideSet]
196 silly Conflicting override sets     }
196 silly Conflicting override sets   },
196 silly Conflicting override sets   children: Map(0) {},
196 silly Conflicting override sets   name: '@graphql-codegen/client-preset',
196 silly Conflicting override sets   key: '@graphql-codegen/client-preset',
196 silly Conflicting override sets   keySpec: '*',
196 silly Conflicting override sets   value: '4.7.0'
196 silly Conflicting override sets } <ref *1> OverrideSet {
196 silly Conflicting override sets   parent: OverrideSet {
196 silly Conflicting override sets     parent: undefined,
196 silly Conflicting override sets     children: Map(5) {
196 silly Conflicting override sets       '@graphql-tools/url-loader' => [OverrideSet],
196 silly Conflicting override sets       '@graphql-codegen/client-preset' => [OverrideSet],
196 silly Conflicting override sets       '@graphql-codegen/typescript-operations' => [OverrideSet],
196 silly Conflicting override sets       'minimatch' => [OverrideSet],
196 silly Conflicting override sets       'vite' => [Circular *1]
196 silly Conflicting override sets     }
196 silly Conflicting override sets   },
196 silly Conflicting override sets   children: Map(0) {},
196 silly Conflicting override sets   name: 'vite',
196 silly Conflicting override sets   key: 'vite',
196 silly Conflicting override sets   keySpec: '*',
196 silly Conflicting override sets   value: '^6.2.2'
196 silly Conflicting override sets }
197 silly Conflicting override sets picocolors
198 silly Conflicting override sets <ref *1> OverrideSet {
198 silly Conflicting override sets   parent: OverrideSet {
198 silly Conflicting override sets     parent: undefined,
198 silly Conflicting override sets     children: Map(5) {
198 silly Conflicting override sets       '@graphql-tools/url-loader' => [OverrideSet],
198 silly Conflicting override sets       '@graphql-codegen/client-preset' => [OverrideSet],
198 silly Conflicting override sets       '@graphql-codegen/typescript-operations' => [OverrideSet],
198 silly Conflicting override sets       'minimatch' => [OverrideSet],
198 silly Conflicting override sets       'vite' => [Circular *1]
198 silly Conflicting override sets     }
198 silly Conflicting override sets   },
198 silly Conflicting override sets   children: Map(0) {},
198 silly Conflicting override sets   name: 'vite',
198 silly Conflicting override sets   key: 'vite',
198 silly Conflicting override sets   keySpec: '*',
198 silly Conflicting override sets   value: '^6.2.2'
198 silly Conflicting override sets } <ref *1> OverrideSet {
198 silly Conflicting override sets   parent: OverrideSet {
198 silly Conflicting override sets     parent: undefined,
198 silly Conflicting override sets     children: Map(5) {
198 silly Conflicting override sets       '@graphql-tools/url-loader' => [Circular *1],
198 silly Conflicting override sets       '@graphql-codegen/client-preset' => [OverrideSet],
198 silly Conflicting override sets       '@graphql-codegen/typescript-operations' => [OverrideSet],
198 silly Conflicting override sets       'minimatch' => [OverrideSet],
198 silly Conflicting override sets       'vite' => [OverrideSet]
198 silly Conflicting override sets     }
198 silly Conflicting override sets   },
198 silly Conflicting override sets   children: Map(0) {},
198 silly Conflicting override sets   name: '@graphql-tools/url-loader',
198 silly Conflicting override sets   key: '@graphql-tools/url-loader',
198 silly Conflicting override sets   keySpec: '*',
198 silly Conflicting override sets   value: '8.0.16'
198 silly Conflicting override sets }
199 silly Conflicting override sets <ref *1> OverrideSet {
199 silly Conflicting override sets   parent: OverrideSet {
199 silly Conflicting override sets     parent: undefined,
199 silly Conflicting override sets     children: Map(5) {
199 silly Conflicting override sets       '@graphql-tools/url-loader' => [OverrideSet],
199 silly Conflicting override sets       '@graphql-codegen/client-preset' => [OverrideSet],
199 silly Conflicting override sets       '@graphql-codegen/typescript-operations' => [Circular *1],
199 silly Conflicting override sets       'minimatch' => [OverrideSet],
199 silly Conflicting override sets       'vite' => [OverrideSet]
199 silly Conflicting override sets     }
199 silly Conflicting override sets   },
199 silly Conflicting override sets   children: Map(0) {},
199 silly Conflicting override sets   name: '@graphql-codegen/typescript-operations',
199 silly Conflicting override sets   key: '@graphql-codegen/typescript-operations',
199 silly Conflicting override sets   keySpec: '*',
199 silly Conflicting override sets   value: '4.5.0'
199 silly Conflicting override sets } <ref *1> OverrideSet {
199 silly Conflicting override sets   parent: OverrideSet {
199 silly Conflicting override sets     parent: undefined,
199 silly Conflicting override sets     children: Map(5) {
199 silly Conflicting override sets       '@graphql-tools/url-loader' => [OverrideSet],
199 silly Conflicting override sets       '@graphql-codegen/client-preset' => [Circular *1],
199 silly Conflicting override sets       '@graphql-codegen/typescript-operations' => [OverrideSet],
199 silly Conflicting override sets       'minimatch' => [OverrideSet],
199 silly Conflicting override sets       'vite' => [OverrideSet]
199 silly Conflicting override sets     }
199 silly Conflicting override sets   },
199 silly Conflicting override sets   children: Map(0) {},
199 silly Conflicting override sets   name: '@graphql-codegen/client-preset',
199 silly Conflicting override sets   key: '@graphql-codegen/client-preset',
199 silly Conflicting override sets   keySpec: '*',
199 silly Conflicting override sets   value: '4.7.0'
199 silly Conflicting override sets }
200 silly Conflicting override sets <ref *1> OverrideSet {
200 silly Conflicting override sets   parent: OverrideSet {
200 silly Conflicting override sets     parent: undefined,
200 silly Conflicting override sets     children: Map(5) {
200 silly Conflicting override sets       '@graphql-tools/url-loader' => [OverrideSet],
200 silly Conflicting override sets       '@graphql-codegen/client-preset' => [OverrideSet],
200 silly Conflicting override sets       '@graphql-codegen/typescript-operations' => [Circular *1],
200 silly Conflicting override sets       'minimatch' => [OverrideSet],
200 silly Conflicting override sets       'vite' => [OverrideSet]
200 silly Conflicting override sets     }
200 silly Conflicting override sets   },
200 silly Conflicting override sets   children: Map(0) {},
200 silly Conflicting override sets   name: '@graphql-codegen/typescript-operations',
200 silly Conflicting override sets   key: '@graphql-codegen/typescript-operations',
200 silly Conflicting override sets   keySpec: '*',
200 silly Conflicting override sets   value: '4.5.0'
200 silly Conflicting override sets } <ref *1> OverrideSet {
200 silly Conflicting override sets   parent: OverrideSet {
200 silly Conflicting override sets     parent: undefined,
200 silly Conflicting override sets     children: Map(5) {
200 silly Conflicting override sets       '@graphql-tools/url-loader' => [OverrideSet],
200 silly Conflicting override sets       '@graphql-codegen/client-preset' => [Circular *1],
200 silly Conflicting override sets       '@graphql-codegen/typescript-operations' => [OverrideSet],
200 silly Conflicting override sets       'minimatch' => [OverrideSet],
200 silly Conflicting override sets       'vite' => [OverrideSet]
200 silly Conflicting override sets     }
200 silly Conflicting override sets   },
200 silly Conflicting override sets   children: Map(0) {},
200 silly Conflicting override sets   name: '@graphql-codegen/client-preset',
200 silly Conflicting override sets   key: '@graphql-codegen/client-preset',
200 silly Conflicting override sets   keySpec: '*',
200 silly Conflicting override sets   value: '4.7.0'
200 silly Conflicting override sets }
201 silly Conflicting override sets <ref *1> OverrideSet {
201 silly Conflicting override sets   parent: OverrideSet {
201 silly Conflicting override sets     parent: undefined,
201 silly Conflicting override sets     children: Map(5) {
201 silly Conflicting override sets       '@graphql-tools/url-loader' => [OverrideSet],
201 silly Conflicting override sets       '@graphql-codegen/client-preset' => [OverrideSet],
201 silly Conflicting override sets       '@graphql-codegen/typescript-operations' => [Circular *1],
201 silly Conflicting override sets       'minimatch' => [OverrideSet],
201 silly Conflicting override sets       'vite' => [OverrideSet]
201 silly Conflicting override sets     }
201 silly Conflicting override sets   },
201 silly Conflicting override sets   children: Map(0) {},
201 silly Conflicting override sets   name: '@graphql-codegen/typescript-operations',
201 silly Conflicting override sets   key: '@graphql-codegen/typescript-operations',
201 silly Conflicting override sets   keySpec: '*',
201 silly Conflicting override sets   value: '4.5.0'
201 silly Conflicting override sets } <ref *1> OverrideSet {
201 silly Conflicting override sets   parent: OverrideSet {
201 silly Conflicting override sets     parent: undefined,
201 silly Conflicting override sets     children: Map(5) {
201 silly Conflicting override sets       '@graphql-tools/url-loader' => [OverrideSet],
201 silly Conflicting override sets       '@graphql-codegen/client-preset' => [Circular *1],
201 silly Conflicting override sets       '@graphql-codegen/typescript-operations' => [OverrideSet],
201 silly Conflicting override sets       'minimatch' => [OverrideSet],
201 silly Conflicting override sets       'vite' => [OverrideSet]
201 silly Conflicting override sets     }
201 silly Conflicting override sets   },
201 silly Conflicting override sets   children: Map(0) {},
201 silly Conflicting override sets   name: '@graphql-codegen/client-preset',
201 silly Conflicting override sets   key: '@graphql-codegen/client-preset',
201 silly Conflicting override sets   keySpec: '*',
201 silly Conflicting override sets   value: '4.7.0'
201 silly Conflicting override sets }
202 silly Conflicting override sets <ref *1> OverrideSet {
202 silly Conflicting override sets   parent: OverrideSet {
202 silly Conflicting override sets     parent: undefined,
202 silly Conflicting override sets     children: Map(5) {
202 silly Conflicting override sets       '@graphql-tools/url-loader' => [OverrideSet],
202 silly Conflicting override sets       '@graphql-codegen/client-preset' => [OverrideSet],
202 silly Conflicting override sets       '@graphql-codegen/typescript-operations' => [Circular *1],
202 silly Conflicting override sets       'minimatch' => [OverrideSet],
202 silly Conflicting override sets       'vite' => [OverrideSet]
202 silly Conflicting override sets     }
202 silly Conflicting override sets   },
202 silly Conflicting override sets   children: Map(0) {},
202 silly Conflicting override sets   name: '@graphql-codegen/typescript-operations',
202 silly Conflicting override sets   key: '@graphql-codegen/typescript-operations',
202 silly Conflicting override sets   keySpec: '*',
202 silly Conflicting override sets   value: '4.5.0'
202 silly Conflicting override sets } <ref *1> OverrideSet {
202 silly Conflicting override sets   parent: OverrideSet {
202 silly Conflicting override sets     parent: undefined,
202 silly Conflicting override sets     children: Map(5) {
202 silly Conflicting override sets       '@graphql-tools/url-loader' => [OverrideSet],
202 silly Conflicting override sets       '@graphql-codegen/client-preset' => [Circular *1],
202 silly Conflicting override sets       '@graphql-codegen/typescript-operations' => [OverrideSet],
202 silly Conflicting override sets       'minimatch' => [OverrideSet],
202 silly Conflicting override sets       'vite' => [OverrideSet]
202 silly Conflicting override sets     }
202 silly Conflicting override sets   },
202 silly Conflicting override sets   children: Map(0) {},
202 silly Conflicting override sets   name: '@graphql-codegen/client-preset',
202 silly Conflicting override sets   key: '@graphql-codegen/client-preset',
202 silly Conflicting override sets   keySpec: '*',
202 silly Conflicting override sets   value: '4.7.0'
202 silly Conflicting override sets }
203 silly Conflicting override sets <ref *1> OverrideSet {
203 silly Conflicting override sets   parent: OverrideSet {
203 silly Conflicting override sets     parent: undefined,
203 silly Conflicting override sets     children: Map(5) {
203 silly Conflicting override sets       '@graphql-tools/url-loader' => [OverrideSet],
203 silly Conflicting override sets       '@graphql-codegen/client-preset' => [OverrideSet],
203 silly Conflicting override sets       '@graphql-codegen/typescript-operations' => [Circular *1],
203 silly Conflicting override sets       'minimatch' => [OverrideSet],
203 silly Conflicting override sets       'vite' => [OverrideSet]
203 silly Conflicting override sets     }
203 silly Conflicting override sets   },
203 silly Conflicting override sets   children: Map(0) {},
203 silly Conflicting override sets   name: '@graphql-codegen/typescript-operations',
203 silly Conflicting override sets   key: '@graphql-codegen/typescript-operations',
203 silly Conflicting override sets   keySpec: '*',
203 silly Conflicting override sets   value: '4.5.0'
203 silly Conflicting override sets } <ref *1> OverrideSet {
203 silly Conflicting override sets   parent: OverrideSet {
203 silly Conflicting override sets     parent: undefined,
203 silly Conflicting override sets     children: Map(5) {
203 silly Conflicting override sets       '@graphql-tools/url-loader' => [OverrideSet],
203 silly Conflicting override sets       '@graphql-codegen/client-preset' => [Circular *1],
203 silly Conflicting override sets       '@graphql-codegen/typescript-operations' => [OverrideSet],
203 silly Conflicting override sets       'minimatch' => [OverrideSet],
203 silly Conflicting override sets       'vite' => [OverrideSet]
203 silly Conflicting override sets     }
203 silly Conflicting override sets   },
203 silly Conflicting override sets   children: Map(0) {},
203 silly Conflicting override sets   name: '@graphql-codegen/client-preset',
203 silly Conflicting override sets   key: '@graphql-codegen/client-preset',
203 silly Conflicting override sets   keySpec: '*',
203 silly Conflicting override sets   value: '4.7.0'
203 silly Conflicting override sets }
204 silly Conflicting override sets <ref *1> OverrideSet {
204 silly Conflicting override sets   parent: OverrideSet {
204 silly Conflicting override sets     parent: undefined,
204 silly Conflicting override sets     children: Map(5) {
204 silly Conflicting override sets       '@graphql-tools/url-loader' => [OverrideSet],
204 silly Conflicting override sets       '@graphql-codegen/client-preset' => [OverrideSet],
204 silly Conflicting override sets       '@graphql-codegen/typescript-operations' => [Circular *1],
204 silly Conflicting override sets       'minimatch' => [OverrideSet],
204 silly Conflicting override sets       'vite' => [OverrideSet]
204 silly Conflicting override sets     }
204 silly Conflicting override sets   },
204 silly Conflicting override sets   children: Map(0) {},
204 silly Conflicting override sets   name: '@graphql-codegen/typescript-operations',
204 silly Conflicting override sets   key: '@graphql-codegen/typescript-operations',
204 silly Conflicting override sets   keySpec: '*',
204 silly Conflicting override sets   value: '4.5.0'
204 silly Conflicting override sets } <ref *1> OverrideSet {
204 silly Conflicting override sets   parent: OverrideSet {
204 silly Conflicting override sets     parent: undefined,
204 silly Conflicting override sets     children: Map(5) {
204 silly Conflicting override sets       '@graphql-tools/url-loader' => [OverrideSet],
204 silly Conflicting override sets       '@graphql-codegen/client-preset' => [Circular *1],
204 silly Conflicting override sets       '@graphql-codegen/typescript-operations' => [OverrideSet],
204 silly Conflicting override sets       'minimatch' => [OverrideSet],
204 silly Conflicting override sets       'vite' => [OverrideSet]
204 silly Conflicting override sets     }
204 silly Conflicting override sets   },
204 silly Conflicting override sets   children: Map(0) {},
204 silly Conflicting override sets   name: '@graphql-codegen/client-preset',
204 silly Conflicting override sets   key: '@graphql-codegen/client-preset',
204 silly Conflicting override sets   keySpec: '*',
204 silly Conflicting override sets   value: '4.7.0'
204 silly Conflicting override sets }
205 silly Conflicting override sets <ref *1> OverrideSet {
205 silly Conflicting override sets   parent: OverrideSet {
205 silly Conflicting override sets     parent: undefined,
205 silly Conflicting override sets     children: Map(5) {
205 silly Conflicting override sets       '@graphql-tools/url-loader' => [OverrideSet],
205 silly Conflicting override sets       '@graphql-codegen/client-preset' => [OverrideSet],
205 silly Conflicting override sets       '@graphql-codegen/typescript-operations' => [Circular *1],
205 silly Conflicting override sets       'minimatch' => [OverrideSet],
205 silly Conflicting override sets       'vite' => [OverrideSet]
205 silly Conflicting override sets     }
205 silly Conflicting override sets   },
205 silly Conflicting override sets   children: Map(0) {},
205 silly Conflicting override sets   name: '@graphql-codegen/typescript-operations',
205 silly Conflicting override sets   key: '@graphql-codegen/typescript-operations',
205 silly Conflicting override sets   keySpec: '*',
205 silly Conflicting override sets   value: '4.5.0'
205 silly Conflicting override sets } <ref *1> OverrideSet {
205 silly Conflicting override sets   parent: OverrideSet {
205 silly Conflicting override sets     parent: undefined,
205 silly Conflicting override sets     children: Map(5) {
205 silly Conflicting override sets       '@graphql-tools/url-loader' => [OverrideSet],
205 silly Conflicting override sets       '@graphql-codegen/client-preset' => [Circular *1],
205 silly Conflicting override sets       '@graphql-codegen/typescript-operations' => [OverrideSet],
205 silly Conflicting override sets       'minimatch' => [OverrideSet],
205 silly Conflicting override sets       'vite' => [OverrideSet]
205 silly Conflicting override sets     }
205 silly Conflicting override sets   },
205 silly Conflicting override sets   children: Map(0) {},
205 silly Conflicting override sets   name: '@graphql-codegen/client-preset',
205 silly Conflicting override sets   key: '@graphql-codegen/client-preset',
205 silly Conflicting override sets   keySpec: '*',
205 silly Conflicting override sets   value: '4.7.0'
205 silly Conflicting override sets }
206 silly Conflicting override sets <ref *1> OverrideSet {
206 silly Conflicting override sets   parent: OverrideSet {
206 silly Conflicting override sets     parent: undefined,
206 silly Conflicting override sets     children: Map(5) {
206 silly Conflicting override sets       '@graphql-tools/url-loader' => [OverrideSet],
206 silly Conflicting override sets       '@graphql-codegen/client-preset' => [OverrideSet],
206 silly Conflicting override sets       '@graphql-codegen/typescript-operations' => [Circular *1],
206 silly Conflicting override sets       'minimatch' => [OverrideSet],
206 silly Conflicting override sets       'vite' => [OverrideSet]
206 silly Conflicting override sets     }
206 silly Conflicting override sets   },
206 silly Conflicting override sets   children: Map(0) {},
206 silly Conflicting override sets   name: '@graphql-codegen/typescript-operations',
206 silly Conflicting override sets   key: '@graphql-codegen/typescript-operations',
206 silly Conflicting override sets   keySpec: '*',
206 silly Conflicting override sets   value: '4.5.0'
206 silly Conflicting override sets } <ref *1> OverrideSet {
206 silly Conflicting override sets   parent: OverrideSet {
206 silly Conflicting override sets     parent: undefined,
206 silly Conflicting override sets     children: Map(5) {
206 silly Conflicting override sets       '@graphql-tools/url-loader' => [OverrideSet],
206 silly Conflicting override sets       '@graphql-codegen/client-preset' => [Circular *1],
206 silly Conflicting override sets       '@graphql-codegen/typescript-operations' => [OverrideSet],
206 silly Conflicting override sets       'minimatch' => [OverrideSet],
206 silly Conflicting override sets       'vite' => [OverrideSet]
206 silly Conflicting override sets     }
206 silly Conflicting override sets   },
206 silly Conflicting override sets   children: Map(0) {},
206 silly Conflicting override sets   name: '@graphql-codegen/client-preset',
206 silly Conflicting override sets   key: '@graphql-codegen/client-preset',
206 silly Conflicting override sets   keySpec: '*',
206 silly Conflicting override sets   value: '4.7.0'
206 silly Conflicting override sets }
207 silly Conflicting override sets <ref *1> OverrideSet {
207 silly Conflicting override sets   parent: OverrideSet {
207 silly Conflicting override sets     parent: undefined,
207 silly Conflicting override sets     children: Map(5) {
207 silly Conflicting override sets       '@graphql-tools/url-loader' => [OverrideSet],
207 silly Conflicting override sets       '@graphql-codegen/client-preset' => [Circular *1],
207 silly Conflicting override sets       '@graphql-codegen/typescript-operations' => [OverrideSet],
207 silly Conflicting override sets       'minimatch' => [OverrideSet],
207 silly Conflicting override sets       'vite' => [OverrideSet]
207 silly Conflicting override sets     }
207 silly Conflicting override sets   },
207 silly Conflicting override sets   children: Map(0) {},
207 silly Conflicting override sets   name: '@graphql-codegen/client-preset',
207 silly Conflicting override sets   key: '@graphql-codegen/client-preset',
207 silly Conflicting override sets   keySpec: '*',
207 silly Conflicting override sets   value: '4.7.0'
207 silly Conflicting override sets } <ref *1> OverrideSet {
207 silly Conflicting override sets   parent: OverrideSet {
207 silly Conflicting override sets     parent: undefined,
207 silly Conflicting override sets     children: Map(5) {
207 silly Conflicting override sets       '@graphql-tools/url-loader' => [Circular *1],
207 silly Conflicting override sets       '@graphql-codegen/client-preset' => [OverrideSet],
207 silly Conflicting override sets       '@graphql-codegen/typescript-operations' => [OverrideSet],
207 silly Conflicting override sets       'minimatch' => [OverrideSet],
207 silly Conflicting override sets       'vite' => [OverrideSet]
207 silly Conflicting override sets     }
207 silly Conflicting override sets   },
207 silly Conflicting override sets   children: Map(0) {},
207 silly Conflicting override sets   name: '@graphql-tools/url-loader',
207 silly Conflicting override sets   key: '@graphql-tools/url-loader',
207 silly Conflicting override sets   keySpec: '*',
207 silly Conflicting override sets   value: '8.0.16'
207 silly Conflicting override sets }
208 silly Conflicting override sets <ref *1> OverrideSet {
208 silly Conflicting override sets   parent: OverrideSet {
208 silly Conflicting override sets     parent: undefined,
208 silly Conflicting override sets     children: Map(5) {
208 silly Conflicting override sets       '@graphql-tools/url-loader' => [OverrideSet],
208 silly Conflicting override sets       '@graphql-codegen/client-preset' => [Circular *1],
208 silly Conflicting override sets       '@graphql-codegen/typescript-operations' => [OverrideSet],
208 silly Conflicting override sets       'minimatch' => [OverrideSet],
208 silly Conflicting override sets       'vite' => [OverrideSet]
208 silly Conflicting override sets     }
208 silly Conflicting override sets   },
208 silly Conflicting override sets   children: Map(0) {},
208 silly Conflicting override sets   name: '@graphql-codegen/client-preset',
208 silly Conflicting override sets   key: '@graphql-codegen/client-preset',
208 silly Conflicting override sets   keySpec: '*',
208 silly Conflicting override sets   value: '4.7.0'
208 silly Conflicting override sets } <ref *1> OverrideSet {
208 silly Conflicting override sets   parent: OverrideSet {
208 silly Conflicting override sets     parent: undefined,
208 silly Conflicting override sets     children: Map(5) {
208 silly Conflicting override sets       '@graphql-tools/url-loader' => [Circular *1],
208 silly Conflicting override sets       '@graphql-codegen/client-preset' => [OverrideSet],
208 silly Conflicting override sets       '@graphql-codegen/typescript-operations' => [OverrideSet],
208 silly Conflicting override sets       'minimatch' => [OverrideSet],
208 silly Conflicting override sets       'vite' => [OverrideSet]
208 silly Conflicting override sets     }
208 silly Conflicting override sets   },
208 silly Conflicting override sets   children: Map(0) {},
208 silly Conflicting override sets   name: '@graphql-tools/url-loader',
208 silly Conflicting override sets   key: '@graphql-tools/url-loader',
208 silly Conflicting override sets   keySpec: '*',
208 silly Conflicting override sets   value: '8.0.16'
208 silly Conflicting override sets }
209 silly Conflicting override sets <ref *1> OverrideSet {
209 silly Conflicting override sets   parent: OverrideSet {
209 silly Conflicting override sets     parent: undefined,
209 silly Conflicting override sets     children: Map(5) {
209 silly Conflicting override sets       '@graphql-tools/url-loader' => [OverrideSet],
209 silly Conflicting override sets       '@graphql-codegen/client-preset' => [Circular *1],
209 silly Conflicting override sets       '@graphql-codegen/typescript-operations' => [OverrideSet],
209 silly Conflicting override sets       'minimatch' => [OverrideSet],
209 silly Conflicting override sets       'vite' => [OverrideSet]
209 silly Conflicting override sets     }
209 silly Conflicting override sets   },
209 silly Conflicting override sets   children: Map(0) {},
209 silly Conflicting override sets   name: '@graphql-codegen/client-preset',
209 silly Conflicting override sets   key: '@graphql-codegen/client-preset',
209 silly Conflicting override sets   keySpec: '*',
209 silly Conflicting override sets   value: '4.7.0'
209 silly Conflicting override sets } <ref *1> OverrideSet {
209 silly Conflicting override sets   parent: OverrideSet {
209 silly Conflicting override sets     parent: undefined,
209 silly Conflicting override sets     children: Map(5) {
209 silly Conflicting override sets       '@graphql-tools/url-loader' => [Circular *1],
209 silly Conflicting override sets       '@graphql-codegen/client-preset' => [OverrideSet],
209 silly Conflicting override sets       '@graphql-codegen/typescript-operations' => [OverrideSet],
209 silly Conflicting override sets       'minimatch' => [OverrideSet],
209 silly Conflicting override sets       'vite' => [OverrideSet]
209 silly Conflicting override sets     }
209 silly Conflicting override sets   },
209 silly Conflicting override sets   children: Map(0) {},
209 silly Conflicting override sets   name: '@graphql-tools/url-loader',
209 silly Conflicting override sets   key: '@graphql-tools/url-loader',
209 silly Conflicting override sets   keySpec: '*',
209 silly Conflicting override sets   value: '8.0.16'
209 silly Conflicting override sets }
210 silly Conflicting override sets <ref *1> OverrideSet {
210 silly Conflicting override sets   parent: OverrideSet {
210 silly Conflicting override sets     parent: undefined,
210 silly Conflicting override sets     children: Map(5) {
210 silly Conflicting override sets       '@graphql-tools/url-loader' => [OverrideSet],
210 silly Conflicting override sets       '@graphql-codegen/client-preset' => [Circular *1],
210 silly Conflicting override sets       '@graphql-codegen/typescript-operations' => [OverrideSet],
210 silly Conflicting override sets       'minimatch' => [OverrideSet],
210 silly Conflicting override sets       'vite' => [OverrideSet]
210 silly Conflicting override sets     }
210 silly Conflicting override sets   },
210 silly Conflicting override sets   children: Map(0) {},
210 silly Conflicting override sets   name: '@graphql-codegen/client-preset',
210 silly Conflicting override sets   key: '@graphql-codegen/client-preset',
210 silly Conflicting override sets   keySpec: '*',
210 silly Conflicting override sets   value: '4.7.0'
210 silly Conflicting override sets } <ref *1> OverrideSet {
210 silly Conflicting override sets   parent: OverrideSet {
210 silly Conflicting override sets     parent: undefined,
210 silly Conflicting override sets     children: Map(5) {
210 silly Conflicting override sets       '@graphql-tools/url-loader' => [Circular *1],
210 silly Conflicting override sets       '@graphql-codegen/client-preset' => [OverrideSet],
210 silly Conflicting override sets       '@graphql-codegen/typescript-operations' => [OverrideSet],
210 silly Conflicting override sets       'minimatch' => [OverrideSet],
210 silly Conflicting override sets       'vite' => [OverrideSet]
210 silly Conflicting override sets     }
210 silly Conflicting override sets   },
210 silly Conflicting override sets   children: Map(0) {},
210 silly Conflicting override sets   name: '@graphql-tools/url-loader',
210 silly Conflicting override sets   key: '@graphql-tools/url-loader',
210 silly Conflicting override sets   keySpec: '*',
210 silly Conflicting override sets   value: '8.0.16'
210 silly Conflicting override sets }
211 silly Conflicting override sets <ref *1> OverrideSet {
211 silly Conflicting override sets   parent: OverrideSet {
211 silly Conflicting override sets     parent: undefined,
211 silly Conflicting override sets     children: Map(5) {
211 silly Conflicting override sets       '@graphql-tools/url-loader' => [OverrideSet],
211 silly Conflicting override sets       '@graphql-codegen/client-preset' => [OverrideSet],
211 silly Conflicting override sets       '@graphql-codegen/typescript-operations' => [Circular *1],
211 silly Conflicting override sets       'minimatch' => [OverrideSet],
211 silly Conflicting override sets       'vite' => [OverrideSet]
211 silly Conflicting override sets     }
211 silly Conflicting override sets   },
211 silly Conflicting override sets   children: Map(0) {},
211 silly Conflicting override sets   name: '@graphql-codegen/typescript-operations',
211 silly Conflicting override sets   key: '@graphql-codegen/typescript-operations',
211 silly Conflicting override sets   keySpec: '*',
211 silly Conflicting override sets   value: '4.5.0'
211 silly Conflicting override sets } <ref *1> OverrideSet {
211 silly Conflicting override sets   parent: OverrideSet {
211 silly Conflicting override sets     parent: undefined,
211 silly Conflicting override sets     children: Map(5) {
211 silly Conflicting override sets       '@graphql-tools/url-loader' => [OverrideSet],
211 silly Conflicting override sets       '@graphql-codegen/client-preset' => [Circular *1],
211 silly Conflicting override sets       '@graphql-codegen/typescript-operations' => [OverrideSet],
211 silly Conflicting override sets       'minimatch' => [OverrideSet],
211 silly Conflicting override sets       'vite' => [OverrideSet]
211 silly Conflicting override sets     }
211 silly Conflicting override sets   },
211 silly Conflicting override sets   children: Map(0) {},
211 silly Conflicting override sets   name: '@graphql-codegen/client-preset',
211 silly Conflicting override sets   key: '@graphql-codegen/client-preset',
211 silly Conflicting override sets   keySpec: '*',
211 silly Conflicting override sets   value: '4.7.0'
211 silly Conflicting override sets }
212 silly Conflicting override sets <ref *1> OverrideSet {
212 silly Conflicting override sets   parent: OverrideSet {
212 silly Conflicting override sets     parent: undefined,
212 silly Conflicting override sets     children: Map(5) {
212 silly Conflicting override sets       '@graphql-tools/url-loader' => [OverrideSet],
212 silly Conflicting override sets       '@graphql-codegen/client-preset' => [OverrideSet],
212 silly Conflicting override sets       '@graphql-codegen/typescript-operations' => [Circular *1],
212 silly Conflicting override sets       'minimatch' => [OverrideSet],
212 silly Conflicting override sets       'vite' => [OverrideSet]
212 silly Conflicting override sets     }
212 silly Conflicting override sets   },
212 silly Conflicting override sets   children: Map(0) {},
212 silly Conflicting override sets   name: '@graphql-codegen/typescript-operations',
212 silly Conflicting override sets   key: '@graphql-codegen/typescript-operations',
212 silly Conflicting override sets   keySpec: '*',
212 silly Conflicting override sets   value: '4.5.0'
212 silly Conflicting override sets } <ref *1> OverrideSet {
212 silly Conflicting override sets   parent: OverrideSet {
212 silly Conflicting override sets     parent: undefined,
212 silly Conflicting override sets     children: Map(5) {
212 silly Conflicting override sets       '@graphql-tools/url-loader' => [OverrideSet],
212 silly Conflicting override sets       '@graphql-codegen/client-preset' => [Circular *1],
212 silly Conflicting override sets       '@graphql-codegen/typescript-operations' => [OverrideSet],
212 silly Conflicting override sets       'minimatch' => [OverrideSet],
212 silly Conflicting override sets       'vite' => [OverrideSet]
212 silly Conflicting override sets     }
212 silly Conflicting override sets   },
212 silly Conflicting override sets   children: Map(0) {},
212 silly Conflicting override sets   name: '@graphql-codegen/client-preset',
212 silly Conflicting override sets   key: '@graphql-codegen/client-preset',
212 silly Conflicting override sets   keySpec: '*',
212 silly Conflicting override sets   value: '4.7.0'
212 silly Conflicting override sets }
213 silly Conflicting override sets <ref *1> OverrideSet {
213 silly Conflicting override sets   parent: OverrideSet {
213 silly Conflicting override sets     parent: undefined,
213 silly Conflicting override sets     children: Map(5) {
213 silly Conflicting override sets       '@graphql-tools/url-loader' => [OverrideSet],
213 silly Conflicting override sets       '@graphql-codegen/client-preset' => [OverrideSet],
213 silly Conflicting override sets       '@graphql-codegen/typescript-operations' => [Circular *1],
213 silly Conflicting override sets       'minimatch' => [OverrideSet],
213 silly Conflicting override sets       'vite' => [OverrideSet]
213 silly Conflicting override sets     }
213 silly Conflicting override sets   },
213 silly Conflicting override sets   children: Map(0) {},
213 silly Conflicting override sets   name: '@graphql-codegen/typescript-operations',
213 silly Conflicting override sets   key: '@graphql-codegen/typescript-operations',
213 silly Conflicting override sets   keySpec: '*',
213 silly Conflicting override sets   value: '4.5.0'
213 silly Conflicting override sets } <ref *1> OverrideSet {
213 silly Conflicting override sets   parent: OverrideSet {
213 silly Conflicting override sets     parent: undefined,
213 silly Conflicting override sets     children: Map(5) {
213 silly Conflicting override sets       '@graphql-tools/url-loader' => [OverrideSet],
213 silly Conflicting override sets       '@graphql-codegen/client-preset' => [Circular *1],
213 silly Conflicting override sets       '@graphql-codegen/typescript-operations' => [OverrideSet],
213 silly Conflicting override sets       'minimatch' => [OverrideSet],
213 silly Conflicting override sets       'vite' => [OverrideSet]
213 silly Conflicting override sets     }
213 silly Conflicting override sets   },
213 silly Conflicting override sets   children: Map(0) {},
213 silly Conflicting override sets   name: '@graphql-codegen/client-preset',
213 silly Conflicting override sets   key: '@graphql-codegen/client-preset',
213 silly Conflicting override sets   keySpec: '*',
213 silly Conflicting override sets   value: '4.7.0'
213 silly Conflicting override sets }
214 silly Conflicting override sets <ref *1> OverrideSet {
214 silly Conflicting override sets   parent: OverrideSet {
214 silly Conflicting override sets     parent: undefined,
214 silly Conflicting override sets     children: Map(5) {
214 silly Conflicting override sets       '@graphql-tools/url-loader' => [OverrideSet],
214 silly Conflicting override sets       '@graphql-codegen/client-preset' => [OverrideSet],
214 silly Conflicting override sets       '@graphql-codegen/typescript-operations' => [Circular *1],
214 silly Conflicting override sets       'minimatch' => [OverrideSet],
214 silly Conflicting override sets       'vite' => [OverrideSet]
214 silly Conflicting override sets     }
214 silly Conflicting override sets   },
214 silly Conflicting override sets   children: Map(0) {},
214 silly Conflicting override sets   name: '@graphql-codegen/typescript-operations',
214 silly Conflicting override sets   key: '@graphql-codegen/typescript-operations',
214 silly Conflicting override sets   keySpec: '*',
214 silly Conflicting override sets   value: '4.5.0'
214 silly Conflicting override sets } <ref *1> OverrideSet {
214 silly Conflicting override sets   parent: OverrideSet {
214 silly Conflicting override sets     parent: undefined,
214 silly Conflicting override sets     children: Map(5) {
214 silly Conflicting override sets       '@graphql-tools/url-loader' => [OverrideSet],
214 silly Conflicting override sets       '@graphql-codegen/client-preset' => [Circular *1],
214 silly Conflicting override sets       '@graphql-codegen/typescript-operations' => [OverrideSet],
214 silly Conflicting override sets       'minimatch' => [OverrideSet],
214 silly Conflicting override sets       'vite' => [OverrideSet]
214 silly Conflicting override sets     }
214 silly Conflicting override sets   },
214 silly Conflicting override sets   children: Map(0) {},
214 silly Conflicting override sets   name: '@graphql-codegen/client-preset',
214 silly Conflicting override sets   key: '@graphql-codegen/client-preset',
214 silly Conflicting override sets   keySpec: '*',
214 silly Conflicting override sets   value: '4.7.0'
214 silly Conflicting override sets }
215 silly Conflicting override sets <ref *1> OverrideSet {
215 silly Conflicting override sets   parent: OverrideSet {
215 silly Conflicting override sets     parent: undefined,
215 silly Conflicting override sets     children: Map(5) {
215 silly Conflicting override sets       '@graphql-tools/url-loader' => [OverrideSet],
215 silly Conflicting override sets       '@graphql-codegen/client-preset' => [OverrideSet],
215 silly Conflicting override sets       '@graphql-codegen/typescript-operations' => [Circular *1],
215 silly Conflicting override sets       'minimatch' => [OverrideSet],
215 silly Conflicting override sets       'vite' => [OverrideSet]
215 silly Conflicting override sets     }
215 silly Conflicting override sets   },
215 silly Conflicting override sets   children: Map(0) {},
215 silly Conflicting override sets   name: '@graphql-codegen/typescript-operations',
215 silly Conflicting override sets   key: '@graphql-codegen/typescript-operations',
215 silly Conflicting override sets   keySpec: '*',
215 silly Conflicting override sets   value: '4.5.0'
215 silly Conflicting override sets } <ref *1> OverrideSet {
215 silly Conflicting override sets   parent: OverrideSet {
215 silly Conflicting override sets     parent: undefined,
215 silly Conflicting override sets     children: Map(5) {
215 silly Conflicting override sets       '@graphql-tools/url-loader' => [OverrideSet],
215 silly Conflicting override sets       '@graphql-codegen/client-preset' => [Circular *1],
215 silly Conflicting override sets       '@graphql-codegen/typescript-operations' => [OverrideSet],
215 silly Conflicting override sets       'minimatch' => [OverrideSet],
215 silly Conflicting override sets       'vite' => [OverrideSet]
215 silly Conflicting override sets     }
215 silly Conflicting override sets   },
215 silly Conflicting override sets   children: Map(0) {},
215 silly Conflicting override sets   name: '@graphql-codegen/client-preset',
215 silly Conflicting override sets   key: '@graphql-codegen/client-preset',
215 silly Conflicting override sets   keySpec: '*',
215 silly Conflicting override sets   value: '4.7.0'
215 silly Conflicting override sets }
216 silly Conflicting override sets <ref *1> OverrideSet {
216 silly Conflicting override sets   parent: OverrideSet {
216 silly Conflicting override sets     parent: undefined,
216 silly Conflicting override sets     children: Map(5) {
216 silly Conflicting override sets       '@graphql-tools/url-loader' => [OverrideSet],
216 silly Conflicting override sets       '@graphql-codegen/client-preset' => [OverrideSet],
216 silly Conflicting override sets       '@graphql-codegen/typescript-operations' => [Circular *1],
216 silly Conflicting override sets       'minimatch' => [OverrideSet],
216 silly Conflicting override sets       'vite' => [OverrideSet]
216 silly Conflicting override sets     }
216 silly Conflicting override sets   },
216 silly Conflicting override sets   children: Map(0) {},
216 silly Conflicting override sets   name: '@graphql-codegen/typescript-operations',
216 silly Conflicting override sets   key: '@graphql-codegen/typescript-operations',
216 silly Conflicting override sets   keySpec: '*',
216 silly Conflicting override sets   value: '4.5.0'
216 silly Conflicting override sets } <ref *1> OverrideSet {
216 silly Conflicting override sets   parent: OverrideSet {
216 silly Conflicting override sets     parent: undefined,
216 silly Conflicting override sets     children: Map(5) {
216 silly Conflicting override sets       '@graphql-tools/url-loader' => [OverrideSet],
216 silly Conflicting override sets       '@graphql-codegen/client-preset' => [Circular *1],
216 silly Conflicting override sets       '@graphql-codegen/typescript-operations' => [OverrideSet],
216 silly Conflicting override sets       'minimatch' => [OverrideSet],
216 silly Conflicting override sets       'vite' => [OverrideSet]
216 silly Conflicting override sets     }
216 silly Conflicting override sets   },
216 silly Conflicting override sets   children: Map(0) {},
216 silly Conflicting override sets   name: '@graphql-codegen/client-preset',
216 silly Conflicting override sets   key: '@graphql-codegen/client-preset',
216 silly Conflicting override sets   keySpec: '*',
216 silly Conflicting override sets   value: '4.7.0'
216 silly Conflicting override sets }
217 silly Conflicting override sets <ref *1> OverrideSet {
217 silly Conflicting override sets   parent: OverrideSet {
217 silly Conflicting override sets     parent: undefined,
217 silly Conflicting override sets     children: Map(5) {
217 silly Conflicting override sets       '@graphql-tools/url-loader' => [OverrideSet],
217 silly Conflicting override sets       '@graphql-codegen/client-preset' => [OverrideSet],
217 silly Conflicting override sets       '@graphql-codegen/typescript-operations' => [Circular *1],
217 silly Conflicting override sets       'minimatch' => [OverrideSet],
217 silly Conflicting override sets       'vite' => [OverrideSet]
217 silly Conflicting override sets     }
217 silly Conflicting override sets   },
217 silly Conflicting override sets   children: Map(0) {},
217 silly Conflicting override sets   name: '@graphql-codegen/typescript-operations',
217 silly Conflicting override sets   key: '@graphql-codegen/typescript-operations',
217 silly Conflicting override sets   keySpec: '*',
217 silly Conflicting override sets   value: '4.5.0'
217 silly Conflicting override sets } <ref *1> OverrideSet {
217 silly Conflicting override sets   parent: OverrideSet {
217 silly Conflicting override sets     parent: undefined,
217 silly Conflicting override sets     children: Map(5) {
217 silly Conflicting override sets       '@graphql-tools/url-loader' => [OverrideSet],
217 silly Conflicting override sets       '@graphql-codegen/client-preset' => [Circular *1],
217 silly Conflicting override sets       '@graphql-codegen/typescript-operations' => [OverrideSet],
217 silly Conflicting override sets       'minimatch' => [OverrideSet],
217 silly Conflicting override sets       'vite' => [OverrideSet]
217 silly Conflicting override sets     }
217 silly Conflicting override sets   },
217 silly Conflicting override sets   children: Map(0) {},
217 silly Conflicting override sets   name: '@graphql-codegen/client-preset',
217 silly Conflicting override sets   key: '@graphql-codegen/client-preset',
217 silly Conflicting override sets   keySpec: '*',
217 silly Conflicting override sets   value: '4.7.0'
217 silly Conflicting override sets }
218 silly Conflicting override sets <ref *1> OverrideSet {
218 silly Conflicting override sets   parent: OverrideSet {
218 silly Conflicting override sets     parent: undefined,
218 silly Conflicting override sets     children: Map(5) {
218 silly Conflicting override sets       '@graphql-tools/url-loader' => [OverrideSet],
218 silly Conflicting override sets       '@graphql-codegen/client-preset' => [OverrideSet],
218 silly Conflicting override sets       '@graphql-codegen/typescript-operations' => [Circular *1],
218 silly Conflicting override sets       'minimatch' => [OverrideSet],
218 silly Conflicting override sets       'vite' => [OverrideSet]
218 silly Conflicting override sets     }
218 silly Conflicting override sets   },
218 silly Conflicting override sets   children: Map(0) {},
218 silly Conflicting override sets   name: '@graphql-codegen/typescript-operations',
218 silly Conflicting override sets   key: '@graphql-codegen/typescript-operations',
218 silly Conflicting override sets   keySpec: '*',
218 silly Conflicting override sets   value: '4.5.0'
218 silly Conflicting override sets } <ref *1> OverrideSet {
218 silly Conflicting override sets   parent: OverrideSet {
218 silly Conflicting override sets     parent: undefined,
218 silly Conflicting override sets     children: Map(5) {
218 silly Conflicting override sets       '@graphql-tools/url-loader' => [OverrideSet],
218 silly Conflicting override sets       '@graphql-codegen/client-preset' => [Circular *1],
218 silly Conflicting override sets       '@graphql-codegen/typescript-operations' => [OverrideSet],
218 silly Conflicting override sets       'minimatch' => [OverrideSet],
218 silly Conflicting override sets       'vite' => [OverrideSet]
218 silly Conflicting override sets     }
218 silly Conflicting override sets   },
218 silly Conflicting override sets   children: Map(0) {},
218 silly Conflicting override sets   name: '@graphql-codegen/client-preset',
218 silly Conflicting override sets   key: '@graphql-codegen/client-preset',
218 silly Conflicting override sets   keySpec: '*',
218 silly Conflicting override sets   value: '4.7.0'
218 silly Conflicting override sets }
219 silly Conflicting override sets <ref *1> OverrideSet {
219 silly Conflicting override sets   parent: OverrideSet {
219 silly Conflicting override sets     parent: undefined,
219 silly Conflicting override sets     children: Map(5) {
219 silly Conflicting override sets       '@graphql-tools/url-loader' => [OverrideSet],
219 silly Conflicting override sets       '@graphql-codegen/client-preset' => [OverrideSet],
219 silly Conflicting override sets       '@graphql-codegen/typescript-operations' => [Circular *1],
219 silly Conflicting override sets       'minimatch' => [OverrideSet],
219 silly Conflicting override sets       'vite' => [OverrideSet]
219 silly Conflicting override sets     }
219 silly Conflicting override sets   },
219 silly Conflicting override sets   children: Map(0) {},
219 silly Conflicting override sets   name: '@graphql-codegen/typescript-operations',
219 silly Conflicting override sets   key: '@graphql-codegen/typescript-operations',
219 silly Conflicting override sets   keySpec: '*',
219 silly Conflicting override sets   value: '4.5.0'
219 silly Conflicting override sets } <ref *1> OverrideSet {
219 silly Conflicting override sets   parent: OverrideSet {
219 silly Conflicting override sets     parent: undefined,
219 silly Conflicting override sets     children: Map(5) {
219 silly Conflicting override sets       '@graphql-tools/url-loader' => [OverrideSet],
219 silly Conflicting override sets       '@graphql-codegen/client-preset' => [Circular *1],
219 silly Conflicting override sets       '@graphql-codegen/typescript-operations' => [OverrideSet],
219 silly Conflicting override sets       'minimatch' => [OverrideSet],
219 silly Conflicting override sets       'vite' => [OverrideSet]
219 silly Conflicting override sets     }
219 silly Conflicting override sets   },
219 silly Conflicting override sets   children: Map(0) {},
219 silly Conflicting override sets   name: '@graphql-codegen/client-preset',
219 silly Conflicting override sets   key: '@graphql-codegen/client-preset',
219 silly Conflicting override sets   keySpec: '*',
219 silly Conflicting override sets   value: '4.7.0'
219 silly Conflicting override sets }
220 silly Conflicting override sets <ref *1> OverrideSet {
220 silly Conflicting override sets   parent: OverrideSet {
220 silly Conflicting override sets     parent: undefined,
220 silly Conflicting override sets     children: Map(5) {
220 silly Conflicting override sets       '@graphql-tools/url-loader' => [OverrideSet],
220 silly Conflicting override sets       '@graphql-codegen/client-preset' => [OverrideSet],
220 silly Conflicting override sets       '@graphql-codegen/typescript-operations' => [Circular *1],
220 silly Conflicting override sets       'minimatch' => [OverrideSet],
220 silly Conflicting override sets       'vite' => [OverrideSet]
220 silly Conflicting override sets     }
220 silly Conflicting override sets   },
220 silly Conflicting override sets   children: Map(0) {},
220 silly Conflicting override sets   name: '@graphql-codegen/typescript-operations',
220 silly Conflicting override sets   key: '@graphql-codegen/typescript-operations',
220 silly Conflicting override sets   keySpec: '*',
220 silly Conflicting override sets   value: '4.5.0'
220 silly Conflicting override sets } <ref *1> OverrideSet {
220 silly Conflicting override sets   parent: OverrideSet {
220 silly Conflicting override sets     parent: undefined,
220 silly Conflicting override sets     children: Map(5) {
220 silly Conflicting override sets       '@graphql-tools/url-loader' => [OverrideSet],
220 silly Conflicting override sets       '@graphql-codegen/client-preset' => [Circular *1],
220 silly Conflicting override sets       '@graphql-codegen/typescript-operations' => [OverrideSet],
220 silly Conflicting override sets       'minimatch' => [OverrideSet],
220 silly Conflicting override sets       'vite' => [OverrideSet]
220 silly Conflicting override sets     }
220 silly Conflicting override sets   },
220 silly Conflicting override sets   children: Map(0) {},
220 silly Conflicting override sets   name: '@graphql-codegen/client-preset',
220 silly Conflicting override sets   key: '@graphql-codegen/client-preset',
220 silly Conflicting override sets   keySpec: '*',
220 silly Conflicting override sets   value: '4.7.0'
220 silly Conflicting override sets }
221 silly Conflicting override sets <ref *1> OverrideSet {
221 silly Conflicting override sets   parent: OverrideSet {
221 silly Conflicting override sets     parent: undefined,
221 silly Conflicting override sets     children: Map(5) {
221 silly Conflicting override sets       '@graphql-tools/url-loader' => [Circular *1],
221 silly Conflicting override sets       '@graphql-codegen/client-preset' => [OverrideSet],
221 silly Conflicting override sets       '@graphql-codegen/typescript-operations' => [OverrideSet],
221 silly Conflicting override sets       'minimatch' => [OverrideSet],
221 silly Conflicting override sets       'vite' => [OverrideSet]
221 silly Conflicting override sets     }
221 silly Conflicting override sets   },
221 silly Conflicting override sets   children: Map(0) {},
221 silly Conflicting override sets   name: '@graphql-tools/url-loader',
221 silly Conflicting override sets   key: '@graphql-tools/url-loader',
221 silly Conflicting override sets   keySpec: '*',
221 silly Conflicting override sets   value: '8.0.16'
221 silly Conflicting override sets } <ref *1> OverrideSet {
221 silly Conflicting override sets   parent: OverrideSet {
221 silly Conflicting override sets     parent: undefined,
221 silly Conflicting override sets     children: Map(5) {
221 silly Conflicting override sets       '@graphql-tools/url-loader' => [OverrideSet],
221 silly Conflicting override sets       '@graphql-codegen/client-preset' => [Circular *1],
221 silly Conflicting override sets       '@graphql-codegen/typescript-operations' => [OverrideSet],
221 silly Conflicting override sets       'minimatch' => [OverrideSet],
221 silly Conflicting override sets       'vite' => [OverrideSet]
221 silly Conflicting override sets     }
221 silly Conflicting override sets   },
221 silly Conflicting override sets   children: Map(0) {},
221 silly Conflicting override sets   name: '@graphql-codegen/client-preset',
221 silly Conflicting override sets   key: '@graphql-codegen/client-preset',
221 silly Conflicting override sets   keySpec: '*',
221 silly Conflicting override sets   value: '4.7.0'
221 silly Conflicting override sets }
222 silly Conflicting override sets <ref *1> OverrideSet {
222 silly Conflicting override sets   parent: OverrideSet {
222 silly Conflicting override sets     parent: undefined,
222 silly Conflicting override sets     children: Map(5) {
222 silly Conflicting override sets       '@graphql-tools/url-loader' => [Circular *1],
222 silly Conflicting override sets       '@graphql-codegen/client-preset' => [OverrideSet],
222 silly Conflicting override sets       '@graphql-codegen/typescript-operations' => [OverrideSet],
222 silly Conflicting override sets       'minimatch' => [OverrideSet],
222 silly Conflicting override sets       'vite' => [OverrideSet]
222 silly Conflicting override sets     }
222 silly Conflicting override sets   },
222 silly Conflicting override sets   children: Map(0) {},
222 silly Conflicting override sets   name: '@graphql-tools/url-loader',
222 silly Conflicting override sets   key: '@graphql-tools/url-loader',
222 silly Conflicting override sets   keySpec: '*',
222 silly Conflicting override sets   value: '8.0.16'
222 silly Conflicting override sets } <ref *1> OverrideSet {
222 silly Conflicting override sets   parent: OverrideSet {
222 silly Conflicting override sets     parent: undefined,
222 silly Conflicting override sets     children: Map(5) {
222 silly Conflicting override sets       '@graphql-tools/url-loader' => [OverrideSet],
222 silly Conflicting override sets       '@graphql-codegen/client-preset' => [Circular *1],
222 silly Conflicting override sets       '@graphql-codegen/typescript-operations' => [OverrideSet],
222 silly Conflicting override sets       'minimatch' => [OverrideSet],
222 silly Conflicting override sets       'vite' => [OverrideSet]
222 silly Conflicting override sets     }
222 silly Conflicting override sets   },
222 silly Conflicting override sets   children: Map(0) {},
222 silly Conflicting override sets   name: '@graphql-codegen/client-preset',
222 silly Conflicting override sets   key: '@graphql-codegen/client-preset',
222 silly Conflicting override sets   keySpec: '*',
222 silly Conflicting override sets   value: '4.7.0'
222 silly Conflicting override sets }
223 silly Conflicting override sets <ref *1> OverrideSet {
223 silly Conflicting override sets   parent: OverrideSet {
223 silly Conflicting override sets     parent: undefined,
223 silly Conflicting override sets     children: Map(5) {
223 silly Conflicting override sets       '@graphql-tools/url-loader' => [Circular *1],
223 silly Conflicting override sets       '@graphql-codegen/client-preset' => [OverrideSet],
223 silly Conflicting override sets       '@graphql-codegen/typescript-operations' => [OverrideSet],
223 silly Conflicting override sets       'minimatch' => [OverrideSet],
223 silly Conflicting override sets       'vite' => [OverrideSet]
223 silly Conflicting override sets     }
223 silly Conflicting override sets   },
223 silly Conflicting override sets   children: Map(0) {},
223 silly Conflicting override sets   name: '@graphql-tools/url-loader',
223 silly Conflicting override sets   key: '@graphql-tools/url-loader',
223 silly Conflicting override sets   keySpec: '*',
223 silly Conflicting override sets   value: '8.0.16'
223 silly Conflicting override sets } <ref *1> OverrideSet {
223 silly Conflicting override sets   parent: OverrideSet {
223 silly Conflicting override sets     parent: undefined,
223 silly Conflicting override sets     children: Map(5) {
223 silly Conflicting override sets       '@graphql-tools/url-loader' => [OverrideSet],
223 silly Conflicting override sets       '@graphql-codegen/client-preset' => [Circular *1],
223 silly Conflicting override sets       '@graphql-codegen/typescript-operations' => [OverrideSet],
223 silly Conflicting override sets       'minimatch' => [OverrideSet],
223 silly Conflicting override sets       'vite' => [OverrideSet]
223 silly Conflicting override sets     }
223 silly Conflicting override sets   },
223 silly Conflicting override sets   children: Map(0) {},
223 silly Conflicting override sets   name: '@graphql-codegen/client-preset',
223 silly Conflicting override sets   key: '@graphql-codegen/client-preset',
223 silly Conflicting override sets   keySpec: '*',
223 silly Conflicting override sets   value: '4.7.0'
223 silly Conflicting override sets }
224 silly Conflicting override sets <ref *1> OverrideSet {
224 silly Conflicting override sets   parent: OverrideSet {
224 silly Conflicting override sets     parent: undefined,
224 silly Conflicting override sets     children: Map(5) {
224 silly Conflicting override sets       '@graphql-tools/url-loader' => [Circular *1],
224 silly Conflicting override sets       '@graphql-codegen/client-preset' => [OverrideSet],
224 silly Conflicting override sets       '@graphql-codegen/typescript-operations' => [OverrideSet],
224 silly Conflicting override sets       'minimatch' => [OverrideSet],
224 silly Conflicting override sets       'vite' => [OverrideSet]
224 silly Conflicting override sets     }
224 silly Conflicting override sets   },
224 silly Conflicting override sets   children: Map(0) {},
224 silly Conflicting override sets   name: '@graphql-tools/url-loader',
224 silly Conflicting override sets   key: '@graphql-tools/url-loader',
224 silly Conflicting override sets   keySpec: '*',
224 silly Conflicting override sets   value: '8.0.16'
224 silly Conflicting override sets } <ref *1> OverrideSet {
224 silly Conflicting override sets   parent: OverrideSet {
224 silly Conflicting override sets     parent: undefined,
224 silly Conflicting override sets     children: Map(5) {
224 silly Conflicting override sets       '@graphql-tools/url-loader' => [OverrideSet],
224 silly Conflicting override sets       '@graphql-codegen/client-preset' => [Circular *1],
224 silly Conflicting override sets       '@graphql-codegen/typescript-operations' => [OverrideSet],
224 silly Conflicting override sets       'minimatch' => [OverrideSet],
224 silly Conflicting override sets       'vite' => [OverrideSet]
224 silly Conflicting override sets     }
224 silly Conflicting override sets   },
224 silly Conflicting override sets   children: Map(0) {},
224 silly Conflicting override sets   name: '@graphql-codegen/client-preset',
224 silly Conflicting override sets   key: '@graphql-codegen/client-preset',
224 silly Conflicting override sets   keySpec: '*',
224 silly Conflicting override sets   value: '4.7.0'
224 silly Conflicting override sets }
225 silly Conflicting override sets <ref *1> OverrideSet {
225 silly Conflicting override sets   parent: OverrideSet {
225 silly Conflicting override sets     parent: undefined,
225 silly Conflicting override sets     children: Map(5) {
225 silly Conflicting override sets       '@graphql-tools/url-loader' => [Circular *1],
225 silly Conflicting override sets       '@graphql-codegen/client-preset' => [OverrideSet],
225 silly Conflicting override sets       '@graphql-codegen/typescript-operations' => [OverrideSet],
225 silly Conflicting override sets       'minimatch' => [OverrideSet],
225 silly Conflicting override sets       'vite' => [OverrideSet]
225 silly Conflicting override sets     }
225 silly Conflicting override sets   },
225 silly Conflicting override sets   children: Map(0) {},
225 silly Conflicting override sets   name: '@graphql-tools/url-loader',
225 silly Conflicting override sets   key: '@graphql-tools/url-loader',
225 silly Conflicting override sets   keySpec: '*',
225 silly Conflicting override sets   value: '8.0.16'
225 silly Conflicting override sets } <ref *1> OverrideSet {
225 silly Conflicting override sets   parent: OverrideSet {
225 silly Conflicting override sets     parent: undefined,
225 silly Conflicting override sets     children: Map(5) {
225 silly Conflicting override sets       '@graphql-tools/url-loader' => [OverrideSet],
225 silly Conflicting override sets       '@graphql-codegen/client-preset' => [Circular *1],
225 silly Conflicting override sets       '@graphql-codegen/typescript-operations' => [OverrideSet],
225 silly Conflicting override sets       'minimatch' => [OverrideSet],
225 silly Conflicting override sets       'vite' => [OverrideSet]
225 silly Conflicting override sets     }
225 silly Conflicting override sets   },
225 silly Conflicting override sets   children: Map(0) {},
225 silly Conflicting override sets   name: '@graphql-codegen/client-preset',
225 silly Conflicting override sets   key: '@graphql-codegen/client-preset',
225 silly Conflicting override sets   keySpec: '*',
225 silly Conflicting override sets   value: '4.7.0'
225 silly Conflicting override sets }
226 silly Conflicting override sets <ref *1> OverrideSet {
226 silly Conflicting override sets   parent: OverrideSet {
226 silly Conflicting override sets     parent: undefined,
226 silly Conflicting override sets     children: Map(5) {
226 silly Conflicting override sets       '@graphql-tools/url-loader' => [Circular *1],
226 silly Conflicting override sets       '@graphql-codegen/client-preset' => [OverrideSet],
226 silly Conflicting override sets       '@graphql-codegen/typescript-operations' => [OverrideSet],
226 silly Conflicting override sets       'minimatch' => [OverrideSet],
226 silly Conflicting override sets       'vite' => [OverrideSet]
226 silly Conflicting override sets     }
226 silly Conflicting override sets   },
226 silly Conflicting override sets   children: Map(0) {},
226 silly Conflicting override sets   name: '@graphql-tools/url-loader',
226 silly Conflicting override sets   key: '@graphql-tools/url-loader',
226 silly Conflicting override sets   keySpec: '*',
226 silly Conflicting override sets   value: '8.0.16'
226 silly Conflicting override sets } <ref *1> OverrideSet {
226 silly Conflicting override sets   parent: OverrideSet {
226 silly Conflicting override sets     parent: undefined,
226 silly Conflicting override sets     children: Map(5) {
226 silly Conflicting override sets       '@graphql-tools/url-loader' => [OverrideSet],
226 silly Conflicting override sets       '@graphql-codegen/client-preset' => [Circular *1],
226 silly Conflicting override sets       '@graphql-codegen/typescript-operations' => [OverrideSet],
226 silly Conflicting override sets       'minimatch' => [OverrideSet],
226 silly Conflicting override sets       'vite' => [OverrideSet]
226 silly Conflicting override sets     }
226 silly Conflicting override sets   },
226 silly Conflicting override sets   children: Map(0) {},
226 silly Conflicting override sets   name: '@graphql-codegen/client-preset',
226 silly Conflicting override sets   key: '@graphql-codegen/client-preset',
226 silly Conflicting override sets   keySpec: '*',
226 silly Conflicting override sets   value: '4.7.0'
226 silly Conflicting override sets }
227 silly Conflicting override sets <ref *1> OverrideSet {
227 silly Conflicting override sets   parent: OverrideSet {
227 silly Conflicting override sets     parent: undefined,
227 silly Conflicting override sets     children: Map(5) {
227 silly Conflicting override sets       '@graphql-tools/url-loader' => [Circular *1],
227 silly Conflicting override sets       '@graphql-codegen/client-preset' => [OverrideSet],
227 silly Conflicting override sets       '@graphql-codegen/typescript-operations' => [OverrideSet],
227 silly Conflicting override sets       'minimatch' => [OverrideSet],
227 silly Conflicting override sets       'vite' => [OverrideSet]
227 silly Conflicting override sets     }
227 silly Conflicting override sets   },
227 silly Conflicting override sets   children: Map(0) {},
227 silly Conflicting override sets   name: '@graphql-tools/url-loader',
227 silly Conflicting override sets   key: '@graphql-tools/url-loader',
227 silly Conflicting override sets   keySpec: '*',
227 silly Conflicting override sets   value: '8.0.16'
227 silly Conflicting override sets } <ref *1> OverrideSet {
227 silly Conflicting override sets   parent: OverrideSet {
227 silly Conflicting override sets     parent: undefined,
227 silly Conflicting override sets     children: Map(5) {
227 silly Conflicting override sets       '@graphql-tools/url-loader' => [OverrideSet],
227 silly Conflicting override sets       '@graphql-codegen/client-preset' => [Circular *1],
227 silly Conflicting override sets       '@graphql-codegen/typescript-operations' => [OverrideSet],
227 silly Conflicting override sets       'minimatch' => [OverrideSet],
227 silly Conflicting override sets       'vite' => [OverrideSet]
227 silly Conflicting override sets     }
227 silly Conflicting override sets   },
227 silly Conflicting override sets   children: Map(0) {},
227 silly Conflicting override sets   name: '@graphql-codegen/client-preset',
227 silly Conflicting override sets   key: '@graphql-codegen/client-preset',
227 silly Conflicting override sets   keySpec: '*',
227 silly Conflicting override sets   value: '4.7.0'
227 silly Conflicting override sets }
228 silly Conflicting override sets <ref *1> OverrideSet {
228 silly Conflicting override sets   parent: OverrideSet {
228 silly Conflicting override sets     parent: undefined,
228 silly Conflicting override sets     children: Map(5) {
228 silly Conflicting override sets       '@graphql-tools/url-loader' => [Circular *1],
228 silly Conflicting override sets       '@graphql-codegen/client-preset' => [OverrideSet],
228 silly Conflicting override sets       '@graphql-codegen/typescript-operations' => [OverrideSet],
228 silly Conflicting override sets       'minimatch' => [OverrideSet],
228 silly Conflicting override sets       'vite' => [OverrideSet]
228 silly Conflicting override sets     }
228 silly Conflicting override sets   },
228 silly Conflicting override sets   children: Map(0) {},
228 silly Conflicting override sets   name: '@graphql-tools/url-loader',
228 silly Conflicting override sets   key: '@graphql-tools/url-loader',
228 silly Conflicting override sets   keySpec: '*',
228 silly Conflicting override sets   value: '8.0.16'
228 silly Conflicting override sets } <ref *1> OverrideSet {
228 silly Conflicting override sets   parent: OverrideSet {
228 silly Conflicting override sets     parent: undefined,
228 silly Conflicting override sets     children: Map(5) {
228 silly Conflicting override sets       '@graphql-tools/url-loader' => [OverrideSet],
228 silly Conflicting override sets       '@graphql-codegen/client-preset' => [Circular *1],
228 silly Conflicting override sets       '@graphql-codegen/typescript-operations' => [OverrideSet],
228 silly Conflicting override sets       'minimatch' => [OverrideSet],
228 silly Conflicting override sets       'vite' => [OverrideSet]
228 silly Conflicting override sets     }
228 silly Conflicting override sets   },
228 silly Conflicting override sets   children: Map(0) {},
228 silly Conflicting override sets   name: '@graphql-codegen/client-preset',
228 silly Conflicting override sets   key: '@graphql-codegen/client-preset',
228 silly Conflicting override sets   keySpec: '*',
228 silly Conflicting override sets   value: '4.7.0'
228 silly Conflicting override sets }
229 silly Conflicting override sets <ref *1> OverrideSet {
229 silly Conflicting override sets   parent: OverrideSet {
229 silly Conflicting override sets     parent: undefined,
229 silly Conflicting override sets     children: Map(5) {
229 silly Conflicting override sets       '@graphql-tools/url-loader' => [Circular *1],
229 silly Conflicting override sets       '@graphql-codegen/client-preset' => [OverrideSet],
229 silly Conflicting override sets       '@graphql-codegen/typescript-operations' => [OverrideSet],
229 silly Conflicting override sets       'minimatch' => [OverrideSet],
229 silly Conflicting override sets       'vite' => [OverrideSet]
229 silly Conflicting override sets     }
229 silly Conflicting override sets   },
229 silly Conflicting override sets   children: Map(0) {},
229 silly Conflicting override sets   name: '@graphql-tools/url-loader',
229 silly Conflicting override sets   key: '@graphql-tools/url-loader',
229 silly Conflicting override sets   keySpec: '*',
229 silly Conflicting override sets   value: '8.0.16'
229 silly Conflicting override sets } <ref *1> OverrideSet {
229 silly Conflicting override sets   parent: OverrideSet {
229 silly Conflicting override sets     parent: undefined,
229 silly Conflicting override sets     children: Map(5) {
229 silly Conflicting override sets       '@graphql-tools/url-loader' => [OverrideSet],
229 silly Conflicting override sets       '@graphql-codegen/client-preset' => [Circular *1],
229 silly Conflicting override sets       '@graphql-codegen/typescript-operations' => [OverrideSet],
229 silly Conflicting override sets       'minimatch' => [OverrideSet],
229 silly Conflicting override sets       'vite' => [OverrideSet]
229 silly Conflicting override sets     }
229 silly Conflicting override sets   },
229 silly Conflicting override sets   children: Map(0) {},
229 silly Conflicting override sets   name: '@graphql-codegen/client-preset',
229 silly Conflicting override sets   key: '@graphql-codegen/client-preset',
229 silly Conflicting override sets   keySpec: '*',
229 silly Conflicting override sets   value: '4.7.0'
229 silly Conflicting override sets }
230 silly Conflicting override sets <ref *1> OverrideSet {
230 silly Conflicting override sets   parent: OverrideSet {
230 silly Conflicting override sets     parent: undefined,
230 silly Conflicting override sets     children: Map(5) {
230 silly Conflicting override sets       '@graphql-tools/url-loader' => [Circular *1],
230 silly Conflicting override sets       '@graphql-codegen/client-preset' => [OverrideSet],
230 silly Conflicting override sets       '@graphql-codegen/typescript-operations' => [OverrideSet],
230 silly Conflicting override sets       'minimatch' => [OverrideSet],
230 silly Conflicting override sets       'vite' => [OverrideSet]
230 silly Conflicting override sets     }
230 silly Conflicting override sets   },
230 silly Conflicting override sets   children: Map(0) {},
230 silly Conflicting override sets   name: '@graphql-tools/url-loader',
230 silly Conflicting override sets   key: '@graphql-tools/url-loader',
230 silly Conflicting override sets   keySpec: '*',
230 silly Conflicting override sets   value: '8.0.16'
230 silly Conflicting override sets } <ref *1> OverrideSet {
230 silly Conflicting override sets   parent: OverrideSet {
230 silly Conflicting override sets     parent: undefined,
230 silly Conflicting override sets     children: Map(5) {
230 silly Conflicting override sets       '@graphql-tools/url-loader' => [OverrideSet],
230 silly Conflicting override sets       '@graphql-codegen/client-preset' => [Circular *1],
230 silly Conflicting override sets       '@graphql-codegen/typescript-operations' => [OverrideSet],
230 silly Conflicting override sets       'minimatch' => [OverrideSet],
230 silly Conflicting override sets       'vite' => [OverrideSet]
230 silly Conflicting override sets     }
230 silly Conflicting override sets   },
230 silly Conflicting override sets   children: Map(0) {},
230 silly Conflicting override sets   name: '@graphql-codegen/client-preset',
230 silly Conflicting override sets   key: '@graphql-codegen/client-preset',
230 silly Conflicting override sets   keySpec: '*',
230 silly Conflicting override sets   value: '4.7.0'
230 silly Conflicting override sets }
231 silly Conflicting override sets <ref *1> OverrideSet {
231 silly Conflicting override sets   parent: OverrideSet {
231 silly Conflicting override sets     parent: undefined,
231 silly Conflicting override sets     children: Map(5) {
231 silly Conflicting override sets       '@graphql-tools/url-loader' => [Circular *1],
231 silly Conflicting override sets       '@graphql-codegen/client-preset' => [OverrideSet],
231 silly Conflicting override sets       '@graphql-codegen/typescript-operations' => [OverrideSet],
231 silly Conflicting override sets       'minimatch' => [OverrideSet],
231 silly Conflicting override sets       'vite' => [OverrideSet]
231 silly Conflicting override sets     }
231 silly Conflicting override sets   },
231 silly Conflicting override sets   children: Map(0) {},
231 silly Conflicting override sets   name: '@graphql-tools/url-loader',
231 silly Conflicting override sets   key: '@graphql-tools/url-loader',
231 silly Conflicting override sets   keySpec: '*',
231 silly Conflicting override sets   value: '8.0.16'
231 silly Conflicting override sets } <ref *1> OverrideSet {
231 silly Conflicting override sets   parent: OverrideSet {
231 silly Conflicting override sets     parent: undefined,
231 silly Conflicting override sets     children: Map(5) {
231 silly Conflicting override sets       '@graphql-tools/url-loader' => [OverrideSet],
231 silly Conflicting override sets       '@graphql-codegen/client-preset' => [Circular *1],
231 silly Conflicting override sets       '@graphql-codegen/typescript-operations' => [OverrideSet],
231 silly Conflicting override sets       'minimatch' => [OverrideSet],
231 silly Conflicting override sets       'vite' => [OverrideSet]
231 silly Conflicting override sets     }
231 silly Conflicting override sets   },
231 silly Conflicting override sets   children: Map(0) {},
231 silly Conflicting override sets   name: '@graphql-codegen/client-preset',
231 silly Conflicting override sets   key: '@graphql-codegen/client-preset',
231 silly Conflicting override sets   keySpec: '*',
231 silly Conflicting override sets   value: '4.7.0'
231 silly Conflicting override sets }
232 silly Conflicting override sets <ref *1> OverrideSet {
232 silly Conflicting override sets   parent: OverrideSet {
232 silly Conflicting override sets     parent: undefined,
232 silly Conflicting override sets     children: Map(5) {
232 silly Conflicting override sets       '@graphql-tools/url-loader' => [Circular *1],
232 silly Conflicting override sets       '@graphql-codegen/client-preset' => [OverrideSet],
232 silly Conflicting override sets       '@graphql-codegen/typescript-operations' => [OverrideSet],
232 silly Conflicting override sets       'minimatch' => [OverrideSet],
232 silly Conflicting override sets       'vite' => [OverrideSet]
232 silly Conflicting override sets     }
232 silly Conflicting override sets   },
232 silly Conflicting override sets   children: Map(0) {},
232 silly Conflicting override sets   name: '@graphql-tools/url-loader',
232 silly Conflicting override sets   key: '@graphql-tools/url-loader',
232 silly Conflicting override sets   keySpec: '*',
232 silly Conflicting override sets   value: '8.0.16'
232 silly Conflicting override sets } <ref *1> OverrideSet {
232 silly Conflicting override sets   parent: OverrideSet {
232 silly Conflicting override sets     parent: undefined,
232 silly Conflicting override sets     children: Map(5) {
232 silly Conflicting override sets       '@graphql-tools/url-loader' => [OverrideSet],
232 silly Conflicting override sets       '@graphql-codegen/client-preset' => [Circular *1],
232 silly Conflicting override sets       '@graphql-codegen/typescript-operations' => [OverrideSet],
232 silly Conflicting override sets       'minimatch' => [OverrideSet],
232 silly Conflicting override sets       'vite' => [OverrideSet]
232 silly Conflicting override sets     }
232 silly Conflicting override sets   },
232 silly Conflicting override sets   children: Map(0) {},
232 silly Conflicting override sets   name: '@graphql-codegen/client-preset',
232 silly Conflicting override sets   key: '@graphql-codegen/client-preset',
232 silly Conflicting override sets   keySpec: '*',
232 silly Conflicting override sets   value: '4.7.0'
232 silly Conflicting override sets }
233 silly Conflicting override sets <ref *1> OverrideSet {
233 silly Conflicting override sets   parent: OverrideSet {
233 silly Conflicting override sets     parent: undefined,
233 silly Conflicting override sets     children: Map(5) {
233 silly Conflicting override sets       '@graphql-tools/url-loader' => [Circular *1],
233 silly Conflicting override sets       '@graphql-codegen/client-preset' => [OverrideSet],
233 silly Conflicting override sets       '@graphql-codegen/typescript-operations' => [OverrideSet],
233 silly Conflicting override sets       'minimatch' => [OverrideSet],
233 silly Conflicting override sets       'vite' => [OverrideSet]
233 silly Conflicting override sets     }
233 silly Conflicting override sets   },
233 silly Conflicting override sets   children: Map(0) {},
233 silly Conflicting override sets   name: '@graphql-tools/url-loader',
233 silly Conflicting override sets   key: '@graphql-tools/url-loader',
233 silly Conflicting override sets   keySpec: '*',
233 silly Conflicting override sets   value: '8.0.16'
233 silly Conflicting override sets } <ref *1> OverrideSet {
233 silly Conflicting override sets   parent: OverrideSet {
233 silly Conflicting override sets     parent: undefined,
233 silly Conflicting override sets     children: Map(5) {
233 silly Conflicting override sets       '@graphql-tools/url-loader' => [OverrideSet],
233 silly Conflicting override sets       '@graphql-codegen/client-preset' => [Circular *1],
233 silly Conflicting override sets       '@graphql-codegen/typescript-operations' => [OverrideSet],
233 silly Conflicting override sets       'minimatch' => [OverrideSet],
233 silly Conflicting override sets       'vite' => [OverrideSet]
233 silly Conflicting override sets     }
233 silly Conflicting override sets   },
233 silly Conflicting override sets   children: Map(0) {},
233 silly Conflicting override sets   name: '@graphql-codegen/client-preset',
233 silly Conflicting override sets   key: '@graphql-codegen/client-preset',
233 silly Conflicting override sets   keySpec: '*',
233 silly Conflicting override sets   value: '4.7.0'
233 silly Conflicting override sets }
234 silly idealTree buildDeps
235 silly fetch manifest @prisma/adapter-pg@*
236 silly packumentCache full:https://registry.npmjs.org/@prisma%2fadapter-pg cache-miss
237 silly Conflicting override sets <ref *1> OverrideSet {
237 silly Conflicting override sets   parent: OverrideSet {
237 silly Conflicting override sets     parent: undefined,
237 silly Conflicting override sets     children: Map(5) {
237 silly Conflicting override sets       '@graphql-tools/url-loader' => [OverrideSet],
237 silly Conflicting override sets       '@graphql-codegen/client-preset' => [OverrideSet],
237 silly Conflicting override sets       '@graphql-codegen/typescript-operations' => [OverrideSet],
237 silly Conflicting override sets       'minimatch' => [OverrideSet],
237 silly Conflicting override sets       'vite' => [Circular *1]
237 silly Conflicting override sets     }
237 silly Conflicting override sets   },
237 silly Conflicting override sets   children: Map(0) {},
237 silly Conflicting override sets   name: 'vite',
237 silly Conflicting override sets   key: 'vite',
237 silly Conflicting override sets   keySpec: '*',
237 silly Conflicting override sets   value: '^6.2.2'
237 silly Conflicting override sets } <ref *1> OverrideSet {
237 silly Conflicting override sets   parent: OverrideSet {
237 silly Conflicting override sets     parent: undefined,
237 silly Conflicting override sets     children: Map(5) {
237 silly Conflicting override sets       '@graphql-tools/url-loader' => [OverrideSet],
237 silly Conflicting override sets       '@graphql-codegen/client-preset' => [Circular *1],
237 silly Conflicting override sets       '@graphql-codegen/typescript-operations' => [OverrideSet],
237 silly Conflicting override sets       'minimatch' => [OverrideSet],
237 silly Conflicting override sets       'vite' => [OverrideSet]
237 silly Conflicting override sets     }
237 silly Conflicting override sets   },
237 silly Conflicting override sets   children: Map(0) {},
237 silly Conflicting override sets   name: '@graphql-codegen/client-preset',
237 silly Conflicting override sets   key: '@graphql-codegen/client-preset',
237 silly Conflicting override sets   keySpec: '*',
237 silly Conflicting override sets   value: '4.7.0'
237 silly Conflicting override sets }
238 silly Conflicting override sets picocolors
239 silly Conflicting override sets <ref *1> OverrideSet {
239 silly Conflicting override sets   parent: OverrideSet {
239 silly Conflicting override sets     parent: undefined,
239 silly Conflicting override sets     children: Map(5) {
239 silly Conflicting override sets       '@graphql-tools/url-loader' => [OverrideSet],
239 silly Conflicting override sets       '@graphql-codegen/client-preset' => [Circular *1],
239 silly Conflicting override sets       '@graphql-codegen/typescript-operations' => [OverrideSet],
239 silly Conflicting override sets       'minimatch' => [OverrideSet],
239 silly Conflicting override sets       'vite' => [OverrideSet]
239 silly Conflicting override sets     }
239 silly Conflicting override sets   },
239 silly Conflicting override sets   children: Map(0) {},
239 silly Conflicting override sets   name: '@graphql-codegen/client-preset',
239 silly Conflicting override sets   key: '@graphql-codegen/client-preset',
239 silly Conflicting override sets   keySpec: '*',
239 silly Conflicting override sets   value: '4.7.0'
239 silly Conflicting override sets } <ref *1> OverrideSet {
239 silly Conflicting override sets   parent: OverrideSet {
239 silly Conflicting override sets     parent: undefined,
239 silly Conflicting override sets     children: Map(5) {
239 silly Conflicting override sets       '@graphql-tools/url-loader' => [OverrideSet],
239 silly Conflicting override sets       '@graphql-codegen/client-preset' => [OverrideSet],
239 silly Conflicting override sets       '@graphql-codegen/typescript-operations' => [Circular *1],
239 silly Conflicting override sets       'minimatch' => [OverrideSet],
239 silly Conflicting override sets       'vite' => [OverrideSet]
239 silly Conflicting override sets     }
239 silly Conflicting override sets   },
239 silly Conflicting override sets   children: Map(0) {},
239 silly Conflicting override sets   name: '@graphql-codegen/typescript-operations',
239 silly Conflicting override sets   key: '@graphql-codegen/typescript-operations',
239 silly Conflicting override sets   keySpec: '*',
239 silly Conflicting override sets   value: '4.5.0'
239 silly Conflicting override sets }
240 silly Conflicting override sets graphql
241 silly Conflicting override sets <ref *1> OverrideSet {
241 silly Conflicting override sets   parent: OverrideSet {
241 silly Conflicting override sets     parent: undefined,
241 silly Conflicting override sets     children: Map(5) {
241 silly Conflicting override sets       '@graphql-tools/url-loader' => [OverrideSet],
241 silly Conflicting override sets       '@graphql-codegen/client-preset' => [Circular *1],
241 silly Conflicting override sets       '@graphql-codegen/typescript-operations' => [OverrideSet],
241 silly Conflicting override sets       'minimatch' => [OverrideSet],
241 silly Conflicting override sets       'vite' => [OverrideSet]
241 silly Conflicting override sets     }
241 silly Conflicting override sets   },
241 silly Conflicting override sets   children: Map(0) {},
241 silly Conflicting override sets   name: '@graphql-codegen/client-preset',
241 silly Conflicting override sets   key: '@graphql-codegen/client-preset',
241 silly Conflicting override sets   keySpec: '*',
241 silly Conflicting override sets   value: '4.7.0'
241 silly Conflicting override sets } <ref *1> OverrideSet {
241 silly Conflicting override sets   parent: OverrideSet {
241 silly Conflicting override sets     parent: undefined,
241 silly Conflicting override sets     children: Map(5) {
241 silly Conflicting override sets       '@graphql-tools/url-loader' => [OverrideSet],
241 silly Conflicting override sets       '@graphql-codegen/client-preset' => [OverrideSet],
241 silly Conflicting override sets       '@graphql-codegen/typescript-operations' => [Circular *1],
241 silly Conflicting override sets       'minimatch' => [OverrideSet],
241 silly Conflicting override sets       'vite' => [OverrideSet]
241 silly Conflicting override sets     }
241 silly Conflicting override sets   },
241 silly Conflicting override sets   children: Map(0) {},
241 silly Conflicting override sets   name: '@graphql-codegen/typescript-operations',
241 silly Conflicting override sets   key: '@graphql-codegen/typescript-operations',
241 silly Conflicting override sets   keySpec: '*',
241 silly Conflicting override sets   value: '4.5.0'
241 silly Conflicting override sets }
242 silly Conflicting override sets @graphql-codegen/plugin-helpers
243 silly Conflicting override sets <ref *1> OverrideSet {
243 silly Conflicting override sets   parent: OverrideSet {
243 silly Conflicting override sets     parent: undefined,
243 silly Conflicting override sets     children: Map(5) {
243 silly Conflicting override sets       '@graphql-tools/url-loader' => [OverrideSet],
243 silly Conflicting override sets       '@graphql-codegen/client-preset' => [Circular *1],
243 silly Conflicting override sets       '@graphql-codegen/typescript-operations' => [OverrideSet],
243 silly Conflicting override sets       'minimatch' => [OverrideSet],
243 silly Conflicting override sets       'vite' => [OverrideSet]
243 silly Conflicting override sets     }
243 silly Conflicting override sets   },
243 silly Conflicting override sets   children: Map(0) {},
243 silly Conflicting override sets   name: '@graphql-codegen/client-preset',
243 silly Conflicting override sets   key: '@graphql-codegen/client-preset',
243 silly Conflicting override sets   keySpec: '*',
243 silly Conflicting override sets   value: '4.7.0'
243 silly Conflicting override sets } <ref *1> OverrideSet {
243 silly Conflicting override sets   parent: OverrideSet {
243 silly Conflicting override sets     parent: undefined,
243 silly Conflicting override sets     children: Map(5) {
243 silly Conflicting override sets       '@graphql-tools/url-loader' => [OverrideSet],
243 silly Conflicting override sets       '@graphql-codegen/client-preset' => [OverrideSet],
243 silly Conflicting override sets       '@graphql-codegen/typescript-operations' => [Circular *1],
243 silly Conflicting override sets       'minimatch' => [OverrideSet],
243 silly Conflicting override sets       'vite' => [OverrideSet]
243 silly Conflicting override sets     }
243 silly Conflicting override sets   },
243 silly Conflicting override sets   children: Map(0) {},
243 silly Conflicting override sets   name: '@graphql-codegen/typescript-operations',
243 silly Conflicting override sets   key: '@graphql-codegen/typescript-operations',
243 silly Conflicting override sets   keySpec: '*',
243 silly Conflicting override sets   value: '4.5.0'
243 silly Conflicting override sets }
244 silly Conflicting override sets @graphql-codegen/typescript
245 silly Conflicting override sets <ref *1> OverrideSet {
245 silly Conflicting override sets   parent: OverrideSet {
245 silly Conflicting override sets     parent: undefined,
245 silly Conflicting override sets     children: Map(5) {
245 silly Conflicting override sets       '@graphql-tools/url-loader' => [OverrideSet],
245 silly Conflicting override sets       '@graphql-codegen/client-preset' => [Circular *1],
245 silly Conflicting override sets       '@graphql-codegen/typescript-operations' => [OverrideSet],
245 silly Conflicting override sets       'minimatch' => [OverrideSet],
245 silly Conflicting override sets       'vite' => [OverrideSet]
245 silly Conflicting override sets     }
245 silly Conflicting override sets   },
245 silly Conflicting override sets   children: Map(0) {},
245 silly Conflicting override sets   name: '@graphql-codegen/client-preset',
245 silly Conflicting override sets   key: '@graphql-codegen/client-preset',
245 silly Conflicting override sets   keySpec: '*',
245 silly Conflicting override sets   value: '4.7.0'
245 silly Conflicting override sets } <ref *1> OverrideSet {
245 silly Conflicting override sets   parent: OverrideSet {
245 silly Conflicting override sets     parent: undefined,
245 silly Conflicting override sets     children: Map(5) {
245 silly Conflicting override sets       '@graphql-tools/url-loader' => [OverrideSet],
245 silly Conflicting override sets       '@graphql-codegen/client-preset' => [OverrideSet],
245 silly Conflicting override sets       '@graphql-codegen/typescript-operations' => [Circular *1],
245 silly Conflicting override sets       'minimatch' => [OverrideSet],
245 silly Conflicting override sets       'vite' => [OverrideSet]
245 silly Conflicting override sets     }
245 silly Conflicting override sets   },
245 silly Conflicting override sets   children: Map(0) {},
245 silly Conflicting override sets   name: '@graphql-codegen/typescript-operations',
245 silly Conflicting override sets   key: '@graphql-codegen/typescript-operations',
245 silly Conflicting override sets   keySpec: '*',
245 silly Conflicting override sets   value: '4.5.0'
245 silly Conflicting override sets }
246 silly Conflicting override sets @graphql-codegen/visitor-plugin-common
247 silly Conflicting override sets <ref *1> OverrideSet {
247 silly Conflicting override sets   parent: OverrideSet {
247 silly Conflicting override sets     parent: undefined,
247 silly Conflicting override sets     children: Map(5) {
247 silly Conflicting override sets       '@graphql-tools/url-loader' => [OverrideSet],
247 silly Conflicting override sets       '@graphql-codegen/client-preset' => [Circular *1],
247 silly Conflicting override sets       '@graphql-codegen/typescript-operations' => [OverrideSet],
247 silly Conflicting override sets       'minimatch' => [OverrideSet],
247 silly Conflicting override sets       'vite' => [OverrideSet]
247 silly Conflicting override sets     }
247 silly Conflicting override sets   },
247 silly Conflicting override sets   children: Map(0) {},
247 silly Conflicting override sets   name: '@graphql-codegen/client-preset',
247 silly Conflicting override sets   key: '@graphql-codegen/client-preset',
247 silly Conflicting override sets   keySpec: '*',
247 silly Conflicting override sets   value: '4.7.0'
247 silly Conflicting override sets } <ref *1> OverrideSet {
247 silly Conflicting override sets   parent: OverrideSet {
247 silly Conflicting override sets     parent: undefined,
247 silly Conflicting override sets     children: Map(5) {
247 silly Conflicting override sets       '@graphql-tools/url-loader' => [OverrideSet],
247 silly Conflicting override sets       '@graphql-codegen/client-preset' => [OverrideSet],
247 silly Conflicting override sets       '@graphql-codegen/typescript-operations' => [Circular *1],
247 silly Conflicting override sets       'minimatch' => [OverrideSet],
247 silly Conflicting override sets       'vite' => [OverrideSet]
247 silly Conflicting override sets     }
247 silly Conflicting override sets   },
247 silly Conflicting override sets   children: Map(0) {},
247 silly Conflicting override sets   name: '@graphql-codegen/typescript-operations',
247 silly Conflicting override sets   key: '@graphql-codegen/typescript-operations',
247 silly Conflicting override sets   keySpec: '*',
247 silly Conflicting override sets   value: '4.5.0'
247 silly Conflicting override sets }
248 silly Conflicting override sets auto-bind
249 silly Conflicting override sets <ref *1> OverrideSet {
249 silly Conflicting override sets   parent: OverrideSet {
249 silly Conflicting override sets     parent: undefined,
249 silly Conflicting override sets     children: Map(5) {
249 silly Conflicting override sets       '@graphql-tools/url-loader' => [OverrideSet],
249 silly Conflicting override sets       '@graphql-codegen/client-preset' => [Circular *1],
249 silly Conflicting override sets       '@graphql-codegen/typescript-operations' => [OverrideSet],
249 silly Conflicting override sets       'minimatch' => [OverrideSet],
249 silly Conflicting override sets       'vite' => [OverrideSet]
249 silly Conflicting override sets     }
249 silly Conflicting override sets   },
249 silly Conflicting override sets   children: Map(0) {},
249 silly Conflicting override sets   name: '@graphql-codegen/client-preset',
249 silly Conflicting override sets   key: '@graphql-codegen/client-preset',
249 silly Conflicting override sets   keySpec: '*',
249 silly Conflicting override sets   value: '4.7.0'
249 silly Conflicting override sets } <ref *1> OverrideSet {
249 silly Conflicting override sets   parent: OverrideSet {
249 silly Conflicting override sets     parent: undefined,
249 silly Conflicting override sets     children: Map(5) {
249 silly Conflicting override sets       '@graphql-tools/url-loader' => [OverrideSet],
249 silly Conflicting override sets       '@graphql-codegen/client-preset' => [OverrideSet],
249 silly Conflicting override sets       '@graphql-codegen/typescript-operations' => [Circular *1],
249 silly Conflicting override sets       'minimatch' => [OverrideSet],
249 silly Conflicting override sets       'vite' => [OverrideSet]
249 silly Conflicting override sets     }
249 silly Conflicting override sets   },
249 silly Conflicting override sets   children: Map(0) {},
249 silly Conflicting override sets   name: '@graphql-codegen/typescript-operations',
249 silly Conflicting override sets   key: '@graphql-codegen/typescript-operations',
249 silly Conflicting override sets   keySpec: '*',
249 silly Conflicting override sets   value: '4.5.0'
249 silly Conflicting override sets }
250 silly Conflicting override sets tslib
251 silly Conflicting override sets <ref *1> OverrideSet {
251 silly Conflicting override sets   parent: OverrideSet {
251 silly Conflicting override sets     parent: undefined,
251 silly Conflicting override sets     children: Map(5) {
251 silly Conflicting override sets       '@graphql-tools/url-loader' => [OverrideSet],
251 silly Conflicting override sets       '@graphql-codegen/client-preset' => [Circular *1],
251 silly Conflicting override sets       '@graphql-codegen/typescript-operations' => [OverrideSet],
251 silly Conflicting override sets       'minimatch' => [OverrideSet],
251 silly Conflicting override sets       'vite' => [OverrideSet]
251 silly Conflicting override sets     }
251 silly Conflicting override sets   },
251 silly Conflicting override sets   children: Map(0) {},
251 silly Conflicting override sets   name: '@graphql-codegen/client-preset',
251 silly Conflicting override sets   key: '@graphql-codegen/client-preset',
251 silly Conflicting override sets   keySpec: '*',
251 silly Conflicting override sets   value: '4.7.0'
251 silly Conflicting override sets } <ref *1> OverrideSet {
251 silly Conflicting override sets   parent: OverrideSet {
251 silly Conflicting override sets     parent: undefined,
251 silly Conflicting override sets     children: Map(5) {
251 silly Conflicting override sets       '@graphql-tools/url-loader' => [Circular *1],
251 silly Conflicting override sets       '@graphql-codegen/client-preset' => [OverrideSet],
251 silly Conflicting override sets       '@graphql-codegen/typescript-operations' => [OverrideSet],
251 silly Conflicting override sets       'minimatch' => [OverrideSet],
251 silly Conflicting override sets       'vite' => [OverrideSet]
251 silly Conflicting override sets     }
251 silly Conflicting override sets   },
251 silly Conflicting override sets   children: Map(0) {},
251 silly Conflicting override sets   name: '@graphql-tools/url-loader',
251 silly Conflicting override sets   key: '@graphql-tools/url-loader',
251 silly Conflicting override sets   keySpec: '*',
251 silly Conflicting override sets   value: '8.0.16'
251 silly Conflicting override sets }
252 silly Conflicting override sets graphql
253 silly Conflicting override sets <ref *1> OverrideSet {
253 silly Conflicting override sets   parent: OverrideSet {
253 silly Conflicting override sets     parent: undefined,
253 silly Conflicting override sets     children: Map(5) {
253 silly Conflicting override sets       '@graphql-tools/url-loader' => [OverrideSet],
253 silly Conflicting override sets       '@graphql-codegen/client-preset' => [Circular *1],
253 silly Conflicting override sets       '@graphql-codegen/typescript-operations' => [OverrideSet],
253 silly Conflicting override sets       'minimatch' => [OverrideSet],
253 silly Conflicting override sets       'vite' => [OverrideSet]
253 silly Conflicting override sets     }
253 silly Conflicting override sets   },
253 silly Conflicting override sets   children: Map(0) {},
253 silly Conflicting override sets   name: '@graphql-codegen/client-preset',
253 silly Conflicting override sets   key: '@graphql-codegen/client-preset',
253 silly Conflicting override sets   keySpec: '*',
253 silly Conflicting override sets   value: '4.7.0'
253 silly Conflicting override sets } <ref *1> OverrideSet {
253 silly Conflicting override sets   parent: OverrideSet {
253 silly Conflicting override sets     parent: undefined,
253 silly Conflicting override sets     children: Map(5) {
253 silly Conflicting override sets       '@graphql-tools/url-loader' => [Circular *1],
253 silly Conflicting override sets       '@graphql-codegen/client-preset' => [OverrideSet],
253 silly Conflicting override sets       '@graphql-codegen/typescript-operations' => [OverrideSet],
253 silly Conflicting override sets       'minimatch' => [OverrideSet],
253 silly Conflicting override sets       'vite' => [OverrideSet]
253 silly Conflicting override sets     }
253 silly Conflicting override sets   },
253 silly Conflicting override sets   children: Map(0) {},
253 silly Conflicting override sets   name: '@graphql-tools/url-loader',
253 silly Conflicting override sets   key: '@graphql-tools/url-loader',
253 silly Conflicting override sets   keySpec: '*',
253 silly Conflicting override sets   value: '8.0.16'
253 silly Conflicting override sets }
254 silly Conflicting override sets graphql
255 silly Conflicting override sets <ref *1> OverrideSet {
255 silly Conflicting override sets   parent: OverrideSet {
255 silly Conflicting override sets     parent: undefined,
255 silly Conflicting override sets     children: Map(5) {
255 silly Conflicting override sets       '@graphql-tools/url-loader' => [OverrideSet],
255 silly Conflicting override sets       '@graphql-codegen/client-preset' => [Circular *1],
255 silly Conflicting override sets       '@graphql-codegen/typescript-operations' => [OverrideSet],
255 silly Conflicting override sets       'minimatch' => [OverrideSet],
255 silly Conflicting override sets       'vite' => [OverrideSet]
255 silly Conflicting override sets     }
255 silly Conflicting override sets   },
255 silly Conflicting override sets   children: Map(0) {},
255 silly Conflicting override sets   name: '@graphql-codegen/client-preset',
255 silly Conflicting override sets   key: '@graphql-codegen/client-preset',
255 silly Conflicting override sets   keySpec: '*',
255 silly Conflicting override sets   value: '4.7.0'
255 silly Conflicting override sets } <ref *1> OverrideSet {
255 silly Conflicting override sets   parent: OverrideSet {
255 silly Conflicting override sets     parent: undefined,
255 silly Conflicting override sets     children: Map(5) {
255 silly Conflicting override sets       '@graphql-tools/url-loader' => [Circular *1],
255 silly Conflicting override sets       '@graphql-codegen/client-preset' => [OverrideSet],
255 silly Conflicting override sets       '@graphql-codegen/typescript-operations' => [OverrideSet],
255 silly Conflicting override sets       'minimatch' => [OverrideSet],
255 silly Conflicting override sets       'vite' => [OverrideSet]
255 silly Conflicting override sets     }
255 silly Conflicting override sets   },
255 silly Conflicting override sets   children: Map(0) {},
255 silly Conflicting override sets   name: '@graphql-tools/url-loader',
255 silly Conflicting override sets   key: '@graphql-tools/url-loader',
255 silly Conflicting override sets   keySpec: '*',
255 silly Conflicting override sets   value: '8.0.16'
255 silly Conflicting override sets }
256 silly Conflicting override sets graphql
257 silly Conflicting override sets <ref *1> OverrideSet {
257 silly Conflicting override sets   parent: OverrideSet {
257 silly Conflicting override sets     parent: undefined,
257 silly Conflicting override sets     children: Map(5) {
257 silly Conflicting override sets       '@graphql-tools/url-loader' => [OverrideSet],
257 silly Conflicting override sets       '@graphql-codegen/client-preset' => [Circular *1],
257 silly Conflicting override sets       '@graphql-codegen/typescript-operations' => [OverrideSet],
257 silly Conflicting override sets       'minimatch' => [OverrideSet],
257 silly Conflicting override sets       'vite' => [OverrideSet]
257 silly Conflicting override sets     }
257 silly Conflicting override sets   },
257 silly Conflicting override sets   children: Map(0) {},
257 silly Conflicting override sets   name: '@graphql-codegen/client-preset',
257 silly Conflicting override sets   key: '@graphql-codegen/client-preset',
257 silly Conflicting override sets   keySpec: '*',
257 silly Conflicting override sets   value: '4.7.0'
257 silly Conflicting override sets } <ref *1> OverrideSet {
257 silly Conflicting override sets   parent: OverrideSet {
257 silly Conflicting override sets     parent: undefined,
257 silly Conflicting override sets     children: Map(5) {
257 silly Conflicting override sets       '@graphql-tools/url-loader' => [Circular *1],
257 silly Conflicting override sets       '@graphql-codegen/client-preset' => [OverrideSet],
257 silly Conflicting override sets       '@graphql-codegen/typescript-operations' => [OverrideSet],
257 silly Conflicting override sets       'minimatch' => [OverrideSet],
257 silly Conflicting override sets       'vite' => [OverrideSet]
257 silly Conflicting override sets     }
257 silly Conflicting override sets   },
257 silly Conflicting override sets   children: Map(0) {},
257 silly Conflicting override sets   name: '@graphql-tools/url-loader',
257 silly Conflicting override sets   key: '@graphql-tools/url-loader',
257 silly Conflicting override sets   keySpec: '*',
257 silly Conflicting override sets   value: '8.0.16'
257 silly Conflicting override sets }
258 silly Conflicting override sets tslib
259 silly Conflicting override sets <ref *1> OverrideSet {
259 silly Conflicting override sets   parent: OverrideSet {
259 silly Conflicting override sets     parent: undefined,
259 silly Conflicting override sets     children: Map(5) {
259 silly Conflicting override sets       '@graphql-tools/url-loader' => [OverrideSet],
259 silly Conflicting override sets       '@graphql-codegen/client-preset' => [Circular *1],
259 silly Conflicting override sets       '@graphql-codegen/typescript-operations' => [OverrideSet],
259 silly Conflicting override sets       'minimatch' => [OverrideSet],
259 silly Conflicting override sets       'vite' => [OverrideSet]
259 silly Conflicting override sets     }
259 silly Conflicting override sets   },
259 silly Conflicting override sets   children: Map(0) {},
259 silly Conflicting override sets   name: '@graphql-codegen/client-preset',
259 silly Conflicting override sets   key: '@graphql-codegen/client-preset',
259 silly Conflicting override sets   keySpec: '*',
259 silly Conflicting override sets   value: '4.7.0'
259 silly Conflicting override sets } <ref *1> OverrideSet {
259 silly Conflicting override sets   parent: OverrideSet {
259 silly Conflicting override sets     parent: undefined,
259 silly Conflicting override sets     children: Map(5) {
259 silly Conflicting override sets       '@graphql-tools/url-loader' => [Circular *1],
259 silly Conflicting override sets       '@graphql-codegen/client-preset' => [OverrideSet],
259 silly Conflicting override sets       '@graphql-codegen/typescript-operations' => [OverrideSet],
259 silly Conflicting override sets       'minimatch' => [OverrideSet],
259 silly Conflicting override sets       'vite' => [OverrideSet]
259 silly Conflicting override sets     }
259 silly Conflicting override sets   },
259 silly Conflicting override sets   children: Map(0) {},
259 silly Conflicting override sets   name: '@graphql-tools/url-loader',
259 silly Conflicting override sets   key: '@graphql-tools/url-loader',
259 silly Conflicting override sets   keySpec: '*',
259 silly Conflicting override sets   value: '8.0.16'
259 silly Conflicting override sets }
260 silly Conflicting override sets tslib
261 silly Conflicting override sets <ref *1> OverrideSet {
261 silly Conflicting override sets   parent: OverrideSet {
261 silly Conflicting override sets     parent: undefined,
261 silly Conflicting override sets     children: Map(5) {
261 silly Conflicting override sets       '@graphql-tools/url-loader' => [OverrideSet],
261 silly Conflicting override sets       '@graphql-codegen/client-preset' => [Circular *1],
261 silly Conflicting override sets       '@graphql-codegen/typescript-operations' => [OverrideSet],
261 silly Conflicting override sets       'minimatch' => [OverrideSet],
261 silly Conflicting override sets       'vite' => [OverrideSet]
261 silly Conflicting override sets     }
261 silly Conflicting override sets   },
261 silly Conflicting override sets   children: Map(0) {},
261 silly Conflicting override sets   name: '@graphql-codegen/client-preset',
261 silly Conflicting override sets   key: '@graphql-codegen/client-preset',
261 silly Conflicting override sets   keySpec: '*',
261 silly Conflicting override sets   value: '4.7.0'
261 silly Conflicting override sets } <ref *1> OverrideSet {
261 silly Conflicting override sets   parent: OverrideSet {
261 silly Conflicting override sets     parent: undefined,
261 silly Conflicting override sets     children: Map(5) {
261 silly Conflicting override sets       '@graphql-tools/url-loader' => [Circular *1],
261 silly Conflicting override sets       '@graphql-codegen/client-preset' => [OverrideSet],
261 silly Conflicting override sets       '@graphql-codegen/typescript-operations' => [OverrideSet],
261 silly Conflicting override sets       'minimatch' => [OverrideSet],
261 silly Conflicting override sets       'vite' => [OverrideSet]
261 silly Conflicting override sets     }
261 silly Conflicting override sets   },
261 silly Conflicting override sets   children: Map(0) {},
261 silly Conflicting override sets   name: '@graphql-tools/url-loader',
261 silly Conflicting override sets   key: '@graphql-tools/url-loader',
261 silly Conflicting override sets   keySpec: '*',
261 silly Conflicting override sets   value: '8.0.16'
261 silly Conflicting override sets }
262 silly Conflicting override sets tslib
263 silly Conflicting override sets <ref *1> OverrideSet {
263 silly Conflicting override sets   parent: OverrideSet {
263 silly Conflicting override sets     parent: undefined,
263 silly Conflicting override sets     children: Map(5) {
263 silly Conflicting override sets       '@graphql-tools/url-loader' => [OverrideSet],
263 silly Conflicting override sets       '@graphql-codegen/client-preset' => [Circular *1],
263 silly Conflicting override sets       '@graphql-codegen/typescript-operations' => [OverrideSet],
263 silly Conflicting override sets       'minimatch' => [OverrideSet],
263 silly Conflicting override sets       'vite' => [OverrideSet]
263 silly Conflicting override sets     }
263 silly Conflicting override sets   },
263 silly Conflicting override sets   children: Map(0) {},
263 silly Conflicting override sets   name: '@graphql-codegen/client-preset',
263 silly Conflicting override sets   key: '@graphql-codegen/client-preset',
263 silly Conflicting override sets   keySpec: '*',
263 silly Conflicting override sets   value: '4.7.0'
263 silly Conflicting override sets } <ref *1> OverrideSet {
263 silly Conflicting override sets   parent: OverrideSet {
263 silly Conflicting override sets     parent: undefined,
263 silly Conflicting override sets     children: Map(5) {
263 silly Conflicting override sets       '@graphql-tools/url-loader' => [Circular *1],
263 silly Conflicting override sets       '@graphql-codegen/client-preset' => [OverrideSet],
263 silly Conflicting override sets       '@graphql-codegen/typescript-operations' => [OverrideSet],
263 silly Conflicting override sets       'minimatch' => [OverrideSet],
263 silly Conflicting override sets       'vite' => [OverrideSet]
263 silly Conflicting override sets     }
263 silly Conflicting override sets   },
263 silly Conflicting override sets   children: Map(0) {},
263 silly Conflicting override sets   name: '@graphql-tools/url-loader',
263 silly Conflicting override sets   key: '@graphql-tools/url-loader',
263 silly Conflicting override sets   keySpec: '*',
263 silly Conflicting override sets   value: '8.0.16'
263 silly Conflicting override sets }
264 silly Conflicting override sets @graphql-tools/utils
265 silly Conflicting override sets <ref *1> OverrideSet {
265 silly Conflicting override sets   parent: OverrideSet {
265 silly Conflicting override sets     parent: undefined,
265 silly Conflicting override sets     children: Map(5) {
265 silly Conflicting override sets       '@graphql-tools/url-loader' => [OverrideSet],
265 silly Conflicting override sets       '@graphql-codegen/client-preset' => [Circular *1],
265 silly Conflicting override sets       '@graphql-codegen/typescript-operations' => [OverrideSet],
265 silly Conflicting override sets       'minimatch' => [OverrideSet],
265 silly Conflicting override sets       'vite' => [OverrideSet]
265 silly Conflicting override sets     }
265 silly Conflicting override sets   },
265 silly Conflicting override sets   children: Map(0) {},
265 silly Conflicting override sets   name: '@graphql-codegen/client-preset',
265 silly Conflicting override sets   key: '@graphql-codegen/client-preset',
265 silly Conflicting override sets   keySpec: '*',
265 silly Conflicting override sets   value: '4.7.0'
265 silly Conflicting override sets } <ref *1> OverrideSet {
265 silly Conflicting override sets   parent: OverrideSet {
265 silly Conflicting override sets     parent: undefined,
265 silly Conflicting override sets     children: Map(5) {
265 silly Conflicting override sets       '@graphql-tools/url-loader' => [Circular *1],
265 silly Conflicting override sets       '@graphql-codegen/client-preset' => [OverrideSet],
265 silly Conflicting override sets       '@graphql-codegen/typescript-operations' => [OverrideSet],
265 silly Conflicting override sets       'minimatch' => [OverrideSet],
265 silly Conflicting override sets       'vite' => [OverrideSet]
265 silly Conflicting override sets     }
265 silly Conflicting override sets   },
265 silly Conflicting override sets   children: Map(0) {},
265 silly Conflicting override sets   name: '@graphql-tools/url-loader',
265 silly Conflicting override sets   key: '@graphql-tools/url-loader',
265 silly Conflicting override sets   keySpec: '*',
265 silly Conflicting override sets   value: '8.0.16'
265 silly Conflicting override sets }
266 silly Conflicting override sets @graphql-tools/utils
267 silly Conflicting override sets <ref *1> OverrideSet {
267 silly Conflicting override sets   parent: OverrideSet {
267 silly Conflicting override sets     parent: undefined,
267 silly Conflicting override sets     children: Map(5) {
267 silly Conflicting override sets       '@graphql-tools/url-loader' => [OverrideSet],
267 silly Conflicting override sets       '@graphql-codegen/client-preset' => [Circular *1],
267 silly Conflicting override sets       '@graphql-codegen/typescript-operations' => [OverrideSet],
267 silly Conflicting override sets       'minimatch' => [OverrideSet],
267 silly Conflicting override sets       'vite' => [OverrideSet]
267 silly Conflicting override sets     }
267 silly Conflicting override sets   },
267 silly Conflicting override sets   children: Map(0) {},
267 silly Conflicting override sets   name: '@graphql-codegen/client-preset',
267 silly Conflicting override sets   key: '@graphql-codegen/client-preset',
267 silly Conflicting override sets   keySpec: '*',
267 silly Conflicting override sets   value: '4.7.0'
267 silly Conflicting override sets } <ref *1> OverrideSet {
267 silly Conflicting override sets   parent: OverrideSet {
267 silly Conflicting override sets     parent: undefined,
267 silly Conflicting override sets     children: Map(5) {
267 silly Conflicting override sets       '@graphql-tools/url-loader' => [Circular *1],
267 silly Conflicting override sets       '@graphql-codegen/client-preset' => [OverrideSet],
267 silly Conflicting override sets       '@graphql-codegen/typescript-operations' => [OverrideSet],
267 silly Conflicting override sets       'minimatch' => [OverrideSet],
267 silly Conflicting override sets       'vite' => [OverrideSet]
267 silly Conflicting override sets     }
267 silly Conflicting override sets   },
267 silly Conflicting override sets   children: Map(0) {},
267 silly Conflicting override sets   name: '@graphql-tools/url-loader',
267 silly Conflicting override sets   key: '@graphql-tools/url-loader',
267 silly Conflicting override sets   keySpec: '*',
267 silly Conflicting override sets   value: '8.0.16'
267 silly Conflicting override sets }
268 silly Conflicting override sets graphql
269 silly Conflicting override sets <ref *1> OverrideSet {
269 silly Conflicting override sets   parent: OverrideSet {
269 silly Conflicting override sets     parent: undefined,
269 silly Conflicting override sets     children: Map(5) {
269 silly Conflicting override sets       '@graphql-tools/url-loader' => [OverrideSet],
269 silly Conflicting override sets       '@graphql-codegen/client-preset' => [Circular *1],
269 silly Conflicting override sets       '@graphql-codegen/typescript-operations' => [OverrideSet],
269 silly Conflicting override sets       'minimatch' => [OverrideSet],
269 silly Conflicting override sets       'vite' => [OverrideSet]
269 silly Conflicting override sets     }
269 silly Conflicting override sets   },
269 silly Conflicting override sets   children: Map(0) {},
269 silly Conflicting override sets   name: '@graphql-codegen/client-preset',
269 silly Conflicting override sets   key: '@graphql-codegen/client-preset',
269 silly Conflicting override sets   keySpec: '*',
269 silly Conflicting override sets   value: '4.7.0'
269 silly Conflicting override sets } <ref *1> OverrideSet {
269 silly Conflicting override sets   parent: OverrideSet {
269 silly Conflicting override sets     parent: undefined,
269 silly Conflicting override sets     children: Map(5) {
269 silly Conflicting override sets       '@graphql-tools/url-loader' => [Circular *1],
269 silly Conflicting override sets       '@graphql-codegen/client-preset' => [OverrideSet],
269 silly Conflicting override sets       '@graphql-codegen/typescript-operations' => [OverrideSet],
269 silly Conflicting override sets       'minimatch' => [OverrideSet],
269 silly Conflicting override sets       'vite' => [OverrideSet]
269 silly Conflicting override sets     }
269 silly Conflicting override sets   },
269 silly Conflicting override sets   children: Map(0) {},
269 silly Conflicting override sets   name: '@graphql-tools/url-loader',
269 silly Conflicting override sets   key: '@graphql-tools/url-loader',
269 silly Conflicting override sets   keySpec: '*',
269 silly Conflicting override sets   value: '8.0.16'
269 silly Conflicting override sets }
270 silly Conflicting override sets tslib
271 silly Conflicting override sets <ref *1> OverrideSet {
271 silly Conflicting override sets   parent: OverrideSet {
271 silly Conflicting override sets     parent: undefined,
271 silly Conflicting override sets     children: Map(5) {
271 silly Conflicting override sets       '@graphql-tools/url-loader' => [OverrideSet],
271 silly Conflicting override sets       '@graphql-codegen/client-preset' => [Circular *1],
271 silly Conflicting override sets       '@graphql-codegen/typescript-operations' => [OverrideSet],
271 silly Conflicting override sets       'minimatch' => [OverrideSet],
271 silly Conflicting override sets       'vite' => [OverrideSet]
271 silly Conflicting override sets     }
271 silly Conflicting override sets   },
271 silly Conflicting override sets   children: Map(0) {},
271 silly Conflicting override sets   name: '@graphql-codegen/client-preset',
271 silly Conflicting override sets   key: '@graphql-codegen/client-preset',
271 silly Conflicting override sets   keySpec: '*',
271 silly Conflicting override sets   value: '4.7.0'
271 silly Conflicting override sets } <ref *1> OverrideSet {
271 silly Conflicting override sets   parent: OverrideSet {
271 silly Conflicting override sets     parent: undefined,
271 silly Conflicting override sets     children: Map(5) {
271 silly Conflicting override sets       '@graphql-tools/url-loader' => [Circular *1],
271 silly Conflicting override sets       '@graphql-codegen/client-preset' => [OverrideSet],
271 silly Conflicting override sets       '@graphql-codegen/typescript-operations' => [OverrideSet],
271 silly Conflicting override sets       'minimatch' => [OverrideSet],
271 silly Conflicting override sets       'vite' => [OverrideSet]
271 silly Conflicting override sets     }
271 silly Conflicting override sets   },
271 silly Conflicting override sets   children: Map(0) {},
271 silly Conflicting override sets   name: '@graphql-tools/url-loader',
271 silly Conflicting override sets   key: '@graphql-tools/url-loader',
271 silly Conflicting override sets   keySpec: '*',
271 silly Conflicting override sets   value: '8.0.16'
271 silly Conflicting override sets }
272 silly Conflicting override sets graphql
273 silly Conflicting override sets <ref *1> OverrideSet {
273 silly Conflicting override sets   parent: OverrideSet {
273 silly Conflicting override sets     parent: undefined,
273 silly Conflicting override sets     children: Map(5) {
273 silly Conflicting override sets       '@graphql-tools/url-loader' => [OverrideSet],
273 silly Conflicting override sets       '@graphql-codegen/client-preset' => [Circular *1],
273 silly Conflicting override sets       '@graphql-codegen/typescript-operations' => [OverrideSet],
273 silly Conflicting override sets       'minimatch' => [OverrideSet],
273 silly Conflicting override sets       'vite' => [OverrideSet]
273 silly Conflicting override sets     }
273 silly Conflicting override sets   },
273 silly Conflicting override sets   children: Map(0) {},
273 silly Conflicting override sets   name: '@graphql-codegen/client-preset',
273 silly Conflicting override sets   key: '@graphql-codegen/client-preset',
273 silly Conflicting override sets   keySpec: '*',
273 silly Conflicting override sets   value: '4.7.0'
273 silly Conflicting override sets } <ref *1> OverrideSet {
273 silly Conflicting override sets   parent: OverrideSet {
273 silly Conflicting override sets     parent: undefined,
273 silly Conflicting override sets     children: Map(5) {
273 silly Conflicting override sets       '@graphql-tools/url-loader' => [Circular *1],
273 silly Conflicting override sets       '@graphql-codegen/client-preset' => [OverrideSet],
273 silly Conflicting override sets       '@graphql-codegen/typescript-operations' => [OverrideSet],
273 silly Conflicting override sets       'minimatch' => [OverrideSet],
273 silly Conflicting override sets       'vite' => [OverrideSet]
273 silly Conflicting override sets     }
273 silly Conflicting override sets   },
273 silly Conflicting override sets   children: Map(0) {},
273 silly Conflicting override sets   name: '@graphql-tools/url-loader',
273 silly Conflicting override sets   key: '@graphql-tools/url-loader',
273 silly Conflicting override sets   keySpec: '*',
273 silly Conflicting override sets   value: '8.0.16'
273 silly Conflicting override sets }
274 silly Conflicting override sets @graphql-tools/utils
275 silly Conflicting override sets <ref *1> OverrideSet {
275 silly Conflicting override sets   parent: OverrideSet {
275 silly Conflicting override sets     parent: undefined,
275 silly Conflicting override sets     children: Map(5) {
275 silly Conflicting override sets       '@graphql-tools/url-loader' => [OverrideSet],
275 silly Conflicting override sets       '@graphql-codegen/client-preset' => [Circular *1],
275 silly Conflicting override sets       '@graphql-codegen/typescript-operations' => [OverrideSet],
275 silly Conflicting override sets       'minimatch' => [OverrideSet],
275 silly Conflicting override sets       'vite' => [OverrideSet]
275 silly Conflicting override sets     }
275 silly Conflicting override sets   },
275 silly Conflicting override sets   children: Map(0) {},
275 silly Conflicting override sets   name: '@graphql-codegen/client-preset',
275 silly Conflicting override sets   key: '@graphql-codegen/client-preset',
275 silly Conflicting override sets   keySpec: '*',
275 silly Conflicting override sets   value: '4.7.0'
275 silly Conflicting override sets } <ref *1> OverrideSet {
275 silly Conflicting override sets   parent: OverrideSet {
275 silly Conflicting override sets     parent: undefined,
275 silly Conflicting override sets     children: Map(5) {
275 silly Conflicting override sets       '@graphql-tools/url-loader' => [Circular *1],
275 silly Conflicting override sets       '@graphql-codegen/client-preset' => [OverrideSet],
275 silly Conflicting override sets       '@graphql-codegen/typescript-operations' => [OverrideSet],
275 silly Conflicting override sets       'minimatch' => [OverrideSet],
275 silly Conflicting override sets       'vite' => [OverrideSet]
275 silly Conflicting override sets     }
275 silly Conflicting override sets   },
275 silly Conflicting override sets   children: Map(0) {},
275 silly Conflicting override sets   name: '@graphql-tools/url-loader',
275 silly Conflicting override sets   key: '@graphql-tools/url-loader',
275 silly Conflicting override sets   keySpec: '*',
275 silly Conflicting override sets   value: '8.0.16'
275 silly Conflicting override sets }
276 silly Conflicting override sets tslib
277 silly Conflicting override sets <ref *1> OverrideSet {
277 silly Conflicting override sets   parent: OverrideSet {
277 silly Conflicting override sets     parent: undefined,
277 silly Conflicting override sets     children: Map(5) {
277 silly Conflicting override sets       '@graphql-tools/url-loader' => [OverrideSet],
277 silly Conflicting override sets       '@graphql-codegen/client-preset' => [Circular *1],
277 silly Conflicting override sets       '@graphql-codegen/typescript-operations' => [OverrideSet],
277 silly Conflicting override sets       'minimatch' => [OverrideSet],
277 silly Conflicting override sets       'vite' => [OverrideSet]
277 silly Conflicting override sets     }
277 silly Conflicting override sets   },
277 silly Conflicting override sets   children: Map(0) {},
277 silly Conflicting override sets   name: '@graphql-codegen/client-preset',
277 silly Conflicting override sets   key: '@graphql-codegen/client-preset',
277 silly Conflicting override sets   keySpec: '*',
277 silly Conflicting override sets   value: '4.7.0'
277 silly Conflicting override sets } <ref *1> OverrideSet {
277 silly Conflicting override sets   parent: OverrideSet {
277 silly Conflicting override sets     parent: undefined,
277 silly Conflicting override sets     children: Map(5) {
277 silly Conflicting override sets       '@graphql-tools/url-loader' => [Circular *1],
277 silly Conflicting override sets       '@graphql-codegen/client-preset' => [OverrideSet],
277 silly Conflicting override sets       '@graphql-codegen/typescript-operations' => [OverrideSet],
277 silly Conflicting override sets       'minimatch' => [OverrideSet],
277 silly Conflicting override sets       'vite' => [OverrideSet]
277 silly Conflicting override sets     }
277 silly Conflicting override sets   },
277 silly Conflicting override sets   children: Map(0) {},
277 silly Conflicting override sets   name: '@graphql-tools/url-loader',
277 silly Conflicting override sets   key: '@graphql-tools/url-loader',
277 silly Conflicting override sets   keySpec: '*',
277 silly Conflicting override sets   value: '8.0.16'
277 silly Conflicting override sets }
278 silly Conflicting override sets graphql
279 silly Conflicting override sets <ref *1> OverrideSet {
279 silly Conflicting override sets   parent: OverrideSet {
279 silly Conflicting override sets     parent: undefined,
279 silly Conflicting override sets     children: Map(5) {
279 silly Conflicting override sets       '@graphql-tools/url-loader' => [OverrideSet],
279 silly Conflicting override sets       '@graphql-codegen/client-preset' => [Circular *1],
279 silly Conflicting override sets       '@graphql-codegen/typescript-operations' => [OverrideSet],
279 silly Conflicting override sets       'minimatch' => [OverrideSet],
279 silly Conflicting override sets       'vite' => [OverrideSet]
279 silly Conflicting override sets     }
279 silly Conflicting override sets   },
279 silly Conflicting override sets   children: Map(0) {},
279 silly Conflicting override sets   name: '@graphql-codegen/client-preset',
279 silly Conflicting override sets   key: '@graphql-codegen/client-preset',
279 silly Conflicting override sets   keySpec: '*',
279 silly Conflicting override sets   value: '4.7.0'
279 silly Conflicting override sets } <ref *1> OverrideSet {
279 silly Conflicting override sets   parent: OverrideSet {
279 silly Conflicting override sets     parent: undefined,
279 silly Conflicting override sets     children: Map(5) {
279 silly Conflicting override sets       '@graphql-tools/url-loader' => [Circular *1],
279 silly Conflicting override sets       '@graphql-codegen/client-preset' => [OverrideSet],
279 silly Conflicting override sets       '@graphql-codegen/typescript-operations' => [OverrideSet],
279 silly Conflicting override sets       'minimatch' => [OverrideSet],
279 silly Conflicting override sets       'vite' => [OverrideSet]
279 silly Conflicting override sets     }
279 silly Conflicting override sets   },
279 silly Conflicting override sets   children: Map(0) {},
279 silly Conflicting override sets   name: '@graphql-tools/url-loader',
279 silly Conflicting override sets   key: '@graphql-tools/url-loader',
279 silly Conflicting override sets   keySpec: '*',
279 silly Conflicting override sets   value: '8.0.16'
279 silly Conflicting override sets }
280 silly Conflicting override sets @graphql-tools/utils
281 silly Conflicting override sets <ref *1> OverrideSet {
281 silly Conflicting override sets   parent: OverrideSet {
281 silly Conflicting override sets     parent: undefined,
281 silly Conflicting override sets     children: Map(5) {
281 silly Conflicting override sets       '@graphql-tools/url-loader' => [OverrideSet],
281 silly Conflicting override sets       '@graphql-codegen/client-preset' => [Circular *1],
281 silly Conflicting override sets       '@graphql-codegen/typescript-operations' => [OverrideSet],
281 silly Conflicting override sets       'minimatch' => [OverrideSet],
281 silly Conflicting override sets       'vite' => [OverrideSet]
281 silly Conflicting override sets     }
281 silly Conflicting override sets   },
281 silly Conflicting override sets   children: Map(0) {},
281 silly Conflicting override sets   name: '@graphql-codegen/client-preset',
281 silly Conflicting override sets   key: '@graphql-codegen/client-preset',
281 silly Conflicting override sets   keySpec: '*',
281 silly Conflicting override sets   value: '4.7.0'
281 silly Conflicting override sets } <ref *1> OverrideSet {
281 silly Conflicting override sets   parent: OverrideSet {
281 silly Conflicting override sets     parent: undefined,
281 silly Conflicting override sets     children: Map(5) {
281 silly Conflicting override sets       '@graphql-tools/url-loader' => [Circular *1],
281 silly Conflicting override sets       '@graphql-codegen/client-preset' => [OverrideSet],
281 silly Conflicting override sets       '@graphql-codegen/typescript-operations' => [OverrideSet],
281 silly Conflicting override sets       'minimatch' => [OverrideSet],
281 silly Conflicting override sets       'vite' => [OverrideSet]
281 silly Conflicting override sets     }
281 silly Conflicting override sets   },
281 silly Conflicting override sets   children: Map(0) {},
281 silly Conflicting override sets   name: '@graphql-tools/url-loader',
281 silly Conflicting override sets   key: '@graphql-tools/url-loader',
281 silly Conflicting override sets   keySpec: '*',
281 silly Conflicting override sets   value: '8.0.16'
281 silly Conflicting override sets }
282 silly Conflicting override sets tslib
283 silly Conflicting override sets <ref *1> OverrideSet {
283 silly Conflicting override sets   parent: OverrideSet {
283 silly Conflicting override sets     parent: undefined,
283 silly Conflicting override sets     children: Map(5) {
283 silly Conflicting override sets       '@graphql-tools/url-loader' => [OverrideSet],
283 silly Conflicting override sets       '@graphql-codegen/client-preset' => [Circular *1],
283 silly Conflicting override sets       '@graphql-codegen/typescript-operations' => [OverrideSet],
283 silly Conflicting override sets       'minimatch' => [OverrideSet],
283 silly Conflicting override sets       'vite' => [OverrideSet]
283 silly Conflicting override sets     }
283 silly Conflicting override sets   },
283 silly Conflicting override sets   children: Map(0) {},
283 silly Conflicting override sets   name: '@graphql-codegen/client-preset',
283 silly Conflicting override sets   key: '@graphql-codegen/client-preset',
283 silly Conflicting override sets   keySpec: '*',
283 silly Conflicting override sets   value: '4.7.0'
283 silly Conflicting override sets } <ref *1> OverrideSet {
283 silly Conflicting override sets   parent: OverrideSet {
283 silly Conflicting override sets     parent: undefined,
283 silly Conflicting override sets     children: Map(5) {
283 silly Conflicting override sets       '@graphql-tools/url-loader' => [Circular *1],
283 silly Conflicting override sets       '@graphql-codegen/client-preset' => [OverrideSet],
283 silly Conflicting override sets       '@graphql-codegen/typescript-operations' => [OverrideSet],
283 silly Conflicting override sets       'minimatch' => [OverrideSet],
283 silly Conflicting override sets       'vite' => [OverrideSet]
283 silly Conflicting override sets     }
283 silly Conflicting override sets   },
283 silly Conflicting override sets   children: Map(0) {},
283 silly Conflicting override sets   name: '@graphql-tools/url-loader',
283 silly Conflicting override sets   key: '@graphql-tools/url-loader',
283 silly Conflicting override sets   keySpec: '*',
283 silly Conflicting override sets   value: '8.0.16'
283 silly Conflicting override sets }
284 silly Conflicting override sets @graphql-tools/utils
285 silly Conflicting override sets <ref *1> OverrideSet {
285 silly Conflicting override sets   parent: OverrideSet {
285 silly Conflicting override sets     parent: undefined,
285 silly Conflicting override sets     children: Map(5) {
285 silly Conflicting override sets       '@graphql-tools/url-loader' => [OverrideSet],
285 silly Conflicting override sets       '@graphql-codegen/client-preset' => [Circular *1],
285 silly Conflicting override sets       '@graphql-codegen/typescript-operations' => [OverrideSet],
285 silly Conflicting override sets       'minimatch' => [OverrideSet],
285 silly Conflicting override sets       'vite' => [OverrideSet]
285 silly Conflicting override sets     }
285 silly Conflicting override sets   },
285 silly Conflicting override sets   children: Map(0) {},
285 silly Conflicting override sets   name: '@graphql-codegen/client-preset',
285 silly Conflicting override sets   key: '@graphql-codegen/client-preset',
285 silly Conflicting override sets   keySpec: '*',
285 silly Conflicting override sets   value: '4.7.0'
285 silly Conflicting override sets } <ref *1> OverrideSet {
285 silly Conflicting override sets   parent: OverrideSet {
285 silly Conflicting override sets     parent: undefined,
285 silly Conflicting override sets     children: Map(5) {
285 silly Conflicting override sets       '@graphql-tools/url-loader' => [Circular *1],
285 silly Conflicting override sets       '@graphql-codegen/client-preset' => [OverrideSet],
285 silly Conflicting override sets       '@graphql-codegen/typescript-operations' => [OverrideSet],
285 silly Conflicting override sets       'minimatch' => [OverrideSet],
285 silly Conflicting override sets       'vite' => [OverrideSet]
285 silly Conflicting override sets     }
285 silly Conflicting override sets   },
285 silly Conflicting override sets   children: Map(0) {},
285 silly Conflicting override sets   name: '@graphql-tools/url-loader',
285 silly Conflicting override sets   key: '@graphql-tools/url-loader',
285 silly Conflicting override sets   keySpec: '*',
285 silly Conflicting override sets   value: '8.0.16'
285 silly Conflicting override sets }
286 silly Conflicting override sets graphql
287 silly Conflicting override sets <ref *1> OverrideSet {
287 silly Conflicting override sets   parent: OverrideSet {
287 silly Conflicting override sets     parent: undefined,
287 silly Conflicting override sets     children: Map(5) {
287 silly Conflicting override sets       '@graphql-tools/url-loader' => [OverrideSet],
287 silly Conflicting override sets       '@graphql-codegen/client-preset' => [Circular *1],
287 silly Conflicting override sets       '@graphql-codegen/typescript-operations' => [OverrideSet],
287 silly Conflicting override sets       'minimatch' => [OverrideSet],
287 silly Conflicting override sets       'vite' => [OverrideSet]
287 silly Conflicting override sets     }
287 silly Conflicting override sets   },
287 silly Conflicting override sets   children: Map(0) {},
287 silly Conflicting override sets   name: '@graphql-codegen/client-preset',
287 silly Conflicting override sets   key: '@graphql-codegen/client-preset',
287 silly Conflicting override sets   keySpec: '*',
287 silly Conflicting override sets   value: '4.7.0'
287 silly Conflicting override sets } <ref *1> OverrideSet {
287 silly Conflicting override sets   parent: OverrideSet {
287 silly Conflicting override sets     parent: undefined,
287 silly Conflicting override sets     children: Map(5) {
287 silly Conflicting override sets       '@graphql-tools/url-loader' => [Circular *1],
287 silly Conflicting override sets       '@graphql-codegen/client-preset' => [OverrideSet],
287 silly Conflicting override sets       '@graphql-codegen/typescript-operations' => [OverrideSet],
287 silly Conflicting override sets       'minimatch' => [OverrideSet],
287 silly Conflicting override sets       'vite' => [OverrideSet]
287 silly Conflicting override sets     }
287 silly Conflicting override sets   },
287 silly Conflicting override sets   children: Map(0) {},
287 silly Conflicting override sets   name: '@graphql-tools/url-loader',
287 silly Conflicting override sets   key: '@graphql-tools/url-loader',
287 silly Conflicting override sets   keySpec: '*',
287 silly Conflicting override sets   value: '8.0.16'
287 silly Conflicting override sets }
288 silly Conflicting override sets graphql
289 silly Conflicting override sets <ref *1> OverrideSet {
289 silly Conflicting override sets   parent: OverrideSet {
289 silly Conflicting override sets     parent: undefined,
289 silly Conflicting override sets     children: Map(5) {
289 silly Conflicting override sets       '@graphql-tools/url-loader' => [OverrideSet],
289 silly Conflicting override sets       '@graphql-codegen/client-preset' => [Circular *1],
289 silly Conflicting override sets       '@graphql-codegen/typescript-operations' => [OverrideSet],
289 silly Conflicting override sets       'minimatch' => [OverrideSet],
289 silly Conflicting override sets       'vite' => [OverrideSet]
289 silly Conflicting override sets     }
289 silly Conflicting override sets   },
289 silly Conflicting override sets   children: Map(0) {},
289 silly Conflicting override sets   name: '@graphql-codegen/client-preset',
289 silly Conflicting override sets   key: '@graphql-codegen/client-preset',
289 silly Conflicting override sets   keySpec: '*',
289 silly Conflicting override sets   value: '4.7.0'
289 silly Conflicting override sets } <ref *1> OverrideSet {
289 silly Conflicting override sets   parent: OverrideSet {
289 silly Conflicting override sets     parent: undefined,
289 silly Conflicting override sets     children: Map(5) {
289 silly Conflicting override sets       '@graphql-tools/url-loader' => [Circular *1],
289 silly Conflicting override sets       '@graphql-codegen/client-preset' => [OverrideSet],
289 silly Conflicting override sets       '@graphql-codegen/typescript-operations' => [OverrideSet],
289 silly Conflicting override sets       'minimatch' => [OverrideSet],
289 silly Conflicting override sets       'vite' => [OverrideSet]
289 silly Conflicting override sets     }
289 silly Conflicting override sets   },
289 silly Conflicting override sets   children: Map(0) {},
289 silly Conflicting override sets   name: '@graphql-tools/url-loader',
289 silly Conflicting override sets   key: '@graphql-tools/url-loader',
289 silly Conflicting override sets   keySpec: '*',
289 silly Conflicting override sets   value: '8.0.16'
289 silly Conflicting override sets }
290 silly Conflicting override sets graphql
291 silly Conflicting override sets <ref *1> OverrideSet {
291 silly Conflicting override sets   parent: OverrideSet {
291 silly Conflicting override sets     parent: undefined,
291 silly Conflicting override sets     children: Map(5) {
291 silly Conflicting override sets       '@graphql-tools/url-loader' => [OverrideSet],
291 silly Conflicting override sets       '@graphql-codegen/client-preset' => [Circular *1],
291 silly Conflicting override sets       '@graphql-codegen/typescript-operations' => [OverrideSet],
291 silly Conflicting override sets       'minimatch' => [OverrideSet],
291 silly Conflicting override sets       'vite' => [OverrideSet]
291 silly Conflicting override sets     }
291 silly Conflicting override sets   },
291 silly Conflicting override sets   children: Map(0) {},
291 silly Conflicting override sets   name: '@graphql-codegen/client-preset',
291 silly Conflicting override sets   key: '@graphql-codegen/client-preset',
291 silly Conflicting override sets   keySpec: '*',
291 silly Conflicting override sets   value: '4.7.0'
291 silly Conflicting override sets } <ref *1> OverrideSet {
291 silly Conflicting override sets   parent: OverrideSet {
291 silly Conflicting override sets     parent: undefined,
291 silly Conflicting override sets     children: Map(5) {
291 silly Conflicting override sets       '@graphql-tools/url-loader' => [Circular *1],
291 silly Conflicting override sets       '@graphql-codegen/client-preset' => [OverrideSet],
291 silly Conflicting override sets       '@graphql-codegen/typescript-operations' => [OverrideSet],
291 silly Conflicting override sets       'minimatch' => [OverrideSet],
291 silly Conflicting override sets       'vite' => [OverrideSet]
291 silly Conflicting override sets     }
291 silly Conflicting override sets   },
291 silly Conflicting override sets   children: Map(0) {},
291 silly Conflicting override sets   name: '@graphql-tools/url-loader',
291 silly Conflicting override sets   key: '@graphql-tools/url-loader',
291 silly Conflicting override sets   keySpec: '*',
291 silly Conflicting override sets   value: '8.0.16'
291 silly Conflicting override sets }
292 silly Conflicting override sets @graphql-tools/utils
293 silly Conflicting override sets <ref *1> OverrideSet {
293 silly Conflicting override sets   parent: OverrideSet {
293 silly Conflicting override sets     parent: undefined,
293 silly Conflicting override sets     children: Map(5) {
293 silly Conflicting override sets       '@graphql-tools/url-loader' => [OverrideSet],
293 silly Conflicting override sets       '@graphql-codegen/client-preset' => [Circular *1],
293 silly Conflicting override sets       '@graphql-codegen/typescript-operations' => [OverrideSet],
293 silly Conflicting override sets       'minimatch' => [OverrideSet],
293 silly Conflicting override sets       'vite' => [OverrideSet]
293 silly Conflicting override sets     }
293 silly Conflicting override sets   },
293 silly Conflicting override sets   children: Map(0) {},
293 silly Conflicting override sets   name: '@graphql-codegen/client-preset',
293 silly Conflicting override sets   key: '@graphql-codegen/client-preset',
293 silly Conflicting override sets   keySpec: '*',
293 silly Conflicting override sets   value: '4.7.0'
293 silly Conflicting override sets } <ref *1> OverrideSet {
293 silly Conflicting override sets   parent: OverrideSet {
293 silly Conflicting override sets     parent: undefined,
293 silly Conflicting override sets     children: Map(5) {
293 silly Conflicting override sets       '@graphql-tools/url-loader' => [Circular *1],
293 silly Conflicting override sets       '@graphql-codegen/client-preset' => [OverrideSet],
293 silly Conflicting override sets       '@graphql-codegen/typescript-operations' => [OverrideSet],
293 silly Conflicting override sets       'minimatch' => [OverrideSet],
293 silly Conflicting override sets       'vite' => [OverrideSet]
293 silly Conflicting override sets     }
293 silly Conflicting override sets   },
293 silly Conflicting override sets   children: Map(0) {},
293 silly Conflicting override sets   name: '@graphql-tools/url-loader',
293 silly Conflicting override sets   key: '@graphql-tools/url-loader',
293 silly Conflicting override sets   keySpec: '*',
293 silly Conflicting override sets   value: '8.0.16'
293 silly Conflicting override sets }
294 silly Conflicting override sets tslib
295 silly Conflicting override sets <ref *1> OverrideSet {
295 silly Conflicting override sets   parent: OverrideSet {
295 silly Conflicting override sets     parent: undefined,
295 silly Conflicting override sets     children: Map(5) {
295 silly Conflicting override sets       '@graphql-tools/url-loader' => [OverrideSet],
295 silly Conflicting override sets       '@graphql-codegen/client-preset' => [Circular *1],
295 silly Conflicting override sets       '@graphql-codegen/typescript-operations' => [OverrideSet],
295 silly Conflicting override sets       'minimatch' => [OverrideSet],
295 silly Conflicting override sets       'vite' => [OverrideSet]
295 silly Conflicting override sets     }
295 silly Conflicting override sets   },
295 silly Conflicting override sets   children: Map(0) {},
295 silly Conflicting override sets   name: '@graphql-codegen/client-preset',
295 silly Conflicting override sets   key: '@graphql-codegen/client-preset',
295 silly Conflicting override sets   keySpec: '*',
295 silly Conflicting override sets   value: '4.7.0'
295 silly Conflicting override sets } <ref *1> OverrideSet {
295 silly Conflicting override sets   parent: OverrideSet {
295 silly Conflicting override sets     parent: undefined,
295 silly Conflicting override sets     children: Map(5) {
295 silly Conflicting override sets       '@graphql-tools/url-loader' => [Circular *1],
295 silly Conflicting override sets       '@graphql-codegen/client-preset' => [OverrideSet],
295 silly Conflicting override sets       '@graphql-codegen/typescript-operations' => [OverrideSet],
295 silly Conflicting override sets       'minimatch' => [OverrideSet],
295 silly Conflicting override sets       'vite' => [OverrideSet]
295 silly Conflicting override sets     }
295 silly Conflicting override sets   },
295 silly Conflicting override sets   children: Map(0) {},
295 silly Conflicting override sets   name: '@graphql-tools/url-loader',
295 silly Conflicting override sets   key: '@graphql-tools/url-loader',
295 silly Conflicting override sets   keySpec: '*',
295 silly Conflicting override sets   value: '8.0.16'
295 silly Conflicting override sets }
296 silly Conflicting override sets graphql
297 silly Conflicting override sets <ref *1> OverrideSet {
297 silly Conflicting override sets   parent: OverrideSet {
297 silly Conflicting override sets     parent: undefined,
297 silly Conflicting override sets     children: Map(5) {
297 silly Conflicting override sets       '@graphql-tools/url-loader' => [OverrideSet],
297 silly Conflicting override sets       '@graphql-codegen/client-preset' => [Circular *1],
297 silly Conflicting override sets       '@graphql-codegen/typescript-operations' => [OverrideSet],
297 silly Conflicting override sets       'minimatch' => [OverrideSet],
297 silly Conflicting override sets       'vite' => [OverrideSet]
297 silly Conflicting override sets     }
297 silly Conflicting override sets   },
297 silly Conflicting override sets   children: Map(0) {},
297 silly Conflicting override sets   name: '@graphql-codegen/client-preset',
297 silly Conflicting override sets   key: '@graphql-codegen/client-preset',
297 silly Conflicting override sets   keySpec: '*',
297 silly Conflicting override sets   value: '4.7.0'
297 silly Conflicting override sets } <ref *1> OverrideSet {
297 silly Conflicting override sets   parent: OverrideSet {
297 silly Conflicting override sets     parent: undefined,
297 silly Conflicting override sets     children: Map(5) {
297 silly Conflicting override sets       '@graphql-tools/url-loader' => [Circular *1],
297 silly Conflicting override sets       '@graphql-codegen/client-preset' => [OverrideSet],
297 silly Conflicting override sets       '@graphql-codegen/typescript-operations' => [OverrideSet],
297 silly Conflicting override sets       'minimatch' => [OverrideSet],
297 silly Conflicting override sets       'vite' => [OverrideSet]
297 silly Conflicting override sets     }
297 silly Conflicting override sets   },
297 silly Conflicting override sets   children: Map(0) {},
297 silly Conflicting override sets   name: '@graphql-tools/url-loader',
297 silly Conflicting override sets   key: '@graphql-tools/url-loader',
297 silly Conflicting override sets   keySpec: '*',
297 silly Conflicting override sets   value: '8.0.16'
297 silly Conflicting override sets }
298 silly Conflicting override sets @graphql-tools/utils
299 silly Conflicting override sets <ref *1> OverrideSet {
299 silly Conflicting override sets   parent: OverrideSet {
299 silly Conflicting override sets     parent: undefined,
299 silly Conflicting override sets     children: Map(5) {
299 silly Conflicting override sets       '@graphql-tools/url-loader' => [OverrideSet],
299 silly Conflicting override sets       '@graphql-codegen/client-preset' => [Circular *1],
299 silly Conflicting override sets       '@graphql-codegen/typescript-operations' => [OverrideSet],
299 silly Conflicting override sets       'minimatch' => [OverrideSet],
299 silly Conflicting override sets       'vite' => [OverrideSet]
299 silly Conflicting override sets     }
299 silly Conflicting override sets   },
299 silly Conflicting override sets   children: Map(0) {},
299 silly Conflicting override sets   name: '@graphql-codegen/client-preset',
299 silly Conflicting override sets   key: '@graphql-codegen/client-preset',
299 silly Conflicting override sets   keySpec: '*',
299 silly Conflicting override sets   value: '4.7.0'
299 silly Conflicting override sets } <ref *1> OverrideSet {
299 silly Conflicting override sets   parent: OverrideSet {
299 silly Conflicting override sets     parent: undefined,
299 silly Conflicting override sets     children: Map(5) {
299 silly Conflicting override sets       '@graphql-tools/url-loader' => [Circular *1],
299 silly Conflicting override sets       '@graphql-codegen/client-preset' => [OverrideSet],
299 silly Conflicting override sets       '@graphql-codegen/typescript-operations' => [OverrideSet],
299 silly Conflicting override sets       'minimatch' => [OverrideSet],
299 silly Conflicting override sets       'vite' => [OverrideSet]
299 silly Conflicting override sets     }
299 silly Conflicting override sets   },
299 silly Conflicting override sets   children: Map(0) {},
299 silly Conflicting override sets   name: '@graphql-tools/url-loader',
299 silly Conflicting override sets   key: '@graphql-tools/url-loader',
299 silly Conflicting override sets   keySpec: '*',
299 silly Conflicting override sets   value: '8.0.16'
299 silly Conflicting override sets }
300 silly Conflicting override sets @graphql-typed-document-node/core
301 silly Conflicting override sets <ref *1> OverrideSet {
301 silly Conflicting override sets   parent: OverrideSet {
301 silly Conflicting override sets     parent: undefined,
301 silly Conflicting override sets     children: Map(5) {
301 silly Conflicting override sets       '@graphql-tools/url-loader' => [OverrideSet],
301 silly Conflicting override sets       '@graphql-codegen/client-preset' => [Circular *1],
301 silly Conflicting override sets       '@graphql-codegen/typescript-operations' => [OverrideSet],
301 silly Conflicting override sets       'minimatch' => [OverrideSet],
301 silly Conflicting override sets       'vite' => [OverrideSet]
301 silly Conflicting override sets     }
301 silly Conflicting override sets   },
301 silly Conflicting override sets   children: Map(0) {},
301 silly Conflicting override sets   name: '@graphql-codegen/client-preset',
301 silly Conflicting override sets   key: '@graphql-codegen/client-preset',
301 silly Conflicting override sets   keySpec: '*',
301 silly Conflicting override sets   value: '4.7.0'
301 silly Conflicting override sets } <ref *1> OverrideSet {
301 silly Conflicting override sets   parent: OverrideSet {
301 silly Conflicting override sets     parent: undefined,
301 silly Conflicting override sets     children: Map(5) {
301 silly Conflicting override sets       '@graphql-tools/url-loader' => [Circular *1],
301 silly Conflicting override sets       '@graphql-codegen/client-preset' => [OverrideSet],
301 silly Conflicting override sets       '@graphql-codegen/typescript-operations' => [OverrideSet],
301 silly Conflicting override sets       'minimatch' => [OverrideSet],
301 silly Conflicting override sets       'vite' => [OverrideSet]
301 silly Conflicting override sets     }
301 silly Conflicting override sets   },
301 silly Conflicting override sets   children: Map(0) {},
301 silly Conflicting override sets   name: '@graphql-tools/url-loader',
301 silly Conflicting override sets   key: '@graphql-tools/url-loader',
301 silly Conflicting override sets   keySpec: '*',
301 silly Conflicting override sets   value: '8.0.16'
301 silly Conflicting override sets }
302 silly Conflicting override sets tslib
303 silly Conflicting override sets <ref *1> OverrideSet {
303 silly Conflicting override sets   parent: OverrideSet {
303 silly Conflicting override sets     parent: undefined,
303 silly Conflicting override sets     children: Map(5) {
303 silly Conflicting override sets       '@graphql-tools/url-loader' => [OverrideSet],
303 silly Conflicting override sets       '@graphql-codegen/client-preset' => [Circular *1],
303 silly Conflicting override sets       '@graphql-codegen/typescript-operations' => [OverrideSet],
303 silly Conflicting override sets       'minimatch' => [OverrideSet],
303 silly Conflicting override sets       'vite' => [OverrideSet]
303 silly Conflicting override sets     }
303 silly Conflicting override sets   },
303 silly Conflicting override sets   children: Map(0) {},
303 silly Conflicting override sets   name: '@graphql-codegen/client-preset',
303 silly Conflicting override sets   key: '@graphql-codegen/client-preset',
303 silly Conflicting override sets   keySpec: '*',
303 silly Conflicting override sets   value: '4.7.0'
303 silly Conflicting override sets } <ref *1> OverrideSet {
303 silly Conflicting override sets   parent: OverrideSet {
303 silly Conflicting override sets     parent: undefined,
303 silly Conflicting override sets     children: Map(5) {
303 silly Conflicting override sets       '@graphql-tools/url-loader' => [Circular *1],
303 silly Conflicting override sets       '@graphql-codegen/client-preset' => [OverrideSet],
303 silly Conflicting override sets       '@graphql-codegen/typescript-operations' => [OverrideSet],
303 silly Conflicting override sets       'minimatch' => [OverrideSet],
303 silly Conflicting override sets       'vite' => [OverrideSet]
303 silly Conflicting override sets     }
303 silly Conflicting override sets   },
303 silly Conflicting override sets   children: Map(0) {},
303 silly Conflicting override sets   name: '@graphql-tools/url-loader',
303 silly Conflicting override sets   key: '@graphql-tools/url-loader',
303 silly Conflicting override sets   keySpec: '*',
303 silly Conflicting override sets   value: '8.0.16'
303 silly Conflicting override sets }
304 silly Conflicting override sets graphql
305 silly Conflicting override sets <ref *1> OverrideSet {
305 silly Conflicting override sets   parent: OverrideSet {
305 silly Conflicting override sets     parent: undefined,
305 silly Conflicting override sets     children: Map(5) {
305 silly Conflicting override sets       '@graphql-tools/url-loader' => [OverrideSet],
305 silly Conflicting override sets       '@graphql-codegen/client-preset' => [Circular *1],
305 silly Conflicting override sets       '@graphql-codegen/typescript-operations' => [OverrideSet],
305 silly Conflicting override sets       'minimatch' => [OverrideSet],
305 silly Conflicting override sets       'vite' => [OverrideSet]
305 silly Conflicting override sets     }
305 silly Conflicting override sets   },
305 silly Conflicting override sets   children: Map(0) {},
305 silly Conflicting override sets   name: '@graphql-codegen/client-preset',
305 silly Conflicting override sets   key: '@graphql-codegen/client-preset',
305 silly Conflicting override sets   keySpec: '*',
305 silly Conflicting override sets   value: '4.7.0'
305 silly Conflicting override sets } <ref *1> OverrideSet {
305 silly Conflicting override sets   parent: OverrideSet {
305 silly Conflicting override sets     parent: undefined,
305 silly Conflicting override sets     children: Map(5) {
305 silly Conflicting override sets       '@graphql-tools/url-loader' => [Circular *1],
305 silly Conflicting override sets       '@graphql-codegen/client-preset' => [OverrideSet],
305 silly Conflicting override sets       '@graphql-codegen/typescript-operations' => [OverrideSet],
305 silly Conflicting override sets       'minimatch' => [OverrideSet],
305 silly Conflicting override sets       'vite' => [OverrideSet]
305 silly Conflicting override sets     }
305 silly Conflicting override sets   },
305 silly Conflicting override sets   children: Map(0) {},
305 silly Conflicting override sets   name: '@graphql-tools/url-loader',
305 silly Conflicting override sets   key: '@graphql-tools/url-loader',
305 silly Conflicting override sets   keySpec: '*',
305 silly Conflicting override sets   value: '8.0.16'
305 silly Conflicting override sets }
306 silly Conflicting override sets graphql
307 silly Conflicting override sets <ref *1> OverrideSet {
307 silly Conflicting override sets   parent: OverrideSet {
307 silly Conflicting override sets     parent: undefined,
307 silly Conflicting override sets     children: Map(5) {
307 silly Conflicting override sets       '@graphql-tools/url-loader' => [OverrideSet],
307 silly Conflicting override sets       '@graphql-codegen/client-preset' => [Circular *1],
307 silly Conflicting override sets       '@graphql-codegen/typescript-operations' => [OverrideSet],
307 silly Conflicting override sets       'minimatch' => [OverrideSet],
307 silly Conflicting override sets       'vite' => [OverrideSet]
307 silly Conflicting override sets     }
307 silly Conflicting override sets   },
307 silly Conflicting override sets   children: Map(0) {},
307 silly Conflicting override sets   name: '@graphql-codegen/client-preset',
307 silly Conflicting override sets   key: '@graphql-codegen/client-preset',
307 silly Conflicting override sets   keySpec: '*',
307 silly Conflicting override sets   value: '4.7.0'
307 silly Conflicting override sets } <ref *1> OverrideSet {
307 silly Conflicting override sets   parent: OverrideSet {
307 silly Conflicting override sets     parent: undefined,
307 silly Conflicting override sets     children: Map(5) {
307 silly Conflicting override sets       '@graphql-tools/url-loader' => [Circular *1],
307 silly Conflicting override sets       '@graphql-codegen/client-preset' => [OverrideSet],
307 silly Conflicting override sets       '@graphql-codegen/typescript-operations' => [OverrideSet],
307 silly Conflicting override sets       'minimatch' => [OverrideSet],
307 silly Conflicting override sets       'vite' => [OverrideSet]
307 silly Conflicting override sets     }
307 silly Conflicting override sets   },
307 silly Conflicting override sets   children: Map(0) {},
307 silly Conflicting override sets   name: '@graphql-tools/url-loader',
307 silly Conflicting override sets   key: '@graphql-tools/url-loader',
307 silly Conflicting override sets   keySpec: '*',
307 silly Conflicting override sets   value: '8.0.16'
307 silly Conflicting override sets }
308 silly Conflicting override sets @graphql-tools/utils
309 silly Conflicting override sets <ref *1> OverrideSet {
309 silly Conflicting override sets   parent: OverrideSet {
309 silly Conflicting override sets     parent: undefined,
309 silly Conflicting override sets     children: Map(5) {
309 silly Conflicting override sets       '@graphql-tools/url-loader' => [OverrideSet],
309 silly Conflicting override sets       '@graphql-codegen/client-preset' => [Circular *1],
309 silly Conflicting override sets       '@graphql-codegen/typescript-operations' => [OverrideSet],
309 silly Conflicting override sets       'minimatch' => [OverrideSet],
309 silly Conflicting override sets       'vite' => [OverrideSet]
309 silly Conflicting override sets     }
309 silly Conflicting override sets   },
309 silly Conflicting override sets   children: Map(0) {},
309 silly Conflicting override sets   name: '@graphql-codegen/client-preset',
309 silly Conflicting override sets   key: '@graphql-codegen/client-preset',
309 silly Conflicting override sets   keySpec: '*',
309 silly Conflicting override sets   value: '4.7.0'
309 silly Conflicting override sets } <ref *1> OverrideSet {
309 silly Conflicting override sets   parent: OverrideSet {
309 silly Conflicting override sets     parent: undefined,
309 silly Conflicting override sets     children: Map(5) {
309 silly Conflicting override sets       '@graphql-tools/url-loader' => [Circular *1],
309 silly Conflicting override sets       '@graphql-codegen/client-preset' => [OverrideSet],
309 silly Conflicting override sets       '@graphql-codegen/typescript-operations' => [OverrideSet],
309 silly Conflicting override sets       'minimatch' => [OverrideSet],
309 silly Conflicting override sets       'vite' => [OverrideSet]
309 silly Conflicting override sets     }
309 silly Conflicting override sets   },
309 silly Conflicting override sets   children: Map(0) {},
309 silly Conflicting override sets   name: '@graphql-tools/url-loader',
309 silly Conflicting override sets   key: '@graphql-tools/url-loader',
309 silly Conflicting override sets   keySpec: '*',
309 silly Conflicting override sets   value: '8.0.16'
309 silly Conflicting override sets }
310 silly Conflicting override sets tslib
311 silly Conflicting override sets <ref *1> OverrideSet {
311 silly Conflicting override sets   parent: OverrideSet {
311 silly Conflicting override sets     parent: undefined,
311 silly Conflicting override sets     children: Map(5) {
311 silly Conflicting override sets       '@graphql-tools/url-loader' => [OverrideSet],
311 silly Conflicting override sets       '@graphql-codegen/client-preset' => [Circular *1],
311 silly Conflicting override sets       '@graphql-codegen/typescript-operations' => [OverrideSet],
311 silly Conflicting override sets       'minimatch' => [OverrideSet],
311 silly Conflicting override sets       'vite' => [OverrideSet]
311 silly Conflicting override sets     }
311 silly Conflicting override sets   },
311 silly Conflicting override sets   children: Map(0) {},
311 silly Conflicting override sets   name: '@graphql-codegen/client-preset',
311 silly Conflicting override sets   key: '@graphql-codegen/client-preset',
311 silly Conflicting override sets   keySpec: '*',
311 silly Conflicting override sets   value: '4.7.0'
311 silly Conflicting override sets } <ref *1> OverrideSet {
311 silly Conflicting override sets   parent: OverrideSet {
311 silly Conflicting override sets     parent: undefined,
311 silly Conflicting override sets     children: Map(5) {
311 silly Conflicting override sets       '@graphql-tools/url-loader' => [Circular *1],
311 silly Conflicting override sets       '@graphql-codegen/client-preset' => [OverrideSet],
311 silly Conflicting override sets       '@graphql-codegen/typescript-operations' => [OverrideSet],
311 silly Conflicting override sets       'minimatch' => [OverrideSet],
311 silly Conflicting override sets       'vite' => [OverrideSet]
311 silly Conflicting override sets     }
311 silly Conflicting override sets   },
311 silly Conflicting override sets   children: Map(0) {},
311 silly Conflicting override sets   name: '@graphql-tools/url-loader',
311 silly Conflicting override sets   key: '@graphql-tools/url-loader',
311 silly Conflicting override sets   keySpec: '*',
311 silly Conflicting override sets   value: '8.0.16'
311 silly Conflicting override sets }
312 silly Conflicting override sets @graphql-tools/utils
313 silly Conflicting override sets <ref *1> OverrideSet {
313 silly Conflicting override sets   parent: OverrideSet {
313 silly Conflicting override sets     parent: undefined,
313 silly Conflicting override sets     children: Map(5) {
313 silly Conflicting override sets       '@graphql-tools/url-loader' => [OverrideSet],
313 silly Conflicting override sets       '@graphql-codegen/client-preset' => [Circular *1],
313 silly Conflicting override sets       '@graphql-codegen/typescript-operations' => [OverrideSet],
313 silly Conflicting override sets       'minimatch' => [OverrideSet],
313 silly Conflicting override sets       'vite' => [OverrideSet]
313 silly Conflicting override sets     }
313 silly Conflicting override sets   },
313 silly Conflicting override sets   children: Map(0) {},
313 silly Conflicting override sets   name: '@graphql-codegen/client-preset',
313 silly Conflicting override sets   key: '@graphql-codegen/client-preset',
313 silly Conflicting override sets   keySpec: '*',
313 silly Conflicting override sets   value: '4.7.0'
313 silly Conflicting override sets } <ref *1> OverrideSet {
313 silly Conflicting override sets   parent: OverrideSet {
313 silly Conflicting override sets     parent: undefined,
313 silly Conflicting override sets     children: Map(5) {
313 silly Conflicting override sets       '@graphql-tools/url-loader' => [Circular *1],
313 silly Conflicting override sets       '@graphql-codegen/client-preset' => [OverrideSet],
313 silly Conflicting override sets       '@graphql-codegen/typescript-operations' => [OverrideSet],
313 silly Conflicting override sets       'minimatch' => [OverrideSet],
313 silly Conflicting override sets       'vite' => [OverrideSet]
313 silly Conflicting override sets     }
313 silly Conflicting override sets   },
313 silly Conflicting override sets   children: Map(0) {},
313 silly Conflicting override sets   name: '@graphql-tools/url-loader',
313 silly Conflicting override sets   key: '@graphql-tools/url-loader',
313 silly Conflicting override sets   keySpec: '*',
313 silly Conflicting override sets   value: '8.0.16'
313 silly Conflicting override sets }
314 silly Conflicting override sets tslib
315 silly Conflicting override sets <ref *1> OverrideSet {
315 silly Conflicting override sets   parent: OverrideSet {
315 silly Conflicting override sets     parent: undefined,
315 silly Conflicting override sets     children: Map(5) {
315 silly Conflicting override sets       '@graphql-tools/url-loader' => [OverrideSet],
315 silly Conflicting override sets       '@graphql-codegen/client-preset' => [Circular *1],
315 silly Conflicting override sets       '@graphql-codegen/typescript-operations' => [OverrideSet],
315 silly Conflicting override sets       'minimatch' => [OverrideSet],
315 silly Conflicting override sets       'vite' => [OverrideSet]
315 silly Conflicting override sets     }
315 silly Conflicting override sets   },
315 silly Conflicting override sets   children: Map(0) {},
315 silly Conflicting override sets   name: '@graphql-codegen/client-preset',
315 silly Conflicting override sets   key: '@graphql-codegen/client-preset',
315 silly Conflicting override sets   keySpec: '*',
315 silly Conflicting override sets   value: '4.7.0'
315 silly Conflicting override sets } <ref *1> OverrideSet {
315 silly Conflicting override sets   parent: OverrideSet {
315 silly Conflicting override sets     parent: undefined,
315 silly Conflicting override sets     children: Map(5) {
315 silly Conflicting override sets       '@graphql-tools/url-loader' => [Circular *1],
315 silly Conflicting override sets       '@graphql-codegen/client-preset' => [OverrideSet],
315 silly Conflicting override sets       '@graphql-codegen/typescript-operations' => [OverrideSet],
315 silly Conflicting override sets       'minimatch' => [OverrideSet],
315 silly Conflicting override sets       'vite' => [OverrideSet]
315 silly Conflicting override sets     }
315 silly Conflicting override sets   },
315 silly Conflicting override sets   children: Map(0) {},
315 silly Conflicting override sets   name: '@graphql-tools/url-loader',
315 silly Conflicting override sets   key: '@graphql-tools/url-loader',
315 silly Conflicting override sets   keySpec: '*',
315 silly Conflicting override sets   value: '8.0.16'
315 silly Conflicting override sets }
316 silly Conflicting override sets @graphql-tools/utils
317 silly Conflicting override sets <ref *1> OverrideSet {
317 silly Conflicting override sets   parent: OverrideSet {
317 silly Conflicting override sets     parent: undefined,
317 silly Conflicting override sets     children: Map(5) {
317 silly Conflicting override sets       '@graphql-tools/url-loader' => [OverrideSet],
317 silly Conflicting override sets       '@graphql-codegen/client-preset' => [Circular *1],
317 silly Conflicting override sets       '@graphql-codegen/typescript-operations' => [OverrideSet],
317 silly Conflicting override sets       'minimatch' => [OverrideSet],
317 silly Conflicting override sets       'vite' => [OverrideSet]
317 silly Conflicting override sets     }
317 silly Conflicting override sets   },
317 silly Conflicting override sets   children: Map(0) {},
317 silly Conflicting override sets   name: '@graphql-codegen/client-preset',
317 silly Conflicting override sets   key: '@graphql-codegen/client-preset',
317 silly Conflicting override sets   keySpec: '*',
317 silly Conflicting override sets   value: '4.7.0'
317 silly Conflicting override sets } <ref *1> OverrideSet {
317 silly Conflicting override sets   parent: OverrideSet {
317 silly Conflicting override sets     parent: undefined,
317 silly Conflicting override sets     children: Map(5) {
317 silly Conflicting override sets       '@graphql-tools/url-loader' => [Circular *1],
317 silly Conflicting override sets       '@graphql-codegen/client-preset' => [OverrideSet],
317 silly Conflicting override sets       '@graphql-codegen/typescript-operations' => [OverrideSet],
317 silly Conflicting override sets       'minimatch' => [OverrideSet],
317 silly Conflicting override sets       'vite' => [OverrideSet]
317 silly Conflicting override sets     }
317 silly Conflicting override sets   },
317 silly Conflicting override sets   children: Map(0) {},
317 silly Conflicting override sets   name: '@graphql-tools/url-loader',
317 silly Conflicting override sets   key: '@graphql-tools/url-loader',
317 silly Conflicting override sets   keySpec: '*',
317 silly Conflicting override sets   value: '8.0.16'
317 silly Conflicting override sets }
318 silly Conflicting override sets tslib
319 silly Conflicting override sets <ref *1> OverrideSet {
319 silly Conflicting override sets   parent: OverrideSet {
319 silly Conflicting override sets     parent: undefined,
319 silly Conflicting override sets     children: Map(5) {
319 silly Conflicting override sets       '@graphql-tools/url-loader' => [OverrideSet],
319 silly Conflicting override sets       '@graphql-codegen/client-preset' => [Circular *1],
319 silly Conflicting override sets       '@graphql-codegen/typescript-operations' => [OverrideSet],
319 silly Conflicting override sets       'minimatch' => [OverrideSet],
319 silly Conflicting override sets       'vite' => [OverrideSet]
319 silly Conflicting override sets     }
319 silly Conflicting override sets   },
319 silly Conflicting override sets   children: Map(0) {},
319 silly Conflicting override sets   name: '@graphql-codegen/client-preset',
319 silly Conflicting override sets   key: '@graphql-codegen/client-preset',
319 silly Conflicting override sets   keySpec: '*',
319 silly Conflicting override sets   value: '4.7.0'
319 silly Conflicting override sets } <ref *1> OverrideSet {
319 silly Conflicting override sets   parent: OverrideSet {
319 silly Conflicting override sets     parent: undefined,
319 silly Conflicting override sets     children: Map(5) {
319 silly Conflicting override sets       '@graphql-tools/url-loader' => [Circular *1],
319 silly Conflicting override sets       '@graphql-codegen/client-preset' => [OverrideSet],
319 silly Conflicting override sets       '@graphql-codegen/typescript-operations' => [OverrideSet],
319 silly Conflicting override sets       'minimatch' => [OverrideSet],
319 silly Conflicting override sets       'vite' => [OverrideSet]
319 silly Conflicting override sets     }
319 silly Conflicting override sets   },
319 silly Conflicting override sets   children: Map(0) {},
319 silly Conflicting override sets   name: '@graphql-tools/url-loader',
319 silly Conflicting override sets   key: '@graphql-tools/url-loader',
319 silly Conflicting override sets   keySpec: '*',
319 silly Conflicting override sets   value: '8.0.16'
319 silly Conflicting override sets }
320 silly Conflicting override sets @graphql-tools/utils
321 silly Conflicting override sets <ref *1> OverrideSet {
321 silly Conflicting override sets   parent: OverrideSet {
321 silly Conflicting override sets     parent: undefined,
321 silly Conflicting override sets     children: Map(5) {
321 silly Conflicting override sets       '@graphql-tools/url-loader' => [OverrideSet],
321 silly Conflicting override sets       '@graphql-codegen/client-preset' => [Circular *1],
321 silly Conflicting override sets       '@graphql-codegen/typescript-operations' => [OverrideSet],
321 silly Conflicting override sets       'minimatch' => [OverrideSet],
321 silly Conflicting override sets       'vite' => [OverrideSet]
321 silly Conflicting override sets     }
321 silly Conflicting override sets   },
321 silly Conflicting override sets   children: Map(0) {},
321 silly Conflicting override sets   name: '@graphql-codegen/client-preset',
321 silly Conflicting override sets   key: '@graphql-codegen/client-preset',
321 silly Conflicting override sets   keySpec: '*',
321 silly Conflicting override sets   value: '4.7.0'
321 silly Conflicting override sets } <ref *1> OverrideSet {
321 silly Conflicting override sets   parent: OverrideSet {
321 silly Conflicting override sets     parent: undefined,
321 silly Conflicting override sets     children: Map(5) {
321 silly Conflicting override sets       '@graphql-tools/url-loader' => [Circular *1],
321 silly Conflicting override sets       '@graphql-codegen/client-preset' => [OverrideSet],
321 silly Conflicting override sets       '@graphql-codegen/typescript-operations' => [OverrideSet],
321 silly Conflicting override sets       'minimatch' => [OverrideSet],
321 silly Conflicting override sets       'vite' => [OverrideSet]
321 silly Conflicting override sets     }
321 silly Conflicting override sets   },
321 silly Conflicting override sets   children: Map(0) {},
321 silly Conflicting override sets   name: '@graphql-tools/url-loader',
321 silly Conflicting override sets   key: '@graphql-tools/url-loader',
321 silly Conflicting override sets   keySpec: '*',
321 silly Conflicting override sets   value: '8.0.16'
321 silly Conflicting override sets }
322 silly Conflicting override sets tslib
323 silly Conflicting override sets <ref *1> OverrideSet {
323 silly Conflicting override sets   parent: OverrideSet {
323 silly Conflicting override sets     parent: undefined,
323 silly Conflicting override sets     children: Map(5) {
323 silly Conflicting override sets       '@graphql-tools/url-loader' => [OverrideSet],
323 silly Conflicting override sets       '@graphql-codegen/client-preset' => [Circular *1],
323 silly Conflicting override sets       '@graphql-codegen/typescript-operations' => [OverrideSet],
323 silly Conflicting override sets       'minimatch' => [OverrideSet],
323 silly Conflicting override sets       'vite' => [OverrideSet]
323 silly Conflicting override sets     }
323 silly Conflicting override sets   },
323 silly Conflicting override sets   children: Map(0) {},
323 silly Conflicting override sets   name: '@graphql-codegen/client-preset',
323 silly Conflicting override sets   key: '@graphql-codegen/client-preset',
323 silly Conflicting override sets   keySpec: '*',
323 silly Conflicting override sets   value: '4.7.0'
323 silly Conflicting override sets } <ref *1> OverrideSet {
323 silly Conflicting override sets   parent: OverrideSet {
323 silly Conflicting override sets     parent: undefined,
323 silly Conflicting override sets     children: Map(5) {
323 silly Conflicting override sets       '@graphql-tools/url-loader' => [Circular *1],
323 silly Conflicting override sets       '@graphql-codegen/client-preset' => [OverrideSet],
323 silly Conflicting override sets       '@graphql-codegen/typescript-operations' => [OverrideSet],
323 silly Conflicting override sets       'minimatch' => [OverrideSet],
323 silly Conflicting override sets       'vite' => [OverrideSet]
323 silly Conflicting override sets     }
323 silly Conflicting override sets   },
323 silly Conflicting override sets   children: Map(0) {},
323 silly Conflicting override sets   name: '@graphql-tools/url-loader',
323 silly Conflicting override sets   key: '@graphql-tools/url-loader',
323 silly Conflicting override sets   keySpec: '*',
323 silly Conflicting override sets   value: '8.0.16'
323 silly Conflicting override sets }
324 silly Conflicting override sets tslib
325 silly Conflicting override sets <ref *1> OverrideSet {
325 silly Conflicting override sets   parent: OverrideSet {
325 silly Conflicting override sets     parent: undefined,
325 silly Conflicting override sets     children: Map(5) {
325 silly Conflicting override sets       '@graphql-tools/url-loader' => [Circular *1],
325 silly Conflicting override sets       '@graphql-codegen/client-preset' => [OverrideSet],
325 silly Conflicting override sets       '@graphql-codegen/typescript-operations' => [OverrideSet],
325 silly Conflicting override sets       'minimatch' => [OverrideSet],
325 silly Conflicting override sets       'vite' => [OverrideSet]
325 silly Conflicting override sets     }
325 silly Conflicting override sets   },
325 silly Conflicting override sets   children: Map(0) {},
325 silly Conflicting override sets   name: '@graphql-tools/url-loader',
325 silly Conflicting override sets   key: '@graphql-tools/url-loader',
325 silly Conflicting override sets   keySpec: '*',
325 silly Conflicting override sets   value: '8.0.16'
325 silly Conflicting override sets } <ref *1> OverrideSet {
325 silly Conflicting override sets   parent: OverrideSet {
325 silly Conflicting override sets     parent: undefined,
325 silly Conflicting override sets     children: Map(5) {
325 silly Conflicting override sets       '@graphql-tools/url-loader' => [OverrideSet],
325 silly Conflicting override sets       '@graphql-codegen/client-preset' => [OverrideSet],
325 silly Conflicting override sets       '@graphql-codegen/typescript-operations' => [OverrideSet],
325 silly Conflicting override sets       'minimatch' => [OverrideSet],
325 silly Conflicting override sets       'vite' => [Circular *1]
325 silly Conflicting override sets     }
325 silly Conflicting override sets   },
325 silly Conflicting override sets   children: Map(0) {},
325 silly Conflicting override sets   name: 'vite',
325 silly Conflicting override sets   key: 'vite',
325 silly Conflicting override sets   keySpec: '*',
325 silly Conflicting override sets   value: '^6.2.2'
325 silly Conflicting override sets }
326 silly Conflicting override sets @types/node
327 silly Conflicting override sets <ref *1> OverrideSet {
327 silly Conflicting override sets   parent: OverrideSet {
327 silly Conflicting override sets     parent: undefined,
327 silly Conflicting override sets     children: Map(5) {
327 silly Conflicting override sets       '@graphql-tools/url-loader' => [OverrideSet],
327 silly Conflicting override sets       '@graphql-codegen/client-preset' => [Circular *1],
327 silly Conflicting override sets       '@graphql-codegen/typescript-operations' => [OverrideSet],
327 silly Conflicting override sets       'minimatch' => [OverrideSet],
327 silly Conflicting override sets       'vite' => [OverrideSet]
327 silly Conflicting override sets     }
327 silly Conflicting override sets   },
327 silly Conflicting override sets   children: Map(0) {},
327 silly Conflicting override sets   name: '@graphql-codegen/client-preset',
327 silly Conflicting override sets   key: '@graphql-codegen/client-preset',
327 silly Conflicting override sets   keySpec: '*',
327 silly Conflicting override sets   value: '4.7.0'
327 silly Conflicting override sets } <ref *1> OverrideSet {
327 silly Conflicting override sets   parent: OverrideSet {
327 silly Conflicting override sets     parent: undefined,
327 silly Conflicting override sets     children: Map(5) {
327 silly Conflicting override sets       '@graphql-tools/url-loader' => [Circular *1],
327 silly Conflicting override sets       '@graphql-codegen/client-preset' => [OverrideSet],
327 silly Conflicting override sets       '@graphql-codegen/typescript-operations' => [OverrideSet],
327 silly Conflicting override sets       'minimatch' => [OverrideSet],
327 silly Conflicting override sets       'vite' => [OverrideSet]
327 silly Conflicting override sets     }
327 silly Conflicting override sets   },
327 silly Conflicting override sets   children: Map(0) {},
327 silly Conflicting override sets   name: '@graphql-tools/url-loader',
327 silly Conflicting override sets   key: '@graphql-tools/url-loader',
327 silly Conflicting override sets   keySpec: '*',
327 silly Conflicting override sets   value: '8.0.16'
327 silly Conflicting override sets }
328 silly Conflicting override sets tslib
329 silly Conflicting override sets <ref *1> OverrideSet {
329 silly Conflicting override sets   parent: OverrideSet {
329 silly Conflicting override sets     parent: undefined,
329 silly Conflicting override sets     children: Map(5) {
329 silly Conflicting override sets       '@graphql-tools/url-loader' => [OverrideSet],
329 silly Conflicting override sets       '@graphql-codegen/client-preset' => [Circular *1],
329 silly Conflicting override sets       '@graphql-codegen/typescript-operations' => [OverrideSet],
329 silly Conflicting override sets       'minimatch' => [OverrideSet],
329 silly Conflicting override sets       'vite' => [OverrideSet]
329 silly Conflicting override sets     }
329 silly Conflicting override sets   },
329 silly Conflicting override sets   children: Map(0) {},
329 silly Conflicting override sets   name: '@graphql-codegen/client-preset',
329 silly Conflicting override sets   key: '@graphql-codegen/client-preset',
329 silly Conflicting override sets   keySpec: '*',
329 silly Conflicting override sets   value: '4.7.0'
329 silly Conflicting override sets } <ref *1> OverrideSet {
329 silly Conflicting override sets   parent: OverrideSet {
329 silly Conflicting override sets     parent: undefined,
329 silly Conflicting override sets     children: Map(5) {
329 silly Conflicting override sets       '@graphql-tools/url-loader' => [Circular *1],
329 silly Conflicting override sets       '@graphql-codegen/client-preset' => [OverrideSet],
329 silly Conflicting override sets       '@graphql-codegen/typescript-operations' => [OverrideSet],
329 silly Conflicting override sets       'minimatch' => [OverrideSet],
329 silly Conflicting override sets       'vite' => [OverrideSet]
329 silly Conflicting override sets     }
329 silly Conflicting override sets   },
329 silly Conflicting override sets   children: Map(0) {},
329 silly Conflicting override sets   name: '@graphql-tools/url-loader',
329 silly Conflicting override sets   key: '@graphql-tools/url-loader',
329 silly Conflicting override sets   keySpec: '*',
329 silly Conflicting override sets   value: '8.0.16'
329 silly Conflicting override sets }
330 silly Conflicting override sets tslib
331 silly Conflicting override sets <ref *1> OverrideSet {
331 silly Conflicting override sets   parent: OverrideSet {
331 silly Conflicting override sets     parent: undefined,
331 silly Conflicting override sets     children: Map(5) {
331 silly Conflicting override sets       '@graphql-tools/url-loader' => [Circular *1],
331 silly Conflicting override sets       '@graphql-codegen/client-preset' => [OverrideSet],
331 silly Conflicting override sets       '@graphql-codegen/typescript-operations' => [OverrideSet],
331 silly Conflicting override sets       'minimatch' => [OverrideSet],
331 silly Conflicting override sets       'vite' => [OverrideSet]
331 silly Conflicting override sets     }
331 silly Conflicting override sets   },
331 silly Conflicting override sets   children: Map(0) {},
331 silly Conflicting override sets   name: '@graphql-tools/url-loader',
331 silly Conflicting override sets   key: '@graphql-tools/url-loader',
331 silly Conflicting override sets   keySpec: '*',
331 silly Conflicting override sets   value: '8.0.16'
331 silly Conflicting override sets } <ref *1> OverrideSet {
331 silly Conflicting override sets   parent: OverrideSet {
331 silly Conflicting override sets     parent: undefined,
331 silly Conflicting override sets     children: Map(5) {
331 silly Conflicting override sets       '@graphql-tools/url-loader' => [OverrideSet],
331 silly Conflicting override sets       '@graphql-codegen/client-preset' => [Circular *1],
331 silly Conflicting override sets       '@graphql-codegen/typescript-operations' => [OverrideSet],
331 silly Conflicting override sets       'minimatch' => [OverrideSet],
331 silly Conflicting override sets       'vite' => [OverrideSet]
331 silly Conflicting override sets     }
331 silly Conflicting override sets   },
331 silly Conflicting override sets   children: Map(0) {},
331 silly Conflicting override sets   name: '@graphql-codegen/client-preset',
331 silly Conflicting override sets   key: '@graphql-codegen/client-preset',
331 silly Conflicting override sets   keySpec: '*',
331 silly Conflicting override sets   value: '4.7.0'
331 silly Conflicting override sets }
332 silly Conflicting override sets @whatwg-node/promise-helpers
333 silly Conflicting override sets <ref *1> OverrideSet {
333 silly Conflicting override sets   parent: OverrideSet {
333 silly Conflicting override sets     parent: undefined,
333 silly Conflicting override sets     children: Map(5) {
333 silly Conflicting override sets       '@graphql-tools/url-loader' => [OverrideSet],
333 silly Conflicting override sets       '@graphql-codegen/client-preset' => [Circular *1],
333 silly Conflicting override sets       '@graphql-codegen/typescript-operations' => [OverrideSet],
333 silly Conflicting override sets       'minimatch' => [OverrideSet],
333 silly Conflicting override sets       'vite' => [OverrideSet]
333 silly Conflicting override sets     }
333 silly Conflicting override sets   },
333 silly Conflicting override sets   children: Map(0) {},
333 silly Conflicting override sets   name: '@graphql-codegen/client-preset',
333 silly Conflicting override sets   key: '@graphql-codegen/client-preset',
333 silly Conflicting override sets   keySpec: '*',
333 silly Conflicting override sets   value: '4.7.0'
333 silly Conflicting override sets } <ref *1> OverrideSet {
333 silly Conflicting override sets   parent: OverrideSet {
333 silly Conflicting override sets     parent: undefined,
333 silly Conflicting override sets     children: Map(5) {
333 silly Conflicting override sets       '@graphql-tools/url-loader' => [Circular *1],
333 silly Conflicting override sets       '@graphql-codegen/client-preset' => [OverrideSet],
333 silly Conflicting override sets       '@graphql-codegen/typescript-operations' => [OverrideSet],
333 silly Conflicting override sets       'minimatch' => [OverrideSet],
333 silly Conflicting override sets       'vite' => [OverrideSet]
333 silly Conflicting override sets     }
333 silly Conflicting override sets   },
333 silly Conflicting override sets   children: Map(0) {},
333 silly Conflicting override sets   name: '@graphql-tools/url-loader',
333 silly Conflicting override sets   key: '@graphql-tools/url-loader',
333 silly Conflicting override sets   keySpec: '*',
333 silly Conflicting override sets   value: '8.0.16'
333 silly Conflicting override sets }
334 silly Conflicting override sets tslib
335 silly Conflicting override sets <ref *1> OverrideSet {
335 silly Conflicting override sets   parent: OverrideSet {
335 silly Conflicting override sets     parent: undefined,
335 silly Conflicting override sets     children: Map(5) {
335 silly Conflicting override sets       '@graphql-tools/url-loader' => [Circular *1],
335 silly Conflicting override sets       '@graphql-codegen/client-preset' => [OverrideSet],
335 silly Conflicting override sets       '@graphql-codegen/typescript-operations' => [OverrideSet],
335 silly Conflicting override sets       'minimatch' => [OverrideSet],
335 silly Conflicting override sets       'vite' => [OverrideSet]
335 silly Conflicting override sets     }
335 silly Conflicting override sets   },
335 silly Conflicting override sets   children: Map(0) {},
335 silly Conflicting override sets   name: '@graphql-tools/url-loader',
335 silly Conflicting override sets   key: '@graphql-tools/url-loader',
335 silly Conflicting override sets   keySpec: '*',
335 silly Conflicting override sets   value: '8.0.16'
335 silly Conflicting override sets } <ref *1> OverrideSet {
335 silly Conflicting override sets   parent: OverrideSet {
335 silly Conflicting override sets     parent: undefined,
335 silly Conflicting override sets     children: Map(5) {
335 silly Conflicting override sets       '@graphql-tools/url-loader' => [OverrideSet],
335 silly Conflicting override sets       '@graphql-codegen/client-preset' => [Circular *1],
335 silly Conflicting override sets       '@graphql-codegen/typescript-operations' => [OverrideSet],
335 silly Conflicting override sets       'minimatch' => [OverrideSet],
335 silly Conflicting override sets       'vite' => [OverrideSet]
335 silly Conflicting override sets     }
335 silly Conflicting override sets   },
335 silly Conflicting override sets   children: Map(0) {},
335 silly Conflicting override sets   name: '@graphql-codegen/client-preset',
335 silly Conflicting override sets   key: '@graphql-codegen/client-preset',
335 silly Conflicting override sets   keySpec: '*',
335 silly Conflicting override sets   value: '4.7.0'
335 silly Conflicting override sets }
336 silly Conflicting override sets <ref *1> OverrideSet {
336 silly Conflicting override sets   parent: OverrideSet {
336 silly Conflicting override sets     parent: undefined,
336 silly Conflicting override sets     children: Map(5) {
336 silly Conflicting override sets       '@graphql-tools/url-loader' => [OverrideSet],
336 silly Conflicting override sets       '@graphql-codegen/client-preset' => [Circular *1],
336 silly Conflicting override sets       '@graphql-codegen/typescript-operations' => [OverrideSet],
336 silly Conflicting override sets       'minimatch' => [OverrideSet],
336 silly Conflicting override sets       'vite' => [OverrideSet]
336 silly Conflicting override sets     }
336 silly Conflicting override sets   },
336 silly Conflicting override sets   children: Map(0) {},
336 silly Conflicting override sets   name: '@graphql-codegen/client-preset',
336 silly Conflicting override sets   key: '@graphql-codegen/client-preset',
336 silly Conflicting override sets   keySpec: '*',
336 silly Conflicting override sets   value: '4.7.0'
336 silly Conflicting override sets } <ref *1> OverrideSet {
336 silly Conflicting override sets   parent: OverrideSet {
336 silly Conflicting override sets     parent: undefined,
336 silly Conflicting override sets     children: Map(5) {
336 silly Conflicting override sets       '@graphql-tools/url-loader' => [Circular *1],
336 silly Conflicting override sets       '@graphql-codegen/client-preset' => [OverrideSet],
336 silly Conflicting override sets       '@graphql-codegen/typescript-operations' => [OverrideSet],
336 silly Conflicting override sets       'minimatch' => [OverrideSet],
336 silly Conflicting override sets       'vite' => [OverrideSet]
336 silly Conflicting override sets     }
336 silly Conflicting override sets   },
336 silly Conflicting override sets   children: Map(0) {},
336 silly Conflicting override sets   name: '@graphql-tools/url-loader',
336 silly Conflicting override sets   key: '@graphql-tools/url-loader',
336 silly Conflicting override sets   keySpec: '*',
336 silly Conflicting override sets   value: '8.0.16'
336 silly Conflicting override sets }
337 silly Conflicting override sets <ref *1> OverrideSet {
337 silly Conflicting override sets   parent: OverrideSet {
337 silly Conflicting override sets     parent: undefined,
337 silly Conflicting override sets     children: Map(5) {
337 silly Conflicting override sets       '@graphql-tools/url-loader' => [OverrideSet],
337 silly Conflicting override sets       '@graphql-codegen/client-preset' => [OverrideSet],
337 silly Conflicting override sets       '@graphql-codegen/typescript-operations' => [Circular *1],
337 silly Conflicting override sets       'minimatch' => [OverrideSet],
337 silly Conflicting override sets       'vite' => [OverrideSet]
337 silly Conflicting override sets     }
337 silly Conflicting override sets   },
337 silly Conflicting override sets   children: Map(0) {},
337 silly Conflicting override sets   name: '@graphql-codegen/typescript-operations',
337 silly Conflicting override sets   key: '@graphql-codegen/typescript-operations',
337 silly Conflicting override sets   keySpec: '*',
337 silly Conflicting override sets   value: '4.5.0'
337 silly Conflicting override sets } <ref *1> OverrideSet {
337 silly Conflicting override sets   parent: OverrideSet {
337 silly Conflicting override sets     parent: undefined,
337 silly Conflicting override sets     children: Map(5) {
337 silly Conflicting override sets       '@graphql-tools/url-loader' => [OverrideSet],
337 silly Conflicting override sets       '@graphql-codegen/client-preset' => [Circular *1],
337 silly Conflicting override sets       '@graphql-codegen/typescript-operations' => [OverrideSet],
337 silly Conflicting override sets       'minimatch' => [OverrideSet],
337 silly Conflicting override sets       'vite' => [OverrideSet]
337 silly Conflicting override sets     }
337 silly Conflicting override sets   },
337 silly Conflicting override sets   children: Map(0) {},
337 silly Conflicting override sets   name: '@graphql-codegen/client-preset',
337 silly Conflicting override sets   key: '@graphql-codegen/client-preset',
337 silly Conflicting override sets   keySpec: '*',
337 silly Conflicting override sets   value: '4.7.0'
337 silly Conflicting override sets }
338 silly Conflicting override sets <ref *1> OverrideSet {
338 silly Conflicting override sets   parent: OverrideSet {
338 silly Conflicting override sets     parent: undefined,
338 silly Conflicting override sets     children: Map(5) {
338 silly Conflicting override sets       '@graphql-tools/url-loader' => [Circular *1],
338 silly Conflicting override sets       '@graphql-codegen/client-preset' => [OverrideSet],
338 silly Conflicting override sets       '@graphql-codegen/typescript-operations' => [OverrideSet],
338 silly Conflicting override sets       'minimatch' => [OverrideSet],
338 silly Conflicting override sets       'vite' => [OverrideSet]
338 silly Conflicting override sets     }
338 silly Conflicting override sets   },
338 silly Conflicting override sets   children: Map(0) {},
338 silly Conflicting override sets   name: '@graphql-tools/url-loader',
338 silly Conflicting override sets   key: '@graphql-tools/url-loader',
338 silly Conflicting override sets   keySpec: '*',
338 silly Conflicting override sets   value: '8.0.16'
338 silly Conflicting override sets } <ref *1> OverrideSet {
338 silly Conflicting override sets   parent: OverrideSet {
338 silly Conflicting override sets     parent: undefined,
338 silly Conflicting override sets     children: Map(5) {
338 silly Conflicting override sets       '@graphql-tools/url-loader' => [OverrideSet],
338 silly Conflicting override sets       '@graphql-codegen/client-preset' => [Circular *1],
338 silly Conflicting override sets       '@graphql-codegen/typescript-operations' => [OverrideSet],
338 silly Conflicting override sets       'minimatch' => [OverrideSet],
338 silly Conflicting override sets       'vite' => [OverrideSet]
338 silly Conflicting override sets     }
338 silly Conflicting override sets   },
338 silly Conflicting override sets   children: Map(0) {},
338 silly Conflicting override sets   name: '@graphql-codegen/client-preset',
338 silly Conflicting override sets   key: '@graphql-codegen/client-preset',
338 silly Conflicting override sets   keySpec: '*',
338 silly Conflicting override sets   value: '4.7.0'
338 silly Conflicting override sets }
339 silly Conflicting override sets <ref *1> OverrideSet {
339 silly Conflicting override sets   parent: OverrideSet {
339 silly Conflicting override sets     parent: undefined,
339 silly Conflicting override sets     children: Map(5) {
339 silly Conflicting override sets       '@graphql-tools/url-loader' => [OverrideSet],
339 silly Conflicting override sets       '@graphql-codegen/client-preset' => [Circular *1],
339 silly Conflicting override sets       '@graphql-codegen/typescript-operations' => [OverrideSet],
339 silly Conflicting override sets       'minimatch' => [OverrideSet],
339 silly Conflicting override sets       'vite' => [OverrideSet]
339 silly Conflicting override sets     }
339 silly Conflicting override sets   },
339 silly Conflicting override sets   children: Map(0) {},
339 silly Conflicting override sets   name: '@graphql-codegen/client-preset',
339 silly Conflicting override sets   key: '@graphql-codegen/client-preset',
339 silly Conflicting override sets   keySpec: '*',
339 silly Conflicting override sets   value: '4.7.0'
339 silly Conflicting override sets } <ref *1> OverrideSet {
339 silly Conflicting override sets   parent: OverrideSet {
339 silly Conflicting override sets     parent: undefined,
339 silly Conflicting override sets     children: Map(5) {
339 silly Conflicting override sets       '@graphql-tools/url-loader' => [Circular *1],
339 silly Conflicting override sets       '@graphql-codegen/client-preset' => [OverrideSet],
339 silly Conflicting override sets       '@graphql-codegen/typescript-operations' => [OverrideSet],
339 silly Conflicting override sets       'minimatch' => [OverrideSet],
339 silly Conflicting override sets       'vite' => [OverrideSet]
339 silly Conflicting override sets     }
339 silly Conflicting override sets   },
339 silly Conflicting override sets   children: Map(0) {},
339 silly Conflicting override sets   name: '@graphql-tools/url-loader',
339 silly Conflicting override sets   key: '@graphql-tools/url-loader',
339 silly Conflicting override sets   keySpec: '*',
339 silly Conflicting override sets   value: '8.0.16'
339 silly Conflicting override sets }
340 silly Conflicting override sets <ref *1> OverrideSet {
340 silly Conflicting override sets   parent: OverrideSet {
340 silly Conflicting override sets     parent: undefined,
340 silly Conflicting override sets     children: Map(5) {
340 silly Conflicting override sets       '@graphql-tools/url-loader' => [Circular *1],
340 silly Conflicting override sets       '@graphql-codegen/client-preset' => [OverrideSet],
340 silly Conflicting override sets       '@graphql-codegen/typescript-operations' => [OverrideSet],
340 silly Conflicting override sets       'minimatch' => [OverrideSet],
340 silly Conflicting override sets       'vite' => [OverrideSet]
340 silly Conflicting override sets     }
340 silly Conflicting override sets   },
340 silly Conflicting override sets   children: Map(0) {},
340 silly Conflicting override sets   name: '@graphql-tools/url-loader',
340 silly Conflicting override sets   key: '@graphql-tools/url-loader',
340 silly Conflicting override sets   keySpec: '*',
340 silly Conflicting override sets   value: '8.0.16'
340 silly Conflicting override sets } <ref *1> OverrideSet {
340 silly Conflicting override sets   parent: OverrideSet {
340 silly Conflicting override sets     parent: undefined,
340 silly Conflicting override sets     children: Map(5) {
340 silly Conflicting override sets       '@graphql-tools/url-loader' => [OverrideSet],
340 silly Conflicting override sets       '@graphql-codegen/client-preset' => [Circular *1],
340 silly Conflicting override sets       '@graphql-codegen/typescript-operations' => [OverrideSet],
340 silly Conflicting override sets       'minimatch' => [OverrideSet],
340 silly Conflicting override sets       'vite' => [OverrideSet]
340 silly Conflicting override sets     }
340 silly Conflicting override sets   },
340 silly Conflicting override sets   children: Map(0) {},
340 silly Conflicting override sets   name: '@graphql-codegen/client-preset',
340 silly Conflicting override sets   key: '@graphql-codegen/client-preset',
340 silly Conflicting override sets   keySpec: '*',
340 silly Conflicting override sets   value: '4.7.0'
340 silly Conflicting override sets }
341 silly Conflicting override sets <ref *1> OverrideSet {
341 silly Conflicting override sets   parent: OverrideSet {
341 silly Conflicting override sets     parent: undefined,
341 silly Conflicting override sets     children: Map(5) {
341 silly Conflicting override sets       '@graphql-tools/url-loader' => [Circular *1],
341 silly Conflicting override sets       '@graphql-codegen/client-preset' => [OverrideSet],
341 silly Conflicting override sets       '@graphql-codegen/typescript-operations' => [OverrideSet],
341 silly Conflicting override sets       'minimatch' => [OverrideSet],
341 silly Conflicting override sets       'vite' => [OverrideSet]
341 silly Conflicting override sets     }
341 silly Conflicting override sets   },
341 silly Conflicting override sets   children: Map(0) {},
341 silly Conflicting override sets   name: '@graphql-tools/url-loader',
341 silly Conflicting override sets   key: '@graphql-tools/url-loader',
341 silly Conflicting override sets   keySpec: '*',
341 silly Conflicting override sets   value: '8.0.16'
341 silly Conflicting override sets } <ref *1> OverrideSet {
341 silly Conflicting override sets   parent: OverrideSet {
341 silly Conflicting override sets     parent: undefined,
341 silly Conflicting override sets     children: Map(5) {
341 silly Conflicting override sets       '@graphql-tools/url-loader' => [OverrideSet],
341 silly Conflicting override sets       '@graphql-codegen/client-preset' => [Circular *1],
341 silly Conflicting override sets       '@graphql-codegen/typescript-operations' => [OverrideSet],
341 silly Conflicting override sets       'minimatch' => [OverrideSet],
341 silly Conflicting override sets       'vite' => [OverrideSet]
341 silly Conflicting override sets     }
341 silly Conflicting override sets   },
341 silly Conflicting override sets   children: Map(0) {},
341 silly Conflicting override sets   name: '@graphql-codegen/client-preset',
341 silly Conflicting override sets   key: '@graphql-codegen/client-preset',
341 silly Conflicting override sets   keySpec: '*',
341 silly Conflicting override sets   value: '4.7.0'
341 silly Conflicting override sets }
342 silly Conflicting override sets <ref *1> OverrideSet {
342 silly Conflicting override sets   parent: OverrideSet {
342 silly Conflicting override sets     parent: undefined,
342 silly Conflicting override sets     children: Map(5) {
342 silly Conflicting override sets       '@graphql-tools/url-loader' => [OverrideSet],
342 silly Conflicting override sets       '@graphql-codegen/client-preset' => [Circular *1],
342 silly Conflicting override sets       '@graphql-codegen/typescript-operations' => [OverrideSet],
342 silly Conflicting override sets       'minimatch' => [OverrideSet],
342 silly Conflicting override sets       'vite' => [OverrideSet]
342 silly Conflicting override sets     }
342 silly Conflicting override sets   },
342 silly Conflicting override sets   children: Map(0) {},
342 silly Conflicting override sets   name: '@graphql-codegen/client-preset',
342 silly Conflicting override sets   key: '@graphql-codegen/client-preset',
342 silly Conflicting override sets   keySpec: '*',
342 silly Conflicting override sets   value: '4.7.0'
342 silly Conflicting override sets } <ref *1> OverrideSet {
342 silly Conflicting override sets   parent: OverrideSet {
342 silly Conflicting override sets     parent: undefined,
342 silly Conflicting override sets     children: Map(5) {
342 silly Conflicting override sets       '@graphql-tools/url-loader' => [Circular *1],
342 silly Conflicting override sets       '@graphql-codegen/client-preset' => [OverrideSet],
342 silly Conflicting override sets       '@graphql-codegen/typescript-operations' => [OverrideSet],
342 silly Conflicting override sets       'minimatch' => [OverrideSet],
342 silly Conflicting override sets       'vite' => [OverrideSet]
342 silly Conflicting override sets     }
342 silly Conflicting override sets   },
342 silly Conflicting override sets   children: Map(0) {},
342 silly Conflicting override sets   name: '@graphql-tools/url-loader',
342 silly Conflicting override sets   key: '@graphql-tools/url-loader',
342 silly Conflicting override sets   keySpec: '*',
342 silly Conflicting override sets   value: '8.0.16'
342 silly Conflicting override sets }
343 silly Conflicting override sets <ref *1> OverrideSet {
343 silly Conflicting override sets   parent: OverrideSet {
343 silly Conflicting override sets     parent: undefined,
343 silly Conflicting override sets     children: Map(5) {
343 silly Conflicting override sets       '@graphql-tools/url-loader' => [OverrideSet],
343 silly Conflicting override sets       '@graphql-codegen/client-preset' => [Circular *1],
343 silly Conflicting override sets       '@graphql-codegen/typescript-operations' => [OverrideSet],
343 silly Conflicting override sets       'minimatch' => [OverrideSet],
343 silly Conflicting override sets       'vite' => [OverrideSet]
343 silly Conflicting override sets     }
343 silly Conflicting override sets   },
343 silly Conflicting override sets   children: Map(0) {},
343 silly Conflicting override sets   name: '@graphql-codegen/client-preset',
343 silly Conflicting override sets   key: '@graphql-codegen/client-preset',
343 silly Conflicting override sets   keySpec: '*',
343 silly Conflicting override sets   value: '4.7.0'
343 silly Conflicting override sets } <ref *1> OverrideSet {
343 silly Conflicting override sets   parent: OverrideSet {
343 silly Conflicting override sets     parent: undefined,
343 silly Conflicting override sets     children: Map(5) {
343 silly Conflicting override sets       '@graphql-tools/url-loader' => [OverrideSet],
343 silly Conflicting override sets       '@graphql-codegen/client-preset' => [OverrideSet],
343 silly Conflicting override sets       '@graphql-codegen/typescript-operations' => [Circular *1],
343 silly Conflicting override sets       'minimatch' => [OverrideSet],
343 silly Conflicting override sets       'vite' => [OverrideSet]
343 silly Conflicting override sets     }
343 silly Conflicting override sets   },
343 silly Conflicting override sets   children: Map(0) {},
343 silly Conflicting override sets   name: '@graphql-codegen/typescript-operations',
343 silly Conflicting override sets   key: '@graphql-codegen/typescript-operations',
343 silly Conflicting override sets   keySpec: '*',
343 silly Conflicting override sets   value: '4.5.0'
343 silly Conflicting override sets }
344 silly Conflicting override sets graphql
345 silly Conflicting override sets <ref *1> OverrideSet {
345 silly Conflicting override sets   parent: OverrideSet {
345 silly Conflicting override sets     parent: undefined,
345 silly Conflicting override sets     children: Map(5) {
345 silly Conflicting override sets       '@graphql-tools/url-loader' => [OverrideSet],
345 silly Conflicting override sets       '@graphql-codegen/client-preset' => [Circular *1],
345 silly Conflicting override sets       '@graphql-codegen/typescript-operations' => [OverrideSet],
345 silly Conflicting override sets       'minimatch' => [OverrideSet],
345 silly Conflicting override sets       'vite' => [OverrideSet]
345 silly Conflicting override sets     }
345 silly Conflicting override sets   },
345 silly Conflicting override sets   children: Map(0) {},
345 silly Conflicting override sets   name: '@graphql-codegen/client-preset',
345 silly Conflicting override sets   key: '@graphql-codegen/client-preset',
345 silly Conflicting override sets   keySpec: '*',
345 silly Conflicting override sets   value: '4.7.0'
345 silly Conflicting override sets } <ref *1> OverrideSet {
345 silly Conflicting override sets   parent: OverrideSet {
345 silly Conflicting override sets     parent: undefined,
345 silly Conflicting override sets     children: Map(5) {
345 silly Conflicting override sets       '@graphql-tools/url-loader' => [OverrideSet],
345 silly Conflicting override sets       '@graphql-codegen/client-preset' => [OverrideSet],
345 silly Conflicting override sets       '@graphql-codegen/typescript-operations' => [Circular *1],
345 silly Conflicting override sets       'minimatch' => [OverrideSet],
345 silly Conflicting override sets       'vite' => [OverrideSet]
345 silly Conflicting override sets     }
345 silly Conflicting override sets   },
345 silly Conflicting override sets   children: Map(0) {},
345 silly Conflicting override sets   name: '@graphql-codegen/typescript-operations',
345 silly Conflicting override sets   key: '@graphql-codegen/typescript-operations',
345 silly Conflicting override sets   keySpec: '*',
345 silly Conflicting override sets   value: '4.5.0'
345 silly Conflicting override sets }
346 silly Conflicting override sets @graphql-codegen/plugin-helpers
347 silly Conflicting override sets <ref *1> OverrideSet {
347 silly Conflicting override sets   parent: OverrideSet {
347 silly Conflicting override sets     parent: undefined,
347 silly Conflicting override sets     children: Map(5) {
347 silly Conflicting override sets       '@graphql-tools/url-loader' => [OverrideSet],
347 silly Conflicting override sets       '@graphql-codegen/client-preset' => [Circular *1],
347 silly Conflicting override sets       '@graphql-codegen/typescript-operations' => [OverrideSet],
347 silly Conflicting override sets       'minimatch' => [OverrideSet],
347 silly Conflicting override sets       'vite' => [OverrideSet]
347 silly Conflicting override sets     }
347 silly Conflicting override sets   },
347 silly Conflicting override sets   children: Map(0) {},
347 silly Conflicting override sets   name: '@graphql-codegen/client-preset',
347 silly Conflicting override sets   key: '@graphql-codegen/client-preset',
347 silly Conflicting override sets   keySpec: '*',
347 silly Conflicting override sets   value: '4.7.0'
347 silly Conflicting override sets } <ref *1> OverrideSet {
347 silly Conflicting override sets   parent: OverrideSet {
347 silly Conflicting override sets     parent: undefined,
347 silly Conflicting override sets     children: Map(5) {
347 silly Conflicting override sets       '@graphql-tools/url-loader' => [OverrideSet],
347 silly Conflicting override sets       '@graphql-codegen/client-preset' => [OverrideSet],
347 silly Conflicting override sets       '@graphql-codegen/typescript-operations' => [Circular *1],
347 silly Conflicting override sets       'minimatch' => [OverrideSet],
347 silly Conflicting override sets       'vite' => [OverrideSet]
347 silly Conflicting override sets     }
347 silly Conflicting override sets   },
347 silly Conflicting override sets   children: Map(0) {},
347 silly Conflicting override sets   name: '@graphql-codegen/typescript-operations',
347 silly Conflicting override sets   key: '@graphql-codegen/typescript-operations',
347 silly Conflicting override sets   keySpec: '*',
347 silly Conflicting override sets   value: '4.5.0'
347 silly Conflicting override sets }
348 silly Conflicting override sets @graphql-codegen/schema-ast
349 silly Conflicting override sets <ref *1> OverrideSet {
349 silly Conflicting override sets   parent: OverrideSet {
349 silly Conflicting override sets     parent: undefined,
349 silly Conflicting override sets     children: Map(5) {
349 silly Conflicting override sets       '@graphql-tools/url-loader' => [OverrideSet],
349 silly Conflicting override sets       '@graphql-codegen/client-preset' => [Circular *1],
349 silly Conflicting override sets       '@graphql-codegen/typescript-operations' => [OverrideSet],
349 silly Conflicting override sets       'minimatch' => [OverrideSet],
349 silly Conflicting override sets       'vite' => [OverrideSet]
349 silly Conflicting override sets     }
349 silly Conflicting override sets   },
349 silly Conflicting override sets   children: Map(0) {},
349 silly Conflicting override sets   name: '@graphql-codegen/client-preset',
349 silly Conflicting override sets   key: '@graphql-codegen/client-preset',
349 silly Conflicting override sets   keySpec: '*',
349 silly Conflicting override sets   value: '4.7.0'
349 silly Conflicting override sets } <ref *1> OverrideSet {
349 silly Conflicting override sets   parent: OverrideSet {
349 silly Conflicting override sets     parent: undefined,
349 silly Conflicting override sets     children: Map(5) {
349 silly Conflicting override sets       '@graphql-tools/url-loader' => [OverrideSet],
349 silly Conflicting override sets       '@graphql-codegen/client-preset' => [OverrideSet],
349 silly Conflicting override sets       '@graphql-codegen/typescript-operations' => [Circular *1],
349 silly Conflicting override sets       'minimatch' => [OverrideSet],
349 silly Conflicting override sets       'vite' => [OverrideSet]
349 silly Conflicting override sets     }
349 silly Conflicting override sets   },
349 silly Conflicting override sets   children: Map(0) {},
349 silly Conflicting override sets   name: '@graphql-codegen/typescript-operations',
349 silly Conflicting override sets   key: '@graphql-codegen/typescript-operations',
349 silly Conflicting override sets   keySpec: '*',
349 silly Conflicting override sets   value: '4.5.0'
349 silly Conflicting override sets }
350 silly Conflicting override sets @graphql-codegen/visitor-plugin-common
351 silly Conflicting override sets <ref *1> OverrideSet {
351 silly Conflicting override sets   parent: OverrideSet {
351 silly Conflicting override sets     parent: undefined,
351 silly Conflicting override sets     children: Map(5) {
351 silly Conflicting override sets       '@graphql-tools/url-loader' => [OverrideSet],
351 silly Conflicting override sets       '@graphql-codegen/client-preset' => [Circular *1],
351 silly Conflicting override sets       '@graphql-codegen/typescript-operations' => [OverrideSet],
351 silly Conflicting override sets       'minimatch' => [OverrideSet],
351 silly Conflicting override sets       'vite' => [OverrideSet]
351 silly Conflicting override sets     }
351 silly Conflicting override sets   },
351 silly Conflicting override sets   children: Map(0) {},
351 silly Conflicting override sets   name: '@graphql-codegen/client-preset',
351 silly Conflicting override sets   key: '@graphql-codegen/client-preset',
351 silly Conflicting override sets   keySpec: '*',
351 silly Conflicting override sets   value: '4.7.0'
351 silly Conflicting override sets } <ref *1> OverrideSet {
351 silly Conflicting override sets   parent: OverrideSet {
351 silly Conflicting override sets     parent: undefined,
351 silly Conflicting override sets     children: Map(5) {
351 silly Conflicting override sets       '@graphql-tools/url-loader' => [OverrideSet],
351 silly Conflicting override sets       '@graphql-codegen/client-preset' => [OverrideSet],
351 silly Conflicting override sets       '@graphql-codegen/typescript-operations' => [Circular *1],
351 silly Conflicting override sets       'minimatch' => [OverrideSet],
351 silly Conflicting override sets       'vite' => [OverrideSet]
351 silly Conflicting override sets     }
351 silly Conflicting override sets   },
351 silly Conflicting override sets   children: Map(0) {},
351 silly Conflicting override sets   name: '@graphql-codegen/typescript-operations',
351 silly Conflicting override sets   key: '@graphql-codegen/typescript-operations',
351 silly Conflicting override sets   keySpec: '*',
351 silly Conflicting override sets   value: '4.5.0'
351 silly Conflicting override sets }
352 silly Conflicting override sets auto-bind
353 silly Conflicting override sets <ref *1> OverrideSet {
353 silly Conflicting override sets   parent: OverrideSet {
353 silly Conflicting override sets     parent: undefined,
353 silly Conflicting override sets     children: Map(5) {
353 silly Conflicting override sets       '@graphql-tools/url-loader' => [Circular *1],
353 silly Conflicting override sets       '@graphql-codegen/client-preset' => [OverrideSet],
353 silly Conflicting override sets       '@graphql-codegen/typescript-operations' => [OverrideSet],
353 silly Conflicting override sets       'minimatch' => [OverrideSet],
353 silly Conflicting override sets       'vite' => [OverrideSet]
353 silly Conflicting override sets     }
353 silly Conflicting override sets   },
353 silly Conflicting override sets   children: Map(0) {},
353 silly Conflicting override sets   name: '@graphql-tools/url-loader',
353 silly Conflicting override sets   key: '@graphql-tools/url-loader',
353 silly Conflicting override sets   keySpec: '*',
353 silly Conflicting override sets   value: '8.0.16'
353 silly Conflicting override sets } <ref *1> OverrideSet {
353 silly Conflicting override sets   parent: OverrideSet {
353 silly Conflicting override sets     parent: undefined,
353 silly Conflicting override sets     children: Map(5) {
353 silly Conflicting override sets       '@graphql-tools/url-loader' => [OverrideSet],
353 silly Conflicting override sets       '@graphql-codegen/client-preset' => [OverrideSet],
353 silly Conflicting override sets       '@graphql-codegen/typescript-operations' => [Circular *1],
353 silly Conflicting override sets       'minimatch' => [OverrideSet],
353 silly Conflicting override sets       'vite' => [OverrideSet]
353 silly Conflicting override sets     }
353 silly Conflicting override sets   },
353 silly Conflicting override sets   children: Map(0) {},
353 silly Conflicting override sets   name: '@graphql-codegen/typescript-operations',
353 silly Conflicting override sets   key: '@graphql-codegen/typescript-operations',
353 silly Conflicting override sets   keySpec: '*',
353 silly Conflicting override sets   value: '4.5.0'
353 silly Conflicting override sets }
354 silly Conflicting override sets tslib
355 silly Conflicting override sets <ref *1> OverrideSet {
355 silly Conflicting override sets   parent: OverrideSet {
355 silly Conflicting override sets     parent: undefined,
355 silly Conflicting override sets     children: Map(5) {
355 silly Conflicting override sets       '@graphql-tools/url-loader' => [OverrideSet],
355 silly Conflicting override sets       '@graphql-codegen/client-preset' => [OverrideSet],
355 silly Conflicting override sets       '@graphql-codegen/typescript-operations' => [Circular *1],
355 silly Conflicting override sets       'minimatch' => [OverrideSet],
355 silly Conflicting override sets       'vite' => [OverrideSet]
355 silly Conflicting override sets     }
355 silly Conflicting override sets   },
355 silly Conflicting override sets   children: Map(0) {},
355 silly Conflicting override sets   name: '@graphql-codegen/typescript-operations',
355 silly Conflicting override sets   key: '@graphql-codegen/typescript-operations',
355 silly Conflicting override sets   keySpec: '*',
355 silly Conflicting override sets   value: '4.5.0'
355 silly Conflicting override sets } <ref *1> OverrideSet {
355 silly Conflicting override sets   parent: OverrideSet {
355 silly Conflicting override sets     parent: undefined,
355 silly Conflicting override sets     children: Map(5) {
355 silly Conflicting override sets       '@graphql-tools/url-loader' => [OverrideSet],
355 silly Conflicting override sets       '@graphql-codegen/client-preset' => [Circular *1],
355 silly Conflicting override sets       '@graphql-codegen/typescript-operations' => [OverrideSet],
355 silly Conflicting override sets       'minimatch' => [OverrideSet],
355 silly Conflicting override sets       'vite' => [OverrideSet]
355 silly Conflicting override sets     }
355 silly Conflicting override sets   },
355 silly Conflicting override sets   children: Map(0) {},
355 silly Conflicting override sets   name: '@graphql-codegen/client-preset',
355 silly Conflicting override sets   key: '@graphql-codegen/client-preset',
355 silly Conflicting override sets   keySpec: '*',
355 silly Conflicting override sets   value: '4.7.0'
355 silly Conflicting override sets }
356 silly Conflicting override sets <ref *1> OverrideSet {
356 silly Conflicting override sets   parent: OverrideSet {
356 silly Conflicting override sets     parent: undefined,
356 silly Conflicting override sets     children: Map(5) {
356 silly Conflicting override sets       '@graphql-tools/url-loader' => [OverrideSet],
356 silly Conflicting override sets       '@graphql-codegen/client-preset' => [Circular *1],
356 silly Conflicting override sets       '@graphql-codegen/typescript-operations' => [OverrideSet],
356 silly Conflicting override sets       'minimatch' => [OverrideSet],
356 silly Conflicting override sets       'vite' => [OverrideSet]
356 silly Conflicting override sets     }
356 silly Conflicting override sets   },
356 silly Conflicting override sets   children: Map(0) {},
356 silly Conflicting override sets   name: '@graphql-codegen/client-preset',
356 silly Conflicting override sets   key: '@graphql-codegen/client-preset',
356 silly Conflicting override sets   keySpec: '*',
356 silly Conflicting override sets   value: '4.7.0'
356 silly Conflicting override sets } <ref *1> OverrideSet {
356 silly Conflicting override sets   parent: OverrideSet {
356 silly Conflicting override sets     parent: undefined,
356 silly Conflicting override sets     children: Map(5) {
356 silly Conflicting override sets       '@graphql-tools/url-loader' => [OverrideSet],
356 silly Conflicting override sets       '@graphql-codegen/client-preset' => [OverrideSet],
356 silly Conflicting override sets       '@graphql-codegen/typescript-operations' => [Circular *1],
356 silly Conflicting override sets       'minimatch' => [OverrideSet],
356 silly Conflicting override sets       'vite' => [OverrideSet]
356 silly Conflicting override sets     }
356 silly Conflicting override sets   },
356 silly Conflicting override sets   children: Map(0) {},
356 silly Conflicting override sets   name: '@graphql-codegen/typescript-operations',
356 silly Conflicting override sets   key: '@graphql-codegen/typescript-operations',
356 silly Conflicting override sets   keySpec: '*',
356 silly Conflicting override sets   value: '4.5.0'
356 silly Conflicting override sets }
357 silly Conflicting override sets <ref *1> OverrideSet {
357 silly Conflicting override sets   parent: OverrideSet {
357 silly Conflicting override sets     parent: undefined,
357 silly Conflicting override sets     children: Map(5) {
357 silly Conflicting override sets       '@graphql-tools/url-loader' => [OverrideSet],
357 silly Conflicting override sets       '@graphql-codegen/client-preset' => [Circular *1],
357 silly Conflicting override sets       '@graphql-codegen/typescript-operations' => [OverrideSet],
357 silly Conflicting override sets       'minimatch' => [OverrideSet],
357 silly Conflicting override sets       'vite' => [OverrideSet]
357 silly Conflicting override sets     }
357 silly Conflicting override sets   },
357 silly Conflicting override sets   children: Map(0) {},
357 silly Conflicting override sets   name: '@graphql-codegen/client-preset',
357 silly Conflicting override sets   key: '@graphql-codegen/client-preset',
357 silly Conflicting override sets   keySpec: '*',
357 silly Conflicting override sets   value: '4.7.0'
357 silly Conflicting override sets } <ref *1> OverrideSet {
357 silly Conflicting override sets   parent: OverrideSet {
357 silly Conflicting override sets     parent: undefined,
357 silly Conflicting override sets     children: Map(5) {
357 silly Conflicting override sets       '@graphql-tools/url-loader' => [OverrideSet],
357 silly Conflicting override sets       '@graphql-codegen/client-preset' => [OverrideSet],
357 silly Conflicting override sets       '@graphql-codegen/typescript-operations' => [Circular *1],
357 silly Conflicting override sets       'minimatch' => [OverrideSet],
357 silly Conflicting override sets       'vite' => [OverrideSet]
357 silly Conflicting override sets     }
357 silly Conflicting override sets   },
357 silly Conflicting override sets   children: Map(0) {},
357 silly Conflicting override sets   name: '@graphql-codegen/typescript-operations',
357 silly Conflicting override sets   key: '@graphql-codegen/typescript-operations',
357 silly Conflicting override sets   keySpec: '*',
357 silly Conflicting override sets   value: '4.5.0'
357 silly Conflicting override sets }
358 silly Conflicting override sets graphql
359 silly Conflicting override sets <ref *1> OverrideSet {
359 silly Conflicting override sets   parent: OverrideSet {
359 silly Conflicting override sets     parent: undefined,
359 silly Conflicting override sets     children: Map(5) {
359 silly Conflicting override sets       '@graphql-tools/url-loader' => [OverrideSet],
359 silly Conflicting override sets       '@graphql-codegen/client-preset' => [Circular *1],
359 silly Conflicting override sets       '@graphql-codegen/typescript-operations' => [OverrideSet],
359 silly Conflicting override sets       'minimatch' => [OverrideSet],
359 silly Conflicting override sets       'vite' => [OverrideSet]
359 silly Conflicting override sets     }
359 silly Conflicting override sets   },
359 silly Conflicting override sets   children: Map(0) {},
359 silly Conflicting override sets   name: '@graphql-codegen/client-preset',
359 silly Conflicting override sets   key: '@graphql-codegen/client-preset',
359 silly Conflicting override sets   keySpec: '*',
359 silly Conflicting override sets   value: '4.7.0'
359 silly Conflicting override sets } <ref *1> OverrideSet {
359 silly Conflicting override sets   parent: OverrideSet {
359 silly Conflicting override sets     parent: undefined,
359 silly Conflicting override sets     children: Map(5) {
359 silly Conflicting override sets       '@graphql-tools/url-loader' => [OverrideSet],
359 silly Conflicting override sets       '@graphql-codegen/client-preset' => [OverrideSet],
359 silly Conflicting override sets       '@graphql-codegen/typescript-operations' => [Circular *1],
359 silly Conflicting override sets       'minimatch' => [OverrideSet],
359 silly Conflicting override sets       'vite' => [OverrideSet]
359 silly Conflicting override sets     }
359 silly Conflicting override sets   },
359 silly Conflicting override sets   children: Map(0) {},
359 silly Conflicting override sets   name: '@graphql-codegen/typescript-operations',
359 silly Conflicting override sets   key: '@graphql-codegen/typescript-operations',
359 silly Conflicting override sets   keySpec: '*',
359 silly Conflicting override sets   value: '4.5.0'
359 silly Conflicting override sets }
360 silly Conflicting override sets @graphql-codegen/plugin-helpers
361 silly Conflicting override sets <ref *1> OverrideSet {
361 silly Conflicting override sets   parent: OverrideSet {
361 silly Conflicting override sets     parent: undefined,
361 silly Conflicting override sets     children: Map(5) {
361 silly Conflicting override sets       '@graphql-tools/url-loader' => [OverrideSet],
361 silly Conflicting override sets       '@graphql-codegen/client-preset' => [Circular *1],
361 silly Conflicting override sets       '@graphql-codegen/typescript-operations' => [OverrideSet],
361 silly Conflicting override sets       'minimatch' => [OverrideSet],
361 silly Conflicting override sets       'vite' => [OverrideSet]
361 silly Conflicting override sets     }
361 silly Conflicting override sets   },
361 silly Conflicting override sets   children: Map(0) {},
361 silly Conflicting override sets   name: '@graphql-codegen/client-preset',
361 silly Conflicting override sets   key: '@graphql-codegen/client-preset',
361 silly Conflicting override sets   keySpec: '*',
361 silly Conflicting override sets   value: '4.7.0'
361 silly Conflicting override sets } <ref *1> OverrideSet {
361 silly Conflicting override sets   parent: OverrideSet {
361 silly Conflicting override sets     parent: undefined,
361 silly Conflicting override sets     children: Map(5) {
361 silly Conflicting override sets       '@graphql-tools/url-loader' => [OverrideSet],
361 silly Conflicting override sets       '@graphql-codegen/client-preset' => [OverrideSet],
361 silly Conflicting override sets       '@graphql-codegen/typescript-operations' => [Circular *1],
361 silly Conflicting override sets       'minimatch' => [OverrideSet],
361 silly Conflicting override sets       'vite' => [OverrideSet]
361 silly Conflicting override sets     }
361 silly Conflicting override sets   },
361 silly Conflicting override sets   children: Map(0) {},
361 silly Conflicting override sets   name: '@graphql-codegen/typescript-operations',
361 silly Conflicting override sets   key: '@graphql-codegen/typescript-operations',
361 silly Conflicting override sets   keySpec: '*',
361 silly Conflicting override sets   value: '4.5.0'
361 silly Conflicting override sets }
362 silly Conflicting override sets graphql
363 silly Conflicting override sets <ref *1> OverrideSet {
363 silly Conflicting override sets   parent: OverrideSet {
363 silly Conflicting override sets     parent: undefined,
363 silly Conflicting override sets     children: Map(5) {
363 silly Conflicting override sets       '@graphql-tools/url-loader' => [OverrideSet],
363 silly Conflicting override sets       '@graphql-codegen/client-preset' => [Circular *1],
363 silly Conflicting override sets       '@graphql-codegen/typescript-operations' => [OverrideSet],
363 silly Conflicting override sets       'minimatch' => [OverrideSet],
363 silly Conflicting override sets       'vite' => [OverrideSet]
363 silly Conflicting override sets     }
363 silly Conflicting override sets   },
363 silly Conflicting override sets   children: Map(0) {},
363 silly Conflicting override sets   name: '@graphql-codegen/client-preset',
363 silly Conflicting override sets   key: '@graphql-codegen/client-preset',
363 silly Conflicting override sets   keySpec: '*',
363 silly Conflicting override sets   value: '4.7.0'
363 silly Conflicting override sets } <ref *1> OverrideSet {
363 silly Conflicting override sets   parent: OverrideSet {
363 silly Conflicting override sets     parent: undefined,
363 silly Conflicting override sets     children: Map(5) {
363 silly Conflicting override sets       '@graphql-tools/url-loader' => [OverrideSet],
363 silly Conflicting override sets       '@graphql-codegen/client-preset' => [OverrideSet],
363 silly Conflicting override sets       '@graphql-codegen/typescript-operations' => [Circular *1],
363 silly Conflicting override sets       'minimatch' => [OverrideSet],
363 silly Conflicting override sets       'vite' => [OverrideSet]
363 silly Conflicting override sets     }
363 silly Conflicting override sets   },
363 silly Conflicting override sets   children: Map(0) {},
363 silly Conflicting override sets   name: '@graphql-codegen/typescript-operations',
363 silly Conflicting override sets   key: '@graphql-codegen/typescript-operations',
363 silly Conflicting override sets   keySpec: '*',
363 silly Conflicting override sets   value: '4.5.0'
363 silly Conflicting override sets }
364 silly Conflicting override sets @graphql-codegen/plugin-helpers
365 silly Conflicting override sets <ref *1> OverrideSet {
365 silly Conflicting override sets   parent: OverrideSet {
365 silly Conflicting override sets     parent: undefined,
365 silly Conflicting override sets     children: Map(5) {
365 silly Conflicting override sets       '@graphql-tools/url-loader' => [OverrideSet],
365 silly Conflicting override sets       '@graphql-codegen/client-preset' => [Circular *1],
365 silly Conflicting override sets       '@graphql-codegen/typescript-operations' => [OverrideSet],
365 silly Conflicting override sets       'minimatch' => [OverrideSet],
365 silly Conflicting override sets       'vite' => [OverrideSet]
365 silly Conflicting override sets     }
365 silly Conflicting override sets   },
365 silly Conflicting override sets   children: Map(0) {},
365 silly Conflicting override sets   name: '@graphql-codegen/client-preset',
365 silly Conflicting override sets   key: '@graphql-codegen/client-preset',
365 silly Conflicting override sets   keySpec: '*',
365 silly Conflicting override sets   value: '4.7.0'
365 silly Conflicting override sets } <ref *1> OverrideSet {
365 silly Conflicting override sets   parent: OverrideSet {
365 silly Conflicting override sets     parent: undefined,
365 silly Conflicting override sets     children: Map(5) {
365 silly Conflicting override sets       '@graphql-tools/url-loader' => [OverrideSet],
365 silly Conflicting override sets       '@graphql-codegen/client-preset' => [OverrideSet],
365 silly Conflicting override sets       '@graphql-codegen/typescript-operations' => [Circular *1],
365 silly Conflicting override sets       'minimatch' => [OverrideSet],
365 silly Conflicting override sets       'vite' => [OverrideSet]
365 silly Conflicting override sets     }
365 silly Conflicting override sets   },
365 silly Conflicting override sets   children: Map(0) {},
365 silly Conflicting override sets   name: '@graphql-codegen/typescript-operations',
365 silly Conflicting override sets   key: '@graphql-codegen/typescript-operations',
365 silly Conflicting override sets   keySpec: '*',
365 silly Conflicting override sets   value: '4.5.0'
365 silly Conflicting override sets }
366 silly Conflicting override sets @graphql-tools/utils
367 silly Conflicting override sets <ref *1> OverrideSet {
367 silly Conflicting override sets   parent: OverrideSet {
367 silly Conflicting override sets     parent: undefined,
367 silly Conflicting override sets     children: Map(5) {
367 silly Conflicting override sets       '@graphql-tools/url-loader' => [OverrideSet],
367 silly Conflicting override sets       '@graphql-codegen/client-preset' => [Circular *1],
367 silly Conflicting override sets       '@graphql-codegen/typescript-operations' => [OverrideSet],
367 silly Conflicting override sets       'minimatch' => [OverrideSet],
367 silly Conflicting override sets       'vite' => [OverrideSet]
367 silly Conflicting override sets     }
367 silly Conflicting override sets   },
367 silly Conflicting override sets   children: Map(0) {},
367 silly Conflicting override sets   name: '@graphql-codegen/client-preset',
367 silly Conflicting override sets   key: '@graphql-codegen/client-preset',
367 silly Conflicting override sets   keySpec: '*',
367 silly Conflicting override sets   value: '4.7.0'
367 silly Conflicting override sets } <ref *1> OverrideSet {
367 silly Conflicting override sets   parent: OverrideSet {
367 silly Conflicting override sets     parent: undefined,
367 silly Conflicting override sets     children: Map(5) {
367 silly Conflicting override sets       '@graphql-tools/url-loader' => [OverrideSet],
367 silly Conflicting override sets       '@graphql-codegen/client-preset' => [OverrideSet],
367 silly Conflicting override sets       '@graphql-codegen/typescript-operations' => [Circular *1],
367 silly Conflicting override sets       'minimatch' => [OverrideSet],
367 silly Conflicting override sets       'vite' => [OverrideSet]
367 silly Conflicting override sets     }
367 silly Conflicting override sets   },
367 silly Conflicting override sets   children: Map(0) {},
367 silly Conflicting override sets   name: '@graphql-codegen/typescript-operations',
367 silly Conflicting override sets   key: '@graphql-codegen/typescript-operations',
367 silly Conflicting override sets   keySpec: '*',
367 silly Conflicting override sets   value: '4.5.0'
367 silly Conflicting override sets }
368 silly Conflicting override sets graphql
369 silly Conflicting override sets <ref *1> OverrideSet {
369 silly Conflicting override sets   parent: OverrideSet {
369 silly Conflicting override sets     parent: undefined,
369 silly Conflicting override sets     children: Map(5) {
369 silly Conflicting override sets       '@graphql-tools/url-loader' => [OverrideSet],
369 silly Conflicting override sets       '@graphql-codegen/client-preset' => [Circular *1],
369 silly Conflicting override sets       '@graphql-codegen/typescript-operations' => [OverrideSet],
369 silly Conflicting override sets       'minimatch' => [OverrideSet],
369 silly Conflicting override sets       'vite' => [OverrideSet]
369 silly Conflicting override sets     }
369 silly Conflicting override sets   },
369 silly Conflicting override sets   children: Map(0) {},
369 silly Conflicting override sets   name: '@graphql-codegen/client-preset',
369 silly Conflicting override sets   key: '@graphql-codegen/client-preset',
369 silly Conflicting override sets   keySpec: '*',
369 silly Conflicting override sets   value: '4.7.0'
369 silly Conflicting override sets } <ref *1> OverrideSet {
369 silly Conflicting override sets   parent: OverrideSet {
369 silly Conflicting override sets     parent: undefined,
369 silly Conflicting override sets     children: Map(5) {
369 silly Conflicting override sets       '@graphql-tools/url-loader' => [OverrideSet],
369 silly Conflicting override sets       '@graphql-codegen/client-preset' => [OverrideSet],
369 silly Conflicting override sets       '@graphql-codegen/typescript-operations' => [Circular *1],
369 silly Conflicting override sets       'minimatch' => [OverrideSet],
369 silly Conflicting override sets       'vite' => [OverrideSet]
369 silly Conflicting override sets     }
369 silly Conflicting override sets   },
369 silly Conflicting override sets   children: Map(0) {},
369 silly Conflicting override sets   name: '@graphql-codegen/typescript-operations',
369 silly Conflicting override sets   key: '@graphql-codegen/typescript-operations',
369 silly Conflicting override sets   keySpec: '*',
369 silly Conflicting override sets   value: '4.5.0'
369 silly Conflicting override sets }
370 silly Conflicting override sets @graphql-tools/optimize
371 silly Conflicting override sets <ref *1> OverrideSet {
371 silly Conflicting override sets   parent: OverrideSet {
371 silly Conflicting override sets     parent: undefined,
371 silly Conflicting override sets     children: Map(5) {
371 silly Conflicting override sets       '@graphql-tools/url-loader' => [OverrideSet],
371 silly Conflicting override sets       '@graphql-codegen/client-preset' => [Circular *1],
371 silly Conflicting override sets       '@graphql-codegen/typescript-operations' => [OverrideSet],
371 silly Conflicting override sets       'minimatch' => [OverrideSet],
371 silly Conflicting override sets       'vite' => [OverrideSet]
371 silly Conflicting override sets     }
371 silly Conflicting override sets   },
371 silly Conflicting override sets   children: Map(0) {},
371 silly Conflicting override sets   name: '@graphql-codegen/client-preset',
371 silly Conflicting override sets   key: '@graphql-codegen/client-preset',
371 silly Conflicting override sets   keySpec: '*',
371 silly Conflicting override sets   value: '4.7.0'
371 silly Conflicting override sets } <ref *1> OverrideSet {
371 silly Conflicting override sets   parent: OverrideSet {
371 silly Conflicting override sets     parent: undefined,
371 silly Conflicting override sets     children: Map(5) {
371 silly Conflicting override sets       '@graphql-tools/url-loader' => [OverrideSet],
371 silly Conflicting override sets       '@graphql-codegen/client-preset' => [OverrideSet],
371 silly Conflicting override sets       '@graphql-codegen/typescript-operations' => [Circular *1],
371 silly Conflicting override sets       'minimatch' => [OverrideSet],
371 silly Conflicting override sets       'vite' => [OverrideSet]
371 silly Conflicting override sets     }
371 silly Conflicting override sets   },
371 silly Conflicting override sets   children: Map(0) {},
371 silly Conflicting override sets   name: '@graphql-codegen/typescript-operations',
371 silly Conflicting override sets   key: '@graphql-codegen/typescript-operations',
371 silly Conflicting override sets   keySpec: '*',
371 silly Conflicting override sets   value: '4.5.0'
371 silly Conflicting override sets }
372 silly Conflicting override sets @graphql-codegen/plugin-helpers
373 silly Conflicting override sets <ref *1> OverrideSet {
373 silly Conflicting override sets   parent: OverrideSet {
373 silly Conflicting override sets     parent: undefined,
373 silly Conflicting override sets     children: Map(5) {
373 silly Conflicting override sets       '@graphql-tools/url-loader' => [OverrideSet],
373 silly Conflicting override sets       '@graphql-codegen/client-preset' => [Circular *1],
373 silly Conflicting override sets       '@graphql-codegen/typescript-operations' => [OverrideSet],
373 silly Conflicting override sets       'minimatch' => [OverrideSet],
373 silly Conflicting override sets       'vite' => [OverrideSet]
373 silly Conflicting override sets     }
373 silly Conflicting override sets   },
373 silly Conflicting override sets   children: Map(0) {},
373 silly Conflicting override sets   name: '@graphql-codegen/client-preset',
373 silly Conflicting override sets   key: '@graphql-codegen/client-preset',
373 silly Conflicting override sets   keySpec: '*',
373 silly Conflicting override sets   value: '4.7.0'
373 silly Conflicting override sets } <ref *1> OverrideSet {
373 silly Conflicting override sets   parent: OverrideSet {
373 silly Conflicting override sets     parent: undefined,
373 silly Conflicting override sets     children: Map(5) {
373 silly Conflicting override sets       '@graphql-tools/url-loader' => [OverrideSet],
373 silly Conflicting override sets       '@graphql-codegen/client-preset' => [OverrideSet],
373 silly Conflicting override sets       '@graphql-codegen/typescript-operations' => [Circular *1],
373 silly Conflicting override sets       'minimatch' => [OverrideSet],
373 silly Conflicting override sets       'vite' => [OverrideSet]
373 silly Conflicting override sets     }
373 silly Conflicting override sets   },
373 silly Conflicting override sets   children: Map(0) {},
373 silly Conflicting override sets   name: '@graphql-codegen/typescript-operations',
373 silly Conflicting override sets   key: '@graphql-codegen/typescript-operations',
373 silly Conflicting override sets   keySpec: '*',
373 silly Conflicting override sets   value: '4.5.0'
373 silly Conflicting override sets }
374 silly Conflicting override sets @graphql-tools/relay-operation-optimizer
375 silly Conflicting override sets <ref *1> OverrideSet {
375 silly Conflicting override sets   parent: OverrideSet {
375 silly Conflicting override sets     parent: undefined,
375 silly Conflicting override sets     children: Map(5) {
375 silly Conflicting override sets       '@graphql-tools/url-loader' => [OverrideSet],
375 silly Conflicting override sets       '@graphql-codegen/client-preset' => [Circular *1],
375 silly Conflicting override sets       '@graphql-codegen/typescript-operations' => [OverrideSet],
375 silly Conflicting override sets       'minimatch' => [OverrideSet],
375 silly Conflicting override sets       'vite' => [OverrideSet]
375 silly Conflicting override sets     }
375 silly Conflicting override sets   },
375 silly Conflicting override sets   children: Map(0) {},
375 silly Conflicting override sets   name: '@graphql-codegen/client-preset',
375 silly Conflicting override sets   key: '@graphql-codegen/client-preset',
375 silly Conflicting override sets   keySpec: '*',
375 silly Conflicting override sets   value: '4.7.0'
375 silly Conflicting override sets } <ref *1> OverrideSet {
375 silly Conflicting override sets   parent: OverrideSet {
375 silly Conflicting override sets     parent: undefined,
375 silly Conflicting override sets     children: Map(5) {
375 silly Conflicting override sets       '@graphql-tools/url-loader' => [OverrideSet],
375 silly Conflicting override sets       '@graphql-codegen/client-preset' => [OverrideSet],
375 silly Conflicting override sets       '@graphql-codegen/typescript-operations' => [Circular *1],
375 silly Conflicting override sets       'minimatch' => [OverrideSet],
375 silly Conflicting override sets       'vite' => [OverrideSet]
375 silly Conflicting override sets     }
375 silly Conflicting override sets   },
375 silly Conflicting override sets   children: Map(0) {},
375 silly Conflicting override sets   name: '@graphql-codegen/typescript-operations',
375 silly Conflicting override sets   key: '@graphql-codegen/typescript-operations',
375 silly Conflicting override sets   keySpec: '*',
375 silly Conflicting override sets   value: '4.5.0'
375 silly Conflicting override sets }
376 silly Conflicting override sets @graphql-tools/utils
377 silly Conflicting override sets <ref *1> OverrideSet {
377 silly Conflicting override sets   parent: OverrideSet {
377 silly Conflicting override sets     parent: undefined,
377 silly Conflicting override sets     children: Map(5) {
377 silly Conflicting override sets       '@graphql-tools/url-loader' => [OverrideSet],
377 silly Conflicting override sets       '@graphql-codegen/client-preset' => [Circular *1],
377 silly Conflicting override sets       '@graphql-codegen/typescript-operations' => [OverrideSet],
377 silly Conflicting override sets       'minimatch' => [OverrideSet],
377 silly Conflicting override sets       'vite' => [OverrideSet]
377 silly Conflicting override sets     }
377 silly Conflicting override sets   },
377 silly Conflicting override sets   children: Map(0) {},
377 silly Conflicting override sets   name: '@graphql-codegen/client-preset',
377 silly Conflicting override sets   key: '@graphql-codegen/client-preset',
377 silly Conflicting override sets   keySpec: '*',
377 silly Conflicting override sets   value: '4.7.0'
377 silly Conflicting override sets } <ref *1> OverrideSet {
377 silly Conflicting override sets   parent: OverrideSet {
377 silly Conflicting override sets     parent: undefined,
377 silly Conflicting override sets     children: Map(5) {
377 silly Conflicting override sets       '@graphql-tools/url-loader' => [OverrideSet],
377 silly Conflicting override sets       '@graphql-codegen/client-preset' => [OverrideSet],
377 silly Conflicting override sets       '@graphql-codegen/typescript-operations' => [Circular *1],
377 silly Conflicting override sets       'minimatch' => [OverrideSet],
377 silly Conflicting override sets       'vite' => [OverrideSet]
377 silly Conflicting override sets     }
377 silly Conflicting override sets   },
377 silly Conflicting override sets   children: Map(0) {},
377 silly Conflicting override sets   name: '@graphql-codegen/typescript-operations',
377 silly Conflicting override sets   key: '@graphql-codegen/typescript-operations',
377 silly Conflicting override sets   keySpec: '*',
377 silly Conflicting override sets   value: '4.5.0'
377 silly Conflicting override sets }
378 silly Conflicting override sets auto-bind
379 silly Conflicting override sets <ref *1> OverrideSet {
379 silly Conflicting override sets   parent: OverrideSet {
379 silly Conflicting override sets     parent: undefined,
379 silly Conflicting override sets     children: Map(5) {
379 silly Conflicting override sets       '@graphql-tools/url-loader' => [OverrideSet],
379 silly Conflicting override sets       '@graphql-codegen/client-preset' => [Circular *1],
379 silly Conflicting override sets       '@graphql-codegen/typescript-operations' => [OverrideSet],
379 silly Conflicting override sets       'minimatch' => [OverrideSet],
379 silly Conflicting override sets       'vite' => [OverrideSet]
379 silly Conflicting override sets     }
379 silly Conflicting override sets   },
379 silly Conflicting override sets   children: Map(0) {},
379 silly Conflicting override sets   name: '@graphql-codegen/client-preset',
379 silly Conflicting override sets   key: '@graphql-codegen/client-preset',
379 silly Conflicting override sets   keySpec: '*',
379 silly Conflicting override sets   value: '4.7.0'
379 silly Conflicting override sets } <ref *1> OverrideSet {
379 silly Conflicting override sets   parent: OverrideSet {
379 silly Conflicting override sets     parent: undefined,
379 silly Conflicting override sets     children: Map(5) {
379 silly Conflicting override sets       '@graphql-tools/url-loader' => [OverrideSet],
379 silly Conflicting override sets       '@graphql-codegen/client-preset' => [OverrideSet],
379 silly Conflicting override sets       '@graphql-codegen/typescript-operations' => [Circular *1],
379 silly Conflicting override sets       'minimatch' => [OverrideSet],
379 silly Conflicting override sets       'vite' => [OverrideSet]
379 silly Conflicting override sets     }
379 silly Conflicting override sets   },
379 silly Conflicting override sets   children: Map(0) {},
379 silly Conflicting override sets   name: '@graphql-codegen/typescript-operations',
379 silly Conflicting override sets   key: '@graphql-codegen/typescript-operations',
379 silly Conflicting override sets   keySpec: '*',
379 silly Conflicting override sets   value: '4.5.0'
379 silly Conflicting override sets }
380 silly Conflicting override sets dependency-graph
381 silly Conflicting override sets <ref *1> OverrideSet {
381 silly Conflicting override sets   parent: OverrideSet {
381 silly Conflicting override sets     parent: undefined,
381 silly Conflicting override sets     children: Map(5) {
381 silly Conflicting override sets       '@graphql-tools/url-loader' => [OverrideSet],
381 silly Conflicting override sets       '@graphql-codegen/client-preset' => [Circular *1],
381 silly Conflicting override sets       '@graphql-codegen/typescript-operations' => [OverrideSet],
381 silly Conflicting override sets       'minimatch' => [OverrideSet],
381 silly Conflicting override sets       'vite' => [OverrideSet]
381 silly Conflicting override sets     }
381 silly Conflicting override sets   },
381 silly Conflicting override sets   children: Map(0) {},
381 silly Conflicting override sets   name: '@graphql-codegen/client-preset',
381 silly Conflicting override sets   key: '@graphql-codegen/client-preset',
381 silly Conflicting override sets   keySpec: '*',
381 silly Conflicting override sets   value: '4.7.0'
381 silly Conflicting override sets } <ref *1> OverrideSet {
381 silly Conflicting override sets   parent: OverrideSet {
381 silly Conflicting override sets     parent: undefined,
381 silly Conflicting override sets     children: Map(5) {
381 silly Conflicting override sets       '@graphql-tools/url-loader' => [OverrideSet],
381 silly Conflicting override sets       '@graphql-codegen/client-preset' => [OverrideSet],
381 silly Conflicting override sets       '@graphql-codegen/typescript-operations' => [Circular *1],
381 silly Conflicting override sets       'minimatch' => [OverrideSet],
381 silly Conflicting override sets       'vite' => [OverrideSet]
381 silly Conflicting override sets     }
381 silly Conflicting override sets   },
381 silly Conflicting override sets   children: Map(0) {},
381 silly Conflicting override sets   name: '@graphql-codegen/typescript-operations',
381 silly Conflicting override sets   key: '@graphql-codegen/typescript-operations',
381 silly Conflicting override sets   keySpec: '*',
381 silly Conflicting override sets   value: '4.5.0'
381 silly Conflicting override sets }
382 silly Conflicting override sets graphql-tag
383 silly Conflicting override sets <ref *1> OverrideSet {
383 silly Conflicting override sets   parent: OverrideSet {
383 silly Conflicting override sets     parent: undefined,
383 silly Conflicting override sets     children: Map(5) {
383 silly Conflicting override sets       '@graphql-tools/url-loader' => [OverrideSet],
383 silly Conflicting override sets       '@graphql-codegen/client-preset' => [Circular *1],
383 silly Conflicting override sets       '@graphql-codegen/typescript-operations' => [OverrideSet],
383 silly Conflicting override sets       'minimatch' => [OverrideSet],
383 silly Conflicting override sets       'vite' => [OverrideSet]
383 silly Conflicting override sets     }
383 silly Conflicting override sets   },
383 silly Conflicting override sets   children: Map(0) {},
383 silly Conflicting override sets   name: '@graphql-codegen/client-preset',
383 silly Conflicting override sets   key: '@graphql-codegen/client-preset',
383 silly Conflicting override sets   keySpec: '*',
383 silly Conflicting override sets   value: '4.7.0'
383 silly Conflicting override sets } <ref *1> OverrideSet {
383 silly Conflicting override sets   parent: OverrideSet {
383 silly Conflicting override sets     parent: undefined,
383 silly Conflicting override sets     children: Map(5) {
383 silly Conflicting override sets       '@graphql-tools/url-loader' => [OverrideSet],
383 silly Conflicting override sets       '@graphql-codegen/client-preset' => [OverrideSet],
383 silly Conflicting override sets       '@graphql-codegen/typescript-operations' => [Circular *1],
383 silly Conflicting override sets       'minimatch' => [OverrideSet],
383 silly Conflicting override sets       'vite' => [OverrideSet]
383 silly Conflicting override sets     }
383 silly Conflicting override sets   },
383 silly Conflicting override sets   children: Map(0) {},
383 silly Conflicting override sets   name: '@graphql-codegen/typescript-operations',
383 silly Conflicting override sets   key: '@graphql-codegen/typescript-operations',
383 silly Conflicting override sets   keySpec: '*',
383 silly Conflicting override sets   value: '4.5.0'
383 silly Conflicting override sets }
384 silly Conflicting override sets parse-filepath
385 silly Conflicting override sets <ref *1> OverrideSet {
385 silly Conflicting override sets   parent: OverrideSet {
385 silly Conflicting override sets     parent: undefined,
385 silly Conflicting override sets     children: Map(5) {
385 silly Conflicting override sets       '@graphql-tools/url-loader' => [OverrideSet],
385 silly Conflicting override sets       '@graphql-codegen/client-preset' => [Circular *1],
385 silly Conflicting override sets       '@graphql-codegen/typescript-operations' => [OverrideSet],
385 silly Conflicting override sets       'minimatch' => [OverrideSet],
385 silly Conflicting override sets       'vite' => [OverrideSet]
385 silly Conflicting override sets     }
385 silly Conflicting override sets   },
385 silly Conflicting override sets   children: Map(0) {},
385 silly Conflicting override sets   name: '@graphql-codegen/client-preset',
385 silly Conflicting override sets   key: '@graphql-codegen/client-preset',
385 silly Conflicting override sets   keySpec: '*',
385 silly Conflicting override sets   value: '4.7.0'
385 silly Conflicting override sets } <ref *1> OverrideSet {
385 silly Conflicting override sets   parent: OverrideSet {
385 silly Conflicting override sets     parent: undefined,
385 silly Conflicting override sets     children: Map(5) {
385 silly Conflicting override sets       '@graphql-tools/url-loader' => [OverrideSet],
385 silly Conflicting override sets       '@graphql-codegen/client-preset' => [OverrideSet],
385 silly Conflicting override sets       '@graphql-codegen/typescript-operations' => [Circular *1],
385 silly Conflicting override sets       'minimatch' => [OverrideSet],
385 silly Conflicting override sets       'vite' => [OverrideSet]
385 silly Conflicting override sets     }
385 silly Conflicting override sets   },
385 silly Conflicting override sets   children: Map(0) {},
385 silly Conflicting override sets   name: '@graphql-codegen/typescript-operations',
385 silly Conflicting override sets   key: '@graphql-codegen/typescript-operations',
385 silly Conflicting override sets   keySpec: '*',
385 silly Conflicting override sets   value: '4.5.0'
385 silly Conflicting override sets }
386 silly Conflicting override sets change-case-all
387 silly Conflicting override sets <ref *1> OverrideSet {
387 silly Conflicting override sets   parent: OverrideSet {
387 silly Conflicting override sets     parent: undefined,
387 silly Conflicting override sets     children: Map(5) {
387 silly Conflicting override sets       '@graphql-tools/url-loader' => [OverrideSet],
387 silly Conflicting override sets       '@graphql-codegen/client-preset' => [Circular *1],
387 silly Conflicting override sets       '@graphql-codegen/typescript-operations' => [OverrideSet],
387 silly Conflicting override sets       'minimatch' => [OverrideSet],
387 silly Conflicting override sets       'vite' => [OverrideSet]
387 silly Conflicting override sets     }
387 silly Conflicting override sets   },
387 silly Conflicting override sets   children: Map(0) {},
387 silly Conflicting override sets   name: '@graphql-codegen/client-preset',
387 silly Conflicting override sets   key: '@graphql-codegen/client-preset',
387 silly Conflicting override sets   keySpec: '*',
387 silly Conflicting override sets   value: '4.7.0'
387 silly Conflicting override sets } <ref *1> OverrideSet {
387 silly Conflicting override sets   parent: OverrideSet {
387 silly Conflicting override sets     parent: undefined,
387 silly Conflicting override sets     children: Map(5) {
387 silly Conflicting override sets       '@graphql-tools/url-loader' => [OverrideSet],
387 silly Conflicting override sets       '@graphql-codegen/client-preset' => [OverrideSet],
387 silly Conflicting override sets       '@graphql-codegen/typescript-operations' => [Circular *1],
387 silly Conflicting override sets       'minimatch' => [OverrideSet],
387 silly Conflicting override sets       'vite' => [OverrideSet]
387 silly Conflicting override sets     }
387 silly Conflicting override sets   },
387 silly Conflicting override sets   children: Map(0) {},
387 silly Conflicting override sets   name: '@graphql-codegen/typescript-operations',
387 silly Conflicting override sets   key: '@graphql-codegen/typescript-operations',
387 silly Conflicting override sets   keySpec: '*',
387 silly Conflicting override sets   value: '4.5.0'
387 silly Conflicting override sets }
388 silly Conflicting override sets tslib
389 silly Conflicting override sets <ref *1> OverrideSet {
389 silly Conflicting override sets   parent: OverrideSet {
389 silly Conflicting override sets     parent: undefined,
389 silly Conflicting override sets     children: Map(5) {
389 silly Conflicting override sets       '@graphql-tools/url-loader' => [OverrideSet],
389 silly Conflicting override sets       '@graphql-codegen/client-preset' => [Circular *1],
389 silly Conflicting override sets       '@graphql-codegen/typescript-operations' => [OverrideSet],
389 silly Conflicting override sets       'minimatch' => [OverrideSet],
389 silly Conflicting override sets       'vite' => [OverrideSet]
389 silly Conflicting override sets     }
389 silly Conflicting override sets   },
389 silly Conflicting override sets   children: Map(0) {},
389 silly Conflicting override sets   name: '@graphql-codegen/client-preset',
389 silly Conflicting override sets   key: '@graphql-codegen/client-preset',
389 silly Conflicting override sets   keySpec: '*',
389 silly Conflicting override sets   value: '4.7.0'
389 silly Conflicting override sets } <ref *1> OverrideSet {
389 silly Conflicting override sets   parent: OverrideSet {
389 silly Conflicting override sets     parent: undefined,
389 silly Conflicting override sets     children: Map(5) {
389 silly Conflicting override sets       '@graphql-tools/url-loader' => [OverrideSet],
389 silly Conflicting override sets       '@graphql-codegen/client-preset' => [OverrideSet],
389 silly Conflicting override sets       '@graphql-codegen/typescript-operations' => [Circular *1],
389 silly Conflicting override sets       'minimatch' => [OverrideSet],
389 silly Conflicting override sets       'vite' => [OverrideSet]
389 silly Conflicting override sets     }
389 silly Conflicting override sets   },
389 silly Conflicting override sets   children: Map(0) {},
389 silly Conflicting override sets   name: '@graphql-codegen/typescript-operations',
389 silly Conflicting override sets   key: '@graphql-codegen/typescript-operations',
389 silly Conflicting override sets   keySpec: '*',
389 silly Conflicting override sets   value: '4.5.0'
389 silly Conflicting override sets }
390 silly Conflicting override sets auto-bind
391 silly Conflicting override sets <ref *1> OverrideSet {
391 silly Conflicting override sets   parent: OverrideSet {
391 silly Conflicting override sets     parent: undefined,
391 silly Conflicting override sets     children: Map(5) {
391 silly Conflicting override sets       '@graphql-tools/url-loader' => [OverrideSet],
391 silly Conflicting override sets       '@graphql-codegen/client-preset' => [OverrideSet],
391 silly Conflicting override sets       '@graphql-codegen/typescript-operations' => [Circular *1],
391 silly Conflicting override sets       'minimatch' => [OverrideSet],
391 silly Conflicting override sets       'vite' => [OverrideSet]
391 silly Conflicting override sets     }
391 silly Conflicting override sets   },
391 silly Conflicting override sets   children: Map(0) {},
391 silly Conflicting override sets   name: '@graphql-codegen/typescript-operations',
391 silly Conflicting override sets   key: '@graphql-codegen/typescript-operations',
391 silly Conflicting override sets   keySpec: '*',
391 silly Conflicting override sets   value: '4.5.0'
391 silly Conflicting override sets } <ref *1> OverrideSet {
391 silly Conflicting override sets   parent: OverrideSet {
391 silly Conflicting override sets     parent: undefined,
391 silly Conflicting override sets     children: Map(5) {
391 silly Conflicting override sets       '@graphql-tools/url-loader' => [OverrideSet],
391 silly Conflicting override sets       '@graphql-codegen/client-preset' => [Circular *1],
391 silly Conflicting override sets       '@graphql-codegen/typescript-operations' => [OverrideSet],
391 silly Conflicting override sets       'minimatch' => [OverrideSet],
391 silly Conflicting override sets       'vite' => [OverrideSet]
391 silly Conflicting override sets     }
391 silly Conflicting override sets   },
391 silly Conflicting override sets   children: Map(0) {},
391 silly Conflicting override sets   name: '@graphql-codegen/client-preset',
391 silly Conflicting override sets   key: '@graphql-codegen/client-preset',
391 silly Conflicting override sets   keySpec: '*',
391 silly Conflicting override sets   value: '4.7.0'
391 silly Conflicting override sets }
392 silly Conflicting override sets <ref *1> OverrideSet {
392 silly Conflicting override sets   parent: OverrideSet {
392 silly Conflicting override sets     parent: undefined,
392 silly Conflicting override sets     children: Map(5) {
392 silly Conflicting override sets       '@graphql-tools/url-loader' => [OverrideSet],
392 silly Conflicting override sets       '@graphql-codegen/client-preset' => [Circular *1],
392 silly Conflicting override sets       '@graphql-codegen/typescript-operations' => [OverrideSet],
392 silly Conflicting override sets       'minimatch' => [OverrideSet],
392 silly Conflicting override sets       'vite' => [OverrideSet]
392 silly Conflicting override sets     }
392 silly Conflicting override sets   },
392 silly Conflicting override sets   children: Map(0) {},
392 silly Conflicting override sets   name: '@graphql-codegen/client-preset',
392 silly Conflicting override sets   key: '@graphql-codegen/client-preset',
392 silly Conflicting override sets   keySpec: '*',
392 silly Conflicting override sets   value: '4.7.0'
392 silly Conflicting override sets } <ref *1> OverrideSet {
392 silly Conflicting override sets   parent: OverrideSet {
392 silly Conflicting override sets     parent: undefined,
392 silly Conflicting override sets     children: Map(5) {
392 silly Conflicting override sets       '@graphql-tools/url-loader' => [OverrideSet],
392 silly Conflicting override sets       '@graphql-codegen/client-preset' => [OverrideSet],
392 silly Conflicting override sets       '@graphql-codegen/typescript-operations' => [Circular *1],
392 silly Conflicting override sets       'minimatch' => [OverrideSet],
392 silly Conflicting override sets       'vite' => [OverrideSet]
392 silly Conflicting override sets     }
392 silly Conflicting override sets   },
392 silly Conflicting override sets   children: Map(0) {},
392 silly Conflicting override sets   name: '@graphql-codegen/typescript-operations',
392 silly Conflicting override sets   key: '@graphql-codegen/typescript-operations',
392 silly Conflicting override sets   keySpec: '*',
392 silly Conflicting override sets   value: '4.5.0'
392 silly Conflicting override sets }
393 silly Conflicting override sets graphql
394 silly Conflicting override sets <ref *1> OverrideSet {
394 silly Conflicting override sets   parent: OverrideSet {
394 silly Conflicting override sets     parent: undefined,
394 silly Conflicting override sets     children: Map(5) {
394 silly Conflicting override sets       '@graphql-tools/url-loader' => [OverrideSet],
394 silly Conflicting override sets       '@graphql-codegen/client-preset' => [Circular *1],
394 silly Conflicting override sets       '@graphql-codegen/typescript-operations' => [OverrideSet],
394 silly Conflicting override sets       'minimatch' => [OverrideSet],
394 silly Conflicting override sets       'vite' => [OverrideSet]
394 silly Conflicting override sets     }
394 silly Conflicting override sets   },
394 silly Conflicting override sets   children: Map(0) {},
394 silly Conflicting override sets   name: '@graphql-codegen/client-preset',
394 silly Conflicting override sets   key: '@graphql-codegen/client-preset',
394 silly Conflicting override sets   keySpec: '*',
394 silly Conflicting override sets   value: '4.7.0'
394 silly Conflicting override sets } <ref *1> OverrideSet {
394 silly Conflicting override sets   parent: OverrideSet {
394 silly Conflicting override sets     parent: undefined,
394 silly Conflicting override sets     children: Map(5) {
394 silly Conflicting override sets       '@graphql-tools/url-loader' => [OverrideSet],
394 silly Conflicting override sets       '@graphql-codegen/client-preset' => [OverrideSet],
394 silly Conflicting override sets       '@graphql-codegen/typescript-operations' => [Circular *1],
394 silly Conflicting override sets       'minimatch' => [OverrideSet],
394 silly Conflicting override sets       'vite' => [OverrideSet]
394 silly Conflicting override sets     }
394 silly Conflicting override sets   },
394 silly Conflicting override sets   children: Map(0) {},
394 silly Conflicting override sets   name: '@graphql-codegen/typescript-operations',
394 silly Conflicting override sets   key: '@graphql-codegen/typescript-operations',
394 silly Conflicting override sets   keySpec: '*',
394 silly Conflicting override sets   value: '4.5.0'
394 silly Conflicting override sets }
395 silly Conflicting override sets @graphql-tools/optimize
396 silly Conflicting override sets <ref *1> OverrideSet {
396 silly Conflicting override sets   parent: OverrideSet {
396 silly Conflicting override sets     parent: undefined,
396 silly Conflicting override sets     children: Map(5) {
396 silly Conflicting override sets       '@graphql-tools/url-loader' => [OverrideSet],
396 silly Conflicting override sets       '@graphql-codegen/client-preset' => [Circular *1],
396 silly Conflicting override sets       '@graphql-codegen/typescript-operations' => [OverrideSet],
396 silly Conflicting override sets       'minimatch' => [OverrideSet],
396 silly Conflicting override sets       'vite' => [OverrideSet]
396 silly Conflicting override sets     }
396 silly Conflicting override sets   },
396 silly Conflicting override sets   children: Map(0) {},
396 silly Conflicting override sets   name: '@graphql-codegen/client-preset',
396 silly Conflicting override sets   key: '@graphql-codegen/client-preset',
396 silly Conflicting override sets   keySpec: '*',
396 silly Conflicting override sets   value: '4.7.0'
396 silly Conflicting override sets } <ref *1> OverrideSet {
396 silly Conflicting override sets   parent: OverrideSet {
396 silly Conflicting override sets     parent: undefined,
396 silly Conflicting override sets     children: Map(5) {
396 silly Conflicting override sets       '@graphql-tools/url-loader' => [OverrideSet],
396 silly Conflicting override sets       '@graphql-codegen/client-preset' => [OverrideSet],
396 silly Conflicting override sets       '@graphql-codegen/typescript-operations' => [Circular *1],
396 silly Conflicting override sets       'minimatch' => [OverrideSet],
396 silly Conflicting override sets       'vite' => [OverrideSet]
396 silly Conflicting override sets     }
396 silly Conflicting override sets   },
396 silly Conflicting override sets   children: Map(0) {},
396 silly Conflicting override sets   name: '@graphql-codegen/typescript-operations',
396 silly Conflicting override sets   key: '@graphql-codegen/typescript-operations',
396 silly Conflicting override sets   keySpec: '*',
396 silly Conflicting override sets   value: '4.5.0'
396 silly Conflicting override sets }
397 silly Conflicting override sets @graphql-codegen/plugin-helpers
398 silly Conflicting override sets <ref *1> OverrideSet {
398 silly Conflicting override sets   parent: OverrideSet {
398 silly Conflicting override sets     parent: undefined,
398 silly Conflicting override sets     children: Map(5) {
398 silly Conflicting override sets       '@graphql-tools/url-loader' => [OverrideSet],
398 silly Conflicting override sets       '@graphql-codegen/client-preset' => [Circular *1],
398 silly Conflicting override sets       '@graphql-codegen/typescript-operations' => [OverrideSet],
398 silly Conflicting override sets       'minimatch' => [OverrideSet],
398 silly Conflicting override sets       'vite' => [OverrideSet]
398 silly Conflicting override sets     }
398 silly Conflicting override sets   },
398 silly Conflicting override sets   children: Map(0) {},
398 silly Conflicting override sets   name: '@graphql-codegen/client-preset',
398 silly Conflicting override sets   key: '@graphql-codegen/client-preset',
398 silly Conflicting override sets   keySpec: '*',
398 silly Conflicting override sets   value: '4.7.0'
398 silly Conflicting override sets } <ref *1> OverrideSet {
398 silly Conflicting override sets   parent: OverrideSet {
398 silly Conflicting override sets     parent: undefined,
398 silly Conflicting override sets     children: Map(5) {
398 silly Conflicting override sets       '@graphql-tools/url-loader' => [OverrideSet],
398 silly Conflicting override sets       '@graphql-codegen/client-preset' => [OverrideSet],
398 silly Conflicting override sets       '@graphql-codegen/typescript-operations' => [Circular *1],
398 silly Conflicting override sets       'minimatch' => [OverrideSet],
398 silly Conflicting override sets       'vite' => [OverrideSet]
398 silly Conflicting override sets     }
398 silly Conflicting override sets   },
398 silly Conflicting override sets   children: Map(0) {},
398 silly Conflicting override sets   name: '@graphql-codegen/typescript-operations',
398 silly Conflicting override sets   key: '@graphql-codegen/typescript-operations',
398 silly Conflicting override sets   keySpec: '*',
398 silly Conflicting override sets   value: '4.5.0'
398 silly Conflicting override sets }
399 silly Conflicting override sets @graphql-tools/relay-operation-optimizer
400 silly Conflicting override sets <ref *1> OverrideSet {
400 silly Conflicting override sets   parent: OverrideSet {
400 silly Conflicting override sets     parent: undefined,
400 silly Conflicting override sets     children: Map(5) {
400 silly Conflicting override sets       '@graphql-tools/url-loader' => [OverrideSet],
400 silly Conflicting override sets       '@graphql-codegen/client-preset' => [Circular *1],
400 silly Conflicting override sets       '@graphql-codegen/typescript-operations' => [OverrideSet],
400 silly Conflicting override sets       'minimatch' => [OverrideSet],
400 silly Conflicting override sets       'vite' => [OverrideSet]
400 silly Conflicting override sets     }
400 silly Conflicting override sets   },
400 silly Conflicting override sets   children: Map(0) {},
400 silly Conflicting override sets   name: '@graphql-codegen/client-preset',
400 silly Conflicting override sets   key: '@graphql-codegen/client-preset',
400 silly Conflicting override sets   keySpec: '*',
400 silly Conflicting override sets   value: '4.7.0'
400 silly Conflicting override sets } <ref *1> OverrideSet {
400 silly Conflicting override sets   parent: OverrideSet {
400 silly Conflicting override sets     parent: undefined,
400 silly Conflicting override sets     children: Map(5) {
400 silly Conflicting override sets       '@graphql-tools/url-loader' => [OverrideSet],
400 silly Conflicting override sets       '@graphql-codegen/client-preset' => [OverrideSet],
400 silly Conflicting override sets       '@graphql-codegen/typescript-operations' => [Circular *1],
400 silly Conflicting override sets       'minimatch' => [OverrideSet],
400 silly Conflicting override sets       'vite' => [OverrideSet]
400 silly Conflicting override sets     }
400 silly Conflicting override sets   },
400 silly Conflicting override sets   children: Map(0) {},
400 silly Conflicting override sets   name: '@graphql-codegen/typescript-operations',
400 silly Conflicting override sets   key: '@graphql-codegen/typescript-operations',
400 silly Conflicting override sets   keySpec: '*',
400 silly Conflicting override sets   value: '4.5.0'
400 silly Conflicting override sets }
401 silly Conflicting override sets @graphql-tools/utils
402 silly Conflicting override sets <ref *1> OverrideSet {
402 silly Conflicting override sets   parent: OverrideSet {
402 silly Conflicting override sets     parent: undefined,
402 silly Conflicting override sets     children: Map(5) {
402 silly Conflicting override sets       '@graphql-tools/url-loader' => [OverrideSet],
402 silly Conflicting override sets       '@graphql-codegen/client-preset' => [Circular *1],
402 silly Conflicting override sets       '@graphql-codegen/typescript-operations' => [OverrideSet],
402 silly Conflicting override sets       'minimatch' => [OverrideSet],
402 silly Conflicting override sets       'vite' => [OverrideSet]
402 silly Conflicting override sets     }
402 silly Conflicting override sets   },
402 silly Conflicting override sets   children: Map(0) {},
402 silly Conflicting override sets   name: '@graphql-codegen/client-preset',
402 silly Conflicting override sets   key: '@graphql-codegen/client-preset',
402 silly Conflicting override sets   keySpec: '*',
402 silly Conflicting override sets   value: '4.7.0'
402 silly Conflicting override sets } <ref *1> OverrideSet {
402 silly Conflicting override sets   parent: OverrideSet {
402 silly Conflicting override sets     parent: undefined,
402 silly Conflicting override sets     children: Map(5) {
402 silly Conflicting override sets       '@graphql-tools/url-loader' => [OverrideSet],
402 silly Conflicting override sets       '@graphql-codegen/client-preset' => [OverrideSet],
402 silly Conflicting override sets       '@graphql-codegen/typescript-operations' => [Circular *1],
402 silly Conflicting override sets       'minimatch' => [OverrideSet],
402 silly Conflicting override sets       'vite' => [OverrideSet]
402 silly Conflicting override sets     }
402 silly Conflicting override sets   },
402 silly Conflicting override sets   children: Map(0) {},
402 silly Conflicting override sets   name: '@graphql-codegen/typescript-operations',
402 silly Conflicting override sets   key: '@graphql-codegen/typescript-operations',
402 silly Conflicting override sets   keySpec: '*',
402 silly Conflicting override sets   value: '4.5.0'
402 silly Conflicting override sets }
403 silly Conflicting override sets auto-bind
404 silly Conflicting override sets <ref *1> OverrideSet {
404 silly Conflicting override sets   parent: OverrideSet {
404 silly Conflicting override sets     parent: undefined,
404 silly Conflicting override sets     children: Map(5) {
404 silly Conflicting override sets       '@graphql-tools/url-loader' => [OverrideSet],
404 silly Conflicting override sets       '@graphql-codegen/client-preset' => [Circular *1],
404 silly Conflicting override sets       '@graphql-codegen/typescript-operations' => [OverrideSet],
404 silly Conflicting override sets       'minimatch' => [OverrideSet],
404 silly Conflicting override sets       'vite' => [OverrideSet]
404 silly Conflicting override sets     }
404 silly Conflicting override sets   },
404 silly Conflicting override sets   children: Map(0) {},
404 silly Conflicting override sets   name: '@graphql-codegen/client-preset',
404 silly Conflicting override sets   key: '@graphql-codegen/client-preset',
404 silly Conflicting override sets   keySpec: '*',
404 silly Conflicting override sets   value: '4.7.0'
404 silly Conflicting override sets } <ref *1> OverrideSet {
404 silly Conflicting override sets   parent: OverrideSet {
404 silly Conflicting override sets     parent: undefined,
404 silly Conflicting override sets     children: Map(5) {
404 silly Conflicting override sets       '@graphql-tools/url-loader' => [OverrideSet],
404 silly Conflicting override sets       '@graphql-codegen/client-preset' => [OverrideSet],
404 silly Conflicting override sets       '@graphql-codegen/typescript-operations' => [Circular *1],
404 silly Conflicting override sets       'minimatch' => [OverrideSet],
404 silly Conflicting override sets       'vite' => [OverrideSet]
404 silly Conflicting override sets     }
404 silly Conflicting override sets   },
404 silly Conflicting override sets   children: Map(0) {},
404 silly Conflicting override sets   name: '@graphql-codegen/typescript-operations',
404 silly Conflicting override sets   key: '@graphql-codegen/typescript-operations',
404 silly Conflicting override sets   keySpec: '*',
404 silly Conflicting override sets   value: '4.5.0'
404 silly Conflicting override sets }
405 silly Conflicting override sets dependency-graph
406 silly Conflicting override sets <ref *1> OverrideSet {
406 silly Conflicting override sets   parent: OverrideSet {
406 silly Conflicting override sets     parent: undefined,
406 silly Conflicting override sets     children: Map(5) {
406 silly Conflicting override sets       '@graphql-tools/url-loader' => [OverrideSet],
406 silly Conflicting override sets       '@graphql-codegen/client-preset' => [Circular *1],
406 silly Conflicting override sets       '@graphql-codegen/typescript-operations' => [OverrideSet],
406 silly Conflicting override sets       'minimatch' => [OverrideSet],
406 silly Conflicting override sets       'vite' => [OverrideSet]
406 silly Conflicting override sets     }
406 silly Conflicting override sets   },
406 silly Conflicting override sets   children: Map(0) {},
406 silly Conflicting override sets   name: '@graphql-codegen/client-preset',
406 silly Conflicting override sets   key: '@graphql-codegen/client-preset',
406 silly Conflicting override sets   keySpec: '*',
406 silly Conflicting override sets   value: '4.7.0'
406 silly Conflicting override sets } <ref *1> OverrideSet {
406 silly Conflicting override sets   parent: OverrideSet {
406 silly Conflicting override sets     parent: undefined,
406 silly Conflicting override sets     children: Map(5) {
406 silly Conflicting override sets       '@graphql-tools/url-loader' => [OverrideSet],
406 silly Conflicting override sets       '@graphql-codegen/client-preset' => [OverrideSet],
406 silly Conflicting override sets       '@graphql-codegen/typescript-operations' => [Circular *1],
406 silly Conflicting override sets       'minimatch' => [OverrideSet],
406 silly Conflicting override sets       'vite' => [OverrideSet]
406 silly Conflicting override sets     }
406 silly Conflicting override sets   },
406 silly Conflicting override sets   children: Map(0) {},
406 silly Conflicting override sets   name: '@graphql-codegen/typescript-operations',
406 silly Conflicting override sets   key: '@graphql-codegen/typescript-operations',
406 silly Conflicting override sets   keySpec: '*',
406 silly Conflicting override sets   value: '4.5.0'
406 silly Conflicting override sets }
407 silly Conflicting override sets graphql-tag
408 silly Conflicting override sets <ref *1> OverrideSet {
408 silly Conflicting override sets   parent: OverrideSet {
408 silly Conflicting override sets     parent: undefined,
408 silly Conflicting override sets     children: Map(5) {
408 silly Conflicting override sets       '@graphql-tools/url-loader' => [OverrideSet],
408 silly Conflicting override sets       '@graphql-codegen/client-preset' => [Circular *1],
408 silly Conflicting override sets       '@graphql-codegen/typescript-operations' => [OverrideSet],
408 silly Conflicting override sets       'minimatch' => [OverrideSet],
408 silly Conflicting override sets       'vite' => [OverrideSet]
408 silly Conflicting override sets     }
408 silly Conflicting override sets   },
408 silly Conflicting override sets   children: Map(0) {},
408 silly Conflicting override sets   name: '@graphql-codegen/client-preset',
408 silly Conflicting override sets   key: '@graphql-codegen/client-preset',
408 silly Conflicting override sets   keySpec: '*',
408 silly Conflicting override sets   value: '4.7.0'
408 silly Conflicting override sets } <ref *1> OverrideSet {
408 silly Conflicting override sets   parent: OverrideSet {
408 silly Conflicting override sets     parent: undefined,
408 silly Conflicting override sets     children: Map(5) {
408 silly Conflicting override sets       '@graphql-tools/url-loader' => [OverrideSet],
408 silly Conflicting override sets       '@graphql-codegen/client-preset' => [OverrideSet],
408 silly Conflicting override sets       '@graphql-codegen/typescript-operations' => [Circular *1],
408 silly Conflicting override sets       'minimatch' => [OverrideSet],
408 silly Conflicting override sets       'vite' => [OverrideSet]
408 silly Conflicting override sets     }
408 silly Conflicting override sets   },
408 silly Conflicting override sets   children: Map(0) {},
408 silly Conflicting override sets   name: '@graphql-codegen/typescript-operations',
408 silly Conflicting override sets   key: '@graphql-codegen/typescript-operations',
408 silly Conflicting override sets   keySpec: '*',
408 silly Conflicting override sets   value: '4.5.0'
408 silly Conflicting override sets }
409 silly Conflicting override sets parse-filepath
410 silly Conflicting override sets <ref *1> OverrideSet {
410 silly Conflicting override sets   parent: OverrideSet {
410 silly Conflicting override sets     parent: undefined,
410 silly Conflicting override sets     children: Map(5) {
410 silly Conflicting override sets       '@graphql-tools/url-loader' => [OverrideSet],
410 silly Conflicting override sets       '@graphql-codegen/client-preset' => [Circular *1],
410 silly Conflicting override sets       '@graphql-codegen/typescript-operations' => [OverrideSet],
410 silly Conflicting override sets       'minimatch' => [OverrideSet],
410 silly Conflicting override sets       'vite' => [OverrideSet]
410 silly Conflicting override sets     }
410 silly Conflicting override sets   },
410 silly Conflicting override sets   children: Map(0) {},
410 silly Conflicting override sets   name: '@graphql-codegen/client-preset',
410 silly Conflicting override sets   key: '@graphql-codegen/client-preset',
410 silly Conflicting override sets   keySpec: '*',
410 silly Conflicting override sets   value: '4.7.0'
410 silly Conflicting override sets } <ref *1> OverrideSet {
410 silly Conflicting override sets   parent: OverrideSet {
410 silly Conflicting override sets     parent: undefined,
410 silly Conflicting override sets     children: Map(5) {
410 silly Conflicting override sets       '@graphql-tools/url-loader' => [OverrideSet],
410 silly Conflicting override sets       '@graphql-codegen/client-preset' => [OverrideSet],
410 silly Conflicting override sets       '@graphql-codegen/typescript-operations' => [Circular *1],
410 silly Conflicting override sets       'minimatch' => [OverrideSet],
410 silly Conflicting override sets       'vite' => [OverrideSet]
410 silly Conflicting override sets     }
410 silly Conflicting override sets   },
410 silly Conflicting override sets   children: Map(0) {},
410 silly Conflicting override sets   name: '@graphql-codegen/typescript-operations',
410 silly Conflicting override sets   key: '@graphql-codegen/typescript-operations',
410 silly Conflicting override sets   keySpec: '*',
410 silly Conflicting override sets   value: '4.5.0'
410 silly Conflicting override sets }
411 silly Conflicting override sets change-case-all
412 silly Conflicting override sets <ref *1> OverrideSet {
412 silly Conflicting override sets   parent: OverrideSet {
412 silly Conflicting override sets     parent: undefined,
412 silly Conflicting override sets     children: Map(5) {
412 silly Conflicting override sets       '@graphql-tools/url-loader' => [OverrideSet],
412 silly Conflicting override sets       '@graphql-codegen/client-preset' => [Circular *1],
412 silly Conflicting override sets       '@graphql-codegen/typescript-operations' => [OverrideSet],
412 silly Conflicting override sets       'minimatch' => [OverrideSet],
412 silly Conflicting override sets       'vite' => [OverrideSet]
412 silly Conflicting override sets     }
412 silly Conflicting override sets   },
412 silly Conflicting override sets   children: Map(0) {},
412 silly Conflicting override sets   name: '@graphql-codegen/client-preset',
412 silly Conflicting override sets   key: '@graphql-codegen/client-preset',
412 silly Conflicting override sets   keySpec: '*',
412 silly Conflicting override sets   value: '4.7.0'
412 silly Conflicting override sets } <ref *1> OverrideSet {
412 silly Conflicting override sets   parent: OverrideSet {
412 silly Conflicting override sets     parent: undefined,
412 silly Conflicting override sets     children: Map(5) {
412 silly Conflicting override sets       '@graphql-tools/url-loader' => [Circular *1],
412 silly Conflicting override sets       '@graphql-codegen/client-preset' => [OverrideSet],
412 silly Conflicting override sets       '@graphql-codegen/typescript-operations' => [OverrideSet],
412 silly Conflicting override sets       'minimatch' => [OverrideSet],
412 silly Conflicting override sets       'vite' => [OverrideSet]
412 silly Conflicting override sets     }
412 silly Conflicting override sets   },
412 silly Conflicting override sets   children: Map(0) {},
412 silly Conflicting override sets   name: '@graphql-tools/url-loader',
412 silly Conflicting override sets   key: '@graphql-tools/url-loader',
412 silly Conflicting override sets   keySpec: '*',
412 silly Conflicting override sets   value: '8.0.16'
412 silly Conflicting override sets }
413 silly Conflicting override sets graphql
414 silly Conflicting override sets <ref *1> OverrideSet {
414 silly Conflicting override sets   parent: OverrideSet {
414 silly Conflicting override sets     parent: undefined,
414 silly Conflicting override sets     children: Map(5) {
414 silly Conflicting override sets       '@graphql-tools/url-loader' => [OverrideSet],
414 silly Conflicting override sets       '@graphql-codegen/client-preset' => [Circular *1],
414 silly Conflicting override sets       '@graphql-codegen/typescript-operations' => [OverrideSet],
414 silly Conflicting override sets       'minimatch' => [OverrideSet],
414 silly Conflicting override sets       'vite' => [OverrideSet]
414 silly Conflicting override sets     }
414 silly Conflicting override sets   },
414 silly Conflicting override sets   children: Map(0) {},
414 silly Conflicting override sets   name: '@graphql-codegen/client-preset',
414 silly Conflicting override sets   key: '@graphql-codegen/client-preset',
414 silly Conflicting override sets   keySpec: '*',
414 silly Conflicting override sets   value: '4.7.0'
414 silly Conflicting override sets } <ref *1> OverrideSet {
414 silly Conflicting override sets   parent: OverrideSet {
414 silly Conflicting override sets     parent: undefined,
414 silly Conflicting override sets     children: Map(5) {
414 silly Conflicting override sets       '@graphql-tools/url-loader' => [Circular *1],
414 silly Conflicting override sets       '@graphql-codegen/client-preset' => [OverrideSet],
414 silly Conflicting override sets       '@graphql-codegen/typescript-operations' => [OverrideSet],
414 silly Conflicting override sets       'minimatch' => [OverrideSet],
414 silly Conflicting override sets       'vite' => [OverrideSet]
414 silly Conflicting override sets     }
414 silly Conflicting override sets   },
414 silly Conflicting override sets   children: Map(0) {},
414 silly Conflicting override sets   name: '@graphql-tools/url-loader',
414 silly Conflicting override sets   key: '@graphql-tools/url-loader',
414 silly Conflicting override sets   keySpec: '*',
414 silly Conflicting override sets   value: '8.0.16'
414 silly Conflicting override sets }
415 silly Conflicting override sets @graphql-typed-document-node/core
416 silly Conflicting override sets <ref *1> OverrideSet {
416 silly Conflicting override sets   parent: OverrideSet {
416 silly Conflicting override sets     parent: undefined,
416 silly Conflicting override sets     children: Map(5) {
416 silly Conflicting override sets       '@graphql-tools/url-loader' => [OverrideSet],
416 silly Conflicting override sets       '@graphql-codegen/client-preset' => [Circular *1],
416 silly Conflicting override sets       '@graphql-codegen/typescript-operations' => [OverrideSet],
416 silly Conflicting override sets       'minimatch' => [OverrideSet],
416 silly Conflicting override sets       'vite' => [OverrideSet]
416 silly Conflicting override sets     }
416 silly Conflicting override sets   },
416 silly Conflicting override sets   children: Map(0) {},
416 silly Conflicting override sets   name: '@graphql-codegen/client-preset',
416 silly Conflicting override sets   key: '@graphql-codegen/client-preset',
416 silly Conflicting override sets   keySpec: '*',
416 silly Conflicting override sets   value: '4.7.0'
416 silly Conflicting override sets } <ref *1> OverrideSet {
416 silly Conflicting override sets   parent: OverrideSet {
416 silly Conflicting override sets     parent: undefined,
416 silly Conflicting override sets     children: Map(5) {
416 silly Conflicting override sets       '@graphql-tools/url-loader' => [Circular *1],
416 silly Conflicting override sets       '@graphql-codegen/client-preset' => [OverrideSet],
416 silly Conflicting override sets       '@graphql-codegen/typescript-operations' => [OverrideSet],
416 silly Conflicting override sets       'minimatch' => [OverrideSet],
416 silly Conflicting override sets       'vite' => [OverrideSet]
416 silly Conflicting override sets     }
416 silly Conflicting override sets   },
416 silly Conflicting override sets   children: Map(0) {},
416 silly Conflicting override sets   name: '@graphql-tools/url-loader',
416 silly Conflicting override sets   key: '@graphql-tools/url-loader',
416 silly Conflicting override sets   keySpec: '*',
416 silly Conflicting override sets   value: '8.0.16'
416 silly Conflicting override sets }
417 silly Conflicting override sets cross-inspect
418 silly Conflicting override sets <ref *1> OverrideSet {
418 silly Conflicting override sets   parent: OverrideSet {
418 silly Conflicting override sets     parent: undefined,
418 silly Conflicting override sets     children: Map(5) {
418 silly Conflicting override sets       '@graphql-tools/url-loader' => [OverrideSet],
418 silly Conflicting override sets       '@graphql-codegen/client-preset' => [Circular *1],
418 silly Conflicting override sets       '@graphql-codegen/typescript-operations' => [OverrideSet],
418 silly Conflicting override sets       'minimatch' => [OverrideSet],
418 silly Conflicting override sets       'vite' => [OverrideSet]
418 silly Conflicting override sets     }
418 silly Conflicting override sets   },
418 silly Conflicting override sets   children: Map(0) {},
418 silly Conflicting override sets   name: '@graphql-codegen/client-preset',
418 silly Conflicting override sets   key: '@graphql-codegen/client-preset',
418 silly Conflicting override sets   keySpec: '*',
418 silly Conflicting override sets   value: '4.7.0'
418 silly Conflicting override sets } <ref *1> OverrideSet {
418 silly Conflicting override sets   parent: OverrideSet {
418 silly Conflicting override sets     parent: undefined,
418 silly Conflicting override sets     children: Map(5) {
418 silly Conflicting override sets       '@graphql-tools/url-loader' => [Circular *1],
418 silly Conflicting override sets       '@graphql-codegen/client-preset' => [OverrideSet],
418 silly Conflicting override sets       '@graphql-codegen/typescript-operations' => [OverrideSet],
418 silly Conflicting override sets       'minimatch' => [OverrideSet],
418 silly Conflicting override sets       'vite' => [OverrideSet]
418 silly Conflicting override sets     }
418 silly Conflicting override sets   },
418 silly Conflicting override sets   children: Map(0) {},
418 silly Conflicting override sets   name: '@graphql-tools/url-loader',
418 silly Conflicting override sets   key: '@graphql-tools/url-loader',
418 silly Conflicting override sets   keySpec: '*',
418 silly Conflicting override sets   value: '8.0.16'
418 silly Conflicting override sets }
419 silly Conflicting override sets graphql
420 silly Conflicting override sets <ref *1> OverrideSet {
420 silly Conflicting override sets   parent: OverrideSet {
420 silly Conflicting override sets     parent: undefined,
420 silly Conflicting override sets     children: Map(5) {
420 silly Conflicting override sets       '@graphql-tools/url-loader' => [OverrideSet],
420 silly Conflicting override sets       '@graphql-codegen/client-preset' => [Circular *1],
420 silly Conflicting override sets       '@graphql-codegen/typescript-operations' => [OverrideSet],
420 silly Conflicting override sets       'minimatch' => [OverrideSet],
420 silly Conflicting override sets       'vite' => [OverrideSet]
420 silly Conflicting override sets     }
420 silly Conflicting override sets   },
420 silly Conflicting override sets   children: Map(0) {},
420 silly Conflicting override sets   name: '@graphql-codegen/client-preset',
420 silly Conflicting override sets   key: '@graphql-codegen/client-preset',
420 silly Conflicting override sets   keySpec: '*',
420 silly Conflicting override sets   value: '4.7.0'
420 silly Conflicting override sets } <ref *1> OverrideSet {
420 silly Conflicting override sets   parent: OverrideSet {
420 silly Conflicting override sets     parent: undefined,
420 silly Conflicting override sets     children: Map(5) {
420 silly Conflicting override sets       '@graphql-tools/url-loader' => [Circular *1],
420 silly Conflicting override sets       '@graphql-codegen/client-preset' => [OverrideSet],
420 silly Conflicting override sets       '@graphql-codegen/typescript-operations' => [OverrideSet],
420 silly Conflicting override sets       'minimatch' => [OverrideSet],
420 silly Conflicting override sets       'vite' => [OverrideSet]
420 silly Conflicting override sets     }
420 silly Conflicting override sets   },
420 silly Conflicting override sets   children: Map(0) {},
420 silly Conflicting override sets   name: '@graphql-tools/url-loader',
420 silly Conflicting override sets   key: '@graphql-tools/url-loader',
420 silly Conflicting override sets   keySpec: '*',
420 silly Conflicting override sets   value: '8.0.16'
420 silly Conflicting override sets }
421 silly Conflicting override sets @graphql-typed-document-node/core
422 silly Conflicting override sets <ref *1> OverrideSet {
422 silly Conflicting override sets   parent: OverrideSet {
422 silly Conflicting override sets     parent: undefined,
422 silly Conflicting override sets     children: Map(5) {
422 silly Conflicting override sets       '@graphql-tools/url-loader' => [OverrideSet],
422 silly Conflicting override sets       '@graphql-codegen/client-preset' => [Circular *1],
422 silly Conflicting override sets       '@graphql-codegen/typescript-operations' => [OverrideSet],
422 silly Conflicting override sets       'minimatch' => [OverrideSet],
422 silly Conflicting override sets       'vite' => [OverrideSet]
422 silly Conflicting override sets     }
422 silly Conflicting override sets   },
422 silly Conflicting override sets   children: Map(0) {},
422 silly Conflicting override sets   name: '@graphql-codegen/client-preset',
422 silly Conflicting override sets   key: '@graphql-codegen/client-preset',
422 silly Conflicting override sets   keySpec: '*',
422 silly Conflicting override sets   value: '4.7.0'
422 silly Conflicting override sets } <ref *1> OverrideSet {
422 silly Conflicting override sets   parent: OverrideSet {
422 silly Conflicting override sets     parent: undefined,
422 silly Conflicting override sets     children: Map(5) {
422 silly Conflicting override sets       '@graphql-tools/url-loader' => [Circular *1],
422 silly Conflicting override sets       '@graphql-codegen/client-preset' => [OverrideSet],
422 silly Conflicting override sets       '@graphql-codegen/typescript-operations' => [OverrideSet],
422 silly Conflicting override sets       'minimatch' => [OverrideSet],
422 silly Conflicting override sets       'vite' => [OverrideSet]
422 silly Conflicting override sets     }
422 silly Conflicting override sets   },
422 silly Conflicting override sets   children: Map(0) {},
422 silly Conflicting override sets   name: '@graphql-tools/url-loader',
422 silly Conflicting override sets   key: '@graphql-tools/url-loader',
422 silly Conflicting override sets   keySpec: '*',
422 silly Conflicting override sets   value: '8.0.16'
422 silly Conflicting override sets }
423 silly Conflicting override sets cross-inspect
424 silly Conflicting override sets <ref *1> OverrideSet {
424 silly Conflicting override sets   parent: OverrideSet {
424 silly Conflicting override sets     parent: undefined,
424 silly Conflicting override sets     children: Map(5) {
424 silly Conflicting override sets       '@graphql-tools/url-loader' => [OverrideSet],
424 silly Conflicting override sets       '@graphql-codegen/client-preset' => [Circular *1],
424 silly Conflicting override sets       '@graphql-codegen/typescript-operations' => [OverrideSet],
424 silly Conflicting override sets       'minimatch' => [OverrideSet],
424 silly Conflicting override sets       'vite' => [OverrideSet]
424 silly Conflicting override sets     }
424 silly Conflicting override sets   },
424 silly Conflicting override sets   children: Map(0) {},
424 silly Conflicting override sets   name: '@graphql-codegen/client-preset',
424 silly Conflicting override sets   key: '@graphql-codegen/client-preset',
424 silly Conflicting override sets   keySpec: '*',
424 silly Conflicting override sets   value: '4.7.0'
424 silly Conflicting override sets } <ref *1> OverrideSet {
424 silly Conflicting override sets   parent: OverrideSet {
424 silly Conflicting override sets     parent: undefined,
424 silly Conflicting override sets     children: Map(5) {
424 silly Conflicting override sets       '@graphql-tools/url-loader' => [Circular *1],
424 silly Conflicting override sets       '@graphql-codegen/client-preset' => [OverrideSet],
424 silly Conflicting override sets       '@graphql-codegen/typescript-operations' => [OverrideSet],
424 silly Conflicting override sets       'minimatch' => [OverrideSet],
424 silly Conflicting override sets       'vite' => [OverrideSet]
424 silly Conflicting override sets     }
424 silly Conflicting override sets   },
424 silly Conflicting override sets   children: Map(0) {},
424 silly Conflicting override sets   name: '@graphql-tools/url-loader',
424 silly Conflicting override sets   key: '@graphql-tools/url-loader',
424 silly Conflicting override sets   keySpec: '*',
424 silly Conflicting override sets   value: '8.0.16'
424 silly Conflicting override sets }
425 silly Conflicting override sets graphql
426 silly Conflicting override sets <ref *1> OverrideSet {
426 silly Conflicting override sets   parent: OverrideSet {
426 silly Conflicting override sets     parent: undefined,
426 silly Conflicting override sets     children: Map(5) {
426 silly Conflicting override sets       '@graphql-tools/url-loader' => [OverrideSet],
426 silly Conflicting override sets       '@graphql-codegen/client-preset' => [Circular *1],
426 silly Conflicting override sets       '@graphql-codegen/typescript-operations' => [OverrideSet],
426 silly Conflicting override sets       'minimatch' => [OverrideSet],
426 silly Conflicting override sets       'vite' => [OverrideSet]
426 silly Conflicting override sets     }
426 silly Conflicting override sets   },
426 silly Conflicting override sets   children: Map(0) {},
426 silly Conflicting override sets   name: '@graphql-codegen/client-preset',
426 silly Conflicting override sets   key: '@graphql-codegen/client-preset',
426 silly Conflicting override sets   keySpec: '*',
426 silly Conflicting override sets   value: '4.7.0'
426 silly Conflicting override sets } <ref *1> OverrideSet {
426 silly Conflicting override sets   parent: OverrideSet {
426 silly Conflicting override sets     parent: undefined,
426 silly Conflicting override sets     children: Map(5) {
426 silly Conflicting override sets       '@graphql-tools/url-loader' => [Circular *1],
426 silly Conflicting override sets       '@graphql-codegen/client-preset' => [OverrideSet],
426 silly Conflicting override sets       '@graphql-codegen/typescript-operations' => [OverrideSet],
426 silly Conflicting override sets       'minimatch' => [OverrideSet],
426 silly Conflicting override sets       'vite' => [OverrideSet]
426 silly Conflicting override sets     }
426 silly Conflicting override sets   },
426 silly Conflicting override sets   children: Map(0) {},
426 silly Conflicting override sets   name: '@graphql-tools/url-loader',
426 silly Conflicting override sets   key: '@graphql-tools/url-loader',
426 silly Conflicting override sets   keySpec: '*',
426 silly Conflicting override sets   value: '8.0.16'
426 silly Conflicting override sets }
427 silly Conflicting override sets @graphql-typed-document-node/core
428 silly Conflicting override sets <ref *1> OverrideSet {
428 silly Conflicting override sets   parent: OverrideSet {
428 silly Conflicting override sets     parent: undefined,
428 silly Conflicting override sets     children: Map(5) {
428 silly Conflicting override sets       '@graphql-tools/url-loader' => [OverrideSet],
428 silly Conflicting override sets       '@graphql-codegen/client-preset' => [Circular *1],
428 silly Conflicting override sets       '@graphql-codegen/typescript-operations' => [OverrideSet],
428 silly Conflicting override sets       'minimatch' => [OverrideSet],
428 silly Conflicting override sets       'vite' => [OverrideSet]
428 silly Conflicting override sets     }
428 silly Conflicting override sets   },
428 silly Conflicting override sets   children: Map(0) {},
428 silly Conflicting override sets   name: '@graphql-codegen/client-preset',
428 silly Conflicting override sets   key: '@graphql-codegen/client-preset',
428 silly Conflicting override sets   keySpec: '*',
428 silly Conflicting override sets   value: '4.7.0'
428 silly Conflicting override sets } <ref *1> OverrideSet {
428 silly Conflicting override sets   parent: OverrideSet {
428 silly Conflicting override sets     parent: undefined,
428 silly Conflicting override sets     children: Map(5) {
428 silly Conflicting override sets       '@graphql-tools/url-loader' => [Circular *1],
428 silly Conflicting override sets       '@graphql-codegen/client-preset' => [OverrideSet],
428 silly Conflicting override sets       '@graphql-codegen/typescript-operations' => [OverrideSet],
428 silly Conflicting override sets       'minimatch' => [OverrideSet],
428 silly Conflicting override sets       'vite' => [OverrideSet]
428 silly Conflicting override sets     }
428 silly Conflicting override sets   },
428 silly Conflicting override sets   children: Map(0) {},
428 silly Conflicting override sets   name: '@graphql-tools/url-loader',
428 silly Conflicting override sets   key: '@graphql-tools/url-loader',
428 silly Conflicting override sets   keySpec: '*',
428 silly Conflicting override sets   value: '8.0.16'
428 silly Conflicting override sets }
429 silly Conflicting override sets cross-inspect
430 silly Conflicting override sets <ref *1> OverrideSet {
430 silly Conflicting override sets   parent: OverrideSet {
430 silly Conflicting override sets     parent: undefined,
430 silly Conflicting override sets     children: Map(5) {
430 silly Conflicting override sets       '@graphql-tools/url-loader' => [OverrideSet],
430 silly Conflicting override sets       '@graphql-codegen/client-preset' => [OverrideSet],
430 silly Conflicting override sets       '@graphql-codegen/typescript-operations' => [Circular *1],
430 silly Conflicting override sets       'minimatch' => [OverrideSet],
430 silly Conflicting override sets       'vite' => [OverrideSet]
430 silly Conflicting override sets     }
430 silly Conflicting override sets   },
430 silly Conflicting override sets   children: Map(0) {},
430 silly Conflicting override sets   name: '@graphql-codegen/typescript-operations',
430 silly Conflicting override sets   key: '@graphql-codegen/typescript-operations',
430 silly Conflicting override sets   keySpec: '*',
430 silly Conflicting override sets   value: '4.5.0'
430 silly Conflicting override sets } <ref *1> OverrideSet {
430 silly Conflicting override sets   parent: OverrideSet {
430 silly Conflicting override sets     parent: undefined,
430 silly Conflicting override sets     children: Map(5) {
430 silly Conflicting override sets       '@graphql-tools/url-loader' => [OverrideSet],
430 silly Conflicting override sets       '@graphql-codegen/client-preset' => [Circular *1],
430 silly Conflicting override sets       '@graphql-codegen/typescript-operations' => [OverrideSet],
430 silly Conflicting override sets       'minimatch' => [OverrideSet],
430 silly Conflicting override sets       'vite' => [OverrideSet]
430 silly Conflicting override sets     }
430 silly Conflicting override sets   },
430 silly Conflicting override sets   children: Map(0) {},
430 silly Conflicting override sets   name: '@graphql-codegen/client-preset',
430 silly Conflicting override sets   key: '@graphql-codegen/client-preset',
430 silly Conflicting override sets   keySpec: '*',
430 silly Conflicting override sets   value: '4.7.0'
430 silly Conflicting override sets }
431 silly Conflicting override sets <ref *1> OverrideSet {
431 silly Conflicting override sets   parent: OverrideSet {
431 silly Conflicting override sets     parent: undefined,
431 silly Conflicting override sets     children: Map(5) {
431 silly Conflicting override sets       '@graphql-tools/url-loader' => [OverrideSet],
431 silly Conflicting override sets       '@graphql-codegen/client-preset' => [Circular *1],
431 silly Conflicting override sets       '@graphql-codegen/typescript-operations' => [OverrideSet],
431 silly Conflicting override sets       'minimatch' => [OverrideSet],
431 silly Conflicting override sets       'vite' => [OverrideSet]
431 silly Conflicting override sets     }
431 silly Conflicting override sets   },
431 silly Conflicting override sets   children: Map(0) {},
431 silly Conflicting override sets   name: '@graphql-codegen/client-preset',
431 silly Conflicting override sets   key: '@graphql-codegen/client-preset',
431 silly Conflicting override sets   keySpec: '*',
431 silly Conflicting override sets   value: '4.7.0'
431 silly Conflicting override sets } <ref *1> OverrideSet {
431 silly Conflicting override sets   parent: OverrideSet {
431 silly Conflicting override sets     parent: undefined,
431 silly Conflicting override sets     children: Map(5) {
431 silly Conflicting override sets       '@graphql-tools/url-loader' => [Circular *1],
431 silly Conflicting override sets       '@graphql-codegen/client-preset' => [OverrideSet],
431 silly Conflicting override sets       '@graphql-codegen/typescript-operations' => [OverrideSet],
431 silly Conflicting override sets       'minimatch' => [OverrideSet],
431 silly Conflicting override sets       'vite' => [OverrideSet]
431 silly Conflicting override sets     }
431 silly Conflicting override sets   },
431 silly Conflicting override sets   children: Map(0) {},
431 silly Conflicting override sets   name: '@graphql-tools/url-loader',
431 silly Conflicting override sets   key: '@graphql-tools/url-loader',
431 silly Conflicting override sets   keySpec: '*',
431 silly Conflicting override sets   value: '8.0.16'
431 silly Conflicting override sets }
432 silly Conflicting override sets <ref *1> OverrideSet {
432 silly Conflicting override sets   parent: OverrideSet {
432 silly Conflicting override sets     parent: undefined,
432 silly Conflicting override sets     children: Map(5) {
432 silly Conflicting override sets       '@graphql-tools/url-loader' => [OverrideSet],
432 silly Conflicting override sets       '@graphql-codegen/client-preset' => [OverrideSet],
432 silly Conflicting override sets       '@graphql-codegen/typescript-operations' => [Circular *1],
432 silly Conflicting override sets       'minimatch' => [OverrideSet],
432 silly Conflicting override sets       'vite' => [OverrideSet]
432 silly Conflicting override sets     }
432 silly Conflicting override sets   },
432 silly Conflicting override sets   children: Map(0) {},
432 silly Conflicting override sets   name: '@graphql-codegen/typescript-operations',
432 silly Conflicting override sets   key: '@graphql-codegen/typescript-operations',
432 silly Conflicting override sets   keySpec: '*',
432 silly Conflicting override sets   value: '4.5.0'
432 silly Conflicting override sets } <ref *1> OverrideSet {
432 silly Conflicting override sets   parent: OverrideSet {
432 silly Conflicting override sets     parent: undefined,
432 silly Conflicting override sets     children: Map(5) {
432 silly Conflicting override sets       '@graphql-tools/url-loader' => [OverrideSet],
432 silly Conflicting override sets       '@graphql-codegen/client-preset' => [Circular *1],
432 silly Conflicting override sets       '@graphql-codegen/typescript-operations' => [OverrideSet],
432 silly Conflicting override sets       'minimatch' => [OverrideSet],
432 silly Conflicting override sets       'vite' => [OverrideSet]
432 silly Conflicting override sets     }
432 silly Conflicting override sets   },
432 silly Conflicting override sets   children: Map(0) {},
432 silly Conflicting override sets   name: '@graphql-codegen/client-preset',
432 silly Conflicting override sets   key: '@graphql-codegen/client-preset',
432 silly Conflicting override sets   keySpec: '*',
432 silly Conflicting override sets   value: '4.7.0'
432 silly Conflicting override sets }
433 silly Conflicting override sets <ref *1> OverrideSet {
433 silly Conflicting override sets   parent: OverrideSet {
433 silly Conflicting override sets     parent: undefined,
433 silly Conflicting override sets     children: Map(5) {
433 silly Conflicting override sets       '@graphql-tools/url-loader' => [OverrideSet],
433 silly Conflicting override sets       '@graphql-codegen/client-preset' => [Circular *1],
433 silly Conflicting override sets       '@graphql-codegen/typescript-operations' => [OverrideSet],
433 silly Conflicting override sets       'minimatch' => [OverrideSet],
433 silly Conflicting override sets       'vite' => [OverrideSet]
433 silly Conflicting override sets     }
433 silly Conflicting override sets   },
433 silly Conflicting override sets   children: Map(0) {},
433 silly Conflicting override sets   name: '@graphql-codegen/client-preset',
433 silly Conflicting override sets   key: '@graphql-codegen/client-preset',
433 silly Conflicting override sets   keySpec: '*',
433 silly Conflicting override sets   value: '4.7.0'
433 silly Conflicting override sets } <ref *1> OverrideSet {
433 silly Conflicting override sets   parent: OverrideSet {
433 silly Conflicting override sets     parent: undefined,
433 silly Conflicting override sets     children: Map(5) {
433 silly Conflicting override sets       '@graphql-tools/url-loader' => [OverrideSet],
433 silly Conflicting override sets       '@graphql-codegen/client-preset' => [OverrideSet],
433 silly Conflicting override sets       '@graphql-codegen/typescript-operations' => [Circular *1],
433 silly Conflicting override sets       'minimatch' => [OverrideSet],
433 silly Conflicting override sets       'vite' => [OverrideSet]
433 silly Conflicting override sets     }
433 silly Conflicting override sets   },
433 silly Conflicting override sets   children: Map(0) {},
433 silly Conflicting override sets   name: '@graphql-codegen/typescript-operations',
433 silly Conflicting override sets   key: '@graphql-codegen/typescript-operations',
433 silly Conflicting override sets   keySpec: '*',
433 silly Conflicting override sets   value: '4.5.0'
433 silly Conflicting override sets }
434 silly Conflicting override sets graphql
435 silly Conflicting override sets <ref *1> OverrideSet {
435 silly Conflicting override sets   parent: OverrideSet {
435 silly Conflicting override sets     parent: undefined,
435 silly Conflicting override sets     children: Map(5) {
435 silly Conflicting override sets       '@graphql-tools/url-loader' => [OverrideSet],
435 silly Conflicting override sets       '@graphql-codegen/client-preset' => [Circular *1],
435 silly Conflicting override sets       '@graphql-codegen/typescript-operations' => [OverrideSet],
435 silly Conflicting override sets       'minimatch' => [OverrideSet],
435 silly Conflicting override sets       'vite' => [OverrideSet]
435 silly Conflicting override sets     }
435 silly Conflicting override sets   },
435 silly Conflicting override sets   children: Map(0) {},
435 silly Conflicting override sets   name: '@graphql-codegen/client-preset',
435 silly Conflicting override sets   key: '@graphql-codegen/client-preset',
435 silly Conflicting override sets   keySpec: '*',
435 silly Conflicting override sets   value: '4.7.0'
435 silly Conflicting override sets } <ref *1> OverrideSet {
435 silly Conflicting override sets   parent: OverrideSet {
435 silly Conflicting override sets     parent: undefined,
435 silly Conflicting override sets     children: Map(5) {
435 silly Conflicting override sets       '@graphql-tools/url-loader' => [OverrideSet],
435 silly Conflicting override sets       '@graphql-codegen/client-preset' => [OverrideSet],
435 silly Conflicting override sets       '@graphql-codegen/typescript-operations' => [Circular *1],
435 silly Conflicting override sets       'minimatch' => [OverrideSet],
435 silly Conflicting override sets       'vite' => [OverrideSet]
435 silly Conflicting override sets     }
435 silly Conflicting override sets   },
435 silly Conflicting override sets   children: Map(0) {},
435 silly Conflicting override sets   name: '@graphql-codegen/typescript-operations',
435 silly Conflicting override sets   key: '@graphql-codegen/typescript-operations',
435 silly Conflicting override sets   keySpec: '*',
435 silly Conflicting override sets   value: '4.5.0'
435 silly Conflicting override sets }
436 silly Conflicting override sets @graphql-typed-document-node/core
437 silly Conflicting override sets <ref *1> OverrideSet {
437 silly Conflicting override sets   parent: OverrideSet {
437 silly Conflicting override sets     parent: undefined,
437 silly Conflicting override sets     children: Map(5) {
437 silly Conflicting override sets       '@graphql-tools/url-loader' => [Circular *1],
437 silly Conflicting override sets       '@graphql-codegen/client-preset' => [OverrideSet],
437 silly Conflicting override sets       '@graphql-codegen/typescript-operations' => [OverrideSet],
437 silly Conflicting override sets       'minimatch' => [OverrideSet],
437 silly Conflicting override sets       'vite' => [OverrideSet]
437 silly Conflicting override sets     }
437 silly Conflicting override sets   },
437 silly Conflicting override sets   children: Map(0) {},
437 silly Conflicting override sets   name: '@graphql-tools/url-loader',
437 silly Conflicting override sets   key: '@graphql-tools/url-loader',
437 silly Conflicting override sets   keySpec: '*',
437 silly Conflicting override sets   value: '8.0.16'
437 silly Conflicting override sets } <ref *1> OverrideSet {
437 silly Conflicting override sets   parent: OverrideSet {
437 silly Conflicting override sets     parent: undefined,
437 silly Conflicting override sets     children: Map(5) {
437 silly Conflicting override sets       '@graphql-tools/url-loader' => [OverrideSet],
437 silly Conflicting override sets       '@graphql-codegen/client-preset' => [OverrideSet],
437 silly Conflicting override sets       '@graphql-codegen/typescript-operations' => [Circular *1],
437 silly Conflicting override sets       'minimatch' => [OverrideSet],
437 silly Conflicting override sets       'vite' => [OverrideSet]
437 silly Conflicting override sets     }
437 silly Conflicting override sets   },
437 silly Conflicting override sets   children: Map(0) {},
437 silly Conflicting override sets   name: '@graphql-codegen/typescript-operations',
437 silly Conflicting override sets   key: '@graphql-codegen/typescript-operations',
437 silly Conflicting override sets   keySpec: '*',
437 silly Conflicting override sets   value: '4.5.0'
437 silly Conflicting override sets }
438 silly Conflicting override sets @whatwg-node/promise-helpers
439 silly Conflicting override sets <ref *1> OverrideSet {
439 silly Conflicting override sets   parent: OverrideSet {
439 silly Conflicting override sets     parent: undefined,
439 silly Conflicting override sets     children: Map(5) {
439 silly Conflicting override sets       '@graphql-tools/url-loader' => [OverrideSet],
439 silly Conflicting override sets       '@graphql-codegen/client-preset' => [Circular *1],
439 silly Conflicting override sets       '@graphql-codegen/typescript-operations' => [OverrideSet],
439 silly Conflicting override sets       'minimatch' => [OverrideSet],
439 silly Conflicting override sets       'vite' => [OverrideSet]
439 silly Conflicting override sets     }
439 silly Conflicting override sets   },
439 silly Conflicting override sets   children: Map(0) {},
439 silly Conflicting override sets   name: '@graphql-codegen/client-preset',
439 silly Conflicting override sets   key: '@graphql-codegen/client-preset',
439 silly Conflicting override sets   keySpec: '*',
439 silly Conflicting override sets   value: '4.7.0'
439 silly Conflicting override sets } <ref *1> OverrideSet {
439 silly Conflicting override sets   parent: OverrideSet {
439 silly Conflicting override sets     parent: undefined,
439 silly Conflicting override sets     children: Map(5) {
439 silly Conflicting override sets       '@graphql-tools/url-loader' => [OverrideSet],
439 silly Conflicting override sets       '@graphql-codegen/client-preset' => [OverrideSet],
439 silly Conflicting override sets       '@graphql-codegen/typescript-operations' => [Circular *1],
439 silly Conflicting override sets       'minimatch' => [OverrideSet],
439 silly Conflicting override sets       'vite' => [OverrideSet]
439 silly Conflicting override sets     }
439 silly Conflicting override sets   },
439 silly Conflicting override sets   children: Map(0) {},
439 silly Conflicting override sets   name: '@graphql-codegen/typescript-operations',
439 silly Conflicting override sets   key: '@graphql-codegen/typescript-operations',
439 silly Conflicting override sets   keySpec: '*',
439 silly Conflicting override sets   value: '4.5.0'
439 silly Conflicting override sets }
440 silly Conflicting override sets cross-inspect
441 silly Conflicting override sets <ref *1> OverrideSet {
441 silly Conflicting override sets   parent: OverrideSet {
441 silly Conflicting override sets     parent: undefined,
441 silly Conflicting override sets     children: Map(5) {
441 silly Conflicting override sets       '@graphql-tools/url-loader' => [Circular *1],
441 silly Conflicting override sets       '@graphql-codegen/client-preset' => [OverrideSet],
441 silly Conflicting override sets       '@graphql-codegen/typescript-operations' => [OverrideSet],
441 silly Conflicting override sets       'minimatch' => [OverrideSet],
441 silly Conflicting override sets       'vite' => [OverrideSet]
441 silly Conflicting override sets     }
441 silly Conflicting override sets   },
441 silly Conflicting override sets   children: Map(0) {},
441 silly Conflicting override sets   name: '@graphql-tools/url-loader',
441 silly Conflicting override sets   key: '@graphql-tools/url-loader',
441 silly Conflicting override sets   keySpec: '*',
441 silly Conflicting override sets   value: '8.0.16'
441 silly Conflicting override sets } <ref *1> OverrideSet {
441 silly Conflicting override sets   parent: OverrideSet {
441 silly Conflicting override sets     parent: undefined,
441 silly Conflicting override sets     children: Map(5) {
441 silly Conflicting override sets       '@graphql-tools/url-loader' => [OverrideSet],
441 silly Conflicting override sets       '@graphql-codegen/client-preset' => [OverrideSet],
441 silly Conflicting override sets       '@graphql-codegen/typescript-operations' => [Circular *1],
441 silly Conflicting override sets       'minimatch' => [OverrideSet],
441 silly Conflicting override sets       'vite' => [OverrideSet]
441 silly Conflicting override sets     }
441 silly Conflicting override sets   },
441 silly Conflicting override sets   children: Map(0) {},
441 silly Conflicting override sets   name: '@graphql-codegen/typescript-operations',
441 silly Conflicting override sets   key: '@graphql-codegen/typescript-operations',
441 silly Conflicting override sets   keySpec: '*',
441 silly Conflicting override sets   value: '4.5.0'
441 silly Conflicting override sets }
442 silly Conflicting override sets tslib
443 silly Conflicting override sets <ref *1> OverrideSet {
443 silly Conflicting override sets   parent: OverrideSet {
443 silly Conflicting override sets     parent: undefined,
443 silly Conflicting override sets     children: Map(5) {
443 silly Conflicting override sets       '@graphql-tools/url-loader' => [Circular *1],
443 silly Conflicting override sets       '@graphql-codegen/client-preset' => [OverrideSet],
443 silly Conflicting override sets       '@graphql-codegen/typescript-operations' => [OverrideSet],
443 silly Conflicting override sets       'minimatch' => [OverrideSet],
443 silly Conflicting override sets       'vite' => [OverrideSet]
443 silly Conflicting override sets     }
443 silly Conflicting override sets   },
443 silly Conflicting override sets   children: Map(0) {},
443 silly Conflicting override sets   name: '@graphql-tools/url-loader',
443 silly Conflicting override sets   key: '@graphql-tools/url-loader',
443 silly Conflicting override sets   keySpec: '*',
443 silly Conflicting override sets   value: '8.0.16'
443 silly Conflicting override sets } <ref *1> OverrideSet {
443 silly Conflicting override sets   parent: OverrideSet {
443 silly Conflicting override sets     parent: undefined,
443 silly Conflicting override sets     children: Map(5) {
443 silly Conflicting override sets       '@graphql-tools/url-loader' => [OverrideSet],
443 silly Conflicting override sets       '@graphql-codegen/client-preset' => [Circular *1],
443 silly Conflicting override sets       '@graphql-codegen/typescript-operations' => [OverrideSet],
443 silly Conflicting override sets       'minimatch' => [OverrideSet],
443 silly Conflicting override sets       'vite' => [OverrideSet]
443 silly Conflicting override sets     }
443 silly Conflicting override sets   },
443 silly Conflicting override sets   children: Map(0) {},
443 silly Conflicting override sets   name: '@graphql-codegen/client-preset',
443 silly Conflicting override sets   key: '@graphql-codegen/client-preset',
443 silly Conflicting override sets   keySpec: '*',
443 silly Conflicting override sets   value: '4.7.0'
443 silly Conflicting override sets }
444 silly Conflicting override sets @whatwg-node/promise-helpers
445 silly Conflicting override sets <ref *1> OverrideSet {
445 silly Conflicting override sets   parent: OverrideSet {
445 silly Conflicting override sets     parent: undefined,
445 silly Conflicting override sets     children: Map(5) {
445 silly Conflicting override sets       '@graphql-tools/url-loader' => [Circular *1],
445 silly Conflicting override sets       '@graphql-codegen/client-preset' => [OverrideSet],
445 silly Conflicting override sets       '@graphql-codegen/typescript-operations' => [OverrideSet],
445 silly Conflicting override sets       'minimatch' => [OverrideSet],
445 silly Conflicting override sets       'vite' => [OverrideSet]
445 silly Conflicting override sets     }
445 silly Conflicting override sets   },
445 silly Conflicting override sets   children: Map(0) {},
445 silly Conflicting override sets   name: '@graphql-tools/url-loader',
445 silly Conflicting override sets   key: '@graphql-tools/url-loader',
445 silly Conflicting override sets   keySpec: '*',
445 silly Conflicting override sets   value: '8.0.16'
445 silly Conflicting override sets } <ref *1> OverrideSet {
445 silly Conflicting override sets   parent: OverrideSet {
445 silly Conflicting override sets     parent: undefined,
445 silly Conflicting override sets     children: Map(5) {
445 silly Conflicting override sets       '@graphql-tools/url-loader' => [OverrideSet],
445 silly Conflicting override sets       '@graphql-codegen/client-preset' => [Circular *1],
445 silly Conflicting override sets       '@graphql-codegen/typescript-operations' => [OverrideSet],
445 silly Conflicting override sets       'minimatch' => [OverrideSet],
445 silly Conflicting override sets       'vite' => [OverrideSet]
445 silly Conflicting override sets     }
445 silly Conflicting override sets   },
445 silly Conflicting override sets   children: Map(0) {},
445 silly Conflicting override sets   name: '@graphql-codegen/client-preset',
445 silly Conflicting override sets   key: '@graphql-codegen/client-preset',
445 silly Conflicting override sets   keySpec: '*',
445 silly Conflicting override sets   value: '4.7.0'
445 silly Conflicting override sets }
446 silly Conflicting override sets tslib
447 silly Conflicting override sets <ref *1> OverrideSet {
447 silly Conflicting override sets   parent: OverrideSet {
447 silly Conflicting override sets     parent: undefined,
447 silly Conflicting override sets     children: Map(5) {
447 silly Conflicting override sets       '@graphql-tools/url-loader' => [OverrideSet],
447 silly Conflicting override sets       '@graphql-codegen/client-preset' => [Circular *1],
447 silly Conflicting override sets       '@graphql-codegen/typescript-operations' => [OverrideSet],
447 silly Conflicting override sets       'minimatch' => [OverrideSet],
447 silly Conflicting override sets       'vite' => [OverrideSet]
447 silly Conflicting override sets     }
447 silly Conflicting override sets   },
447 silly Conflicting override sets   children: Map(0) {},
447 silly Conflicting override sets   name: '@graphql-codegen/client-preset',
447 silly Conflicting override sets   key: '@graphql-codegen/client-preset',
447 silly Conflicting override sets   keySpec: '*',
447 silly Conflicting override sets   value: '4.7.0'
447 silly Conflicting override sets } <ref *1> OverrideSet {
447 silly Conflicting override sets   parent: OverrideSet {
447 silly Conflicting override sets     parent: undefined,
447 silly Conflicting override sets     children: Map(5) {
447 silly Conflicting override sets       '@graphql-tools/url-loader' => [Circular *1],
447 silly Conflicting override sets       '@graphql-codegen/client-preset' => [OverrideSet],
447 silly Conflicting override sets       '@graphql-codegen/typescript-operations' => [OverrideSet],
447 silly Conflicting override sets       'minimatch' => [OverrideSet],
447 silly Conflicting override sets       'vite' => [OverrideSet]
447 silly Conflicting override sets     }
447 silly Conflicting override sets   },
447 silly Conflicting override sets   children: Map(0) {},
447 silly Conflicting override sets   name: '@graphql-tools/url-loader',
447 silly Conflicting override sets   key: '@graphql-tools/url-loader',
447 silly Conflicting override sets   keySpec: '*',
447 silly Conflicting override sets   value: '8.0.16'
447 silly Conflicting override sets }
448 silly Conflicting override sets graphql
449 silly Conflicting override sets <ref *1> OverrideSet {
449 silly Conflicting override sets   parent: OverrideSet {
449 silly Conflicting override sets     parent: undefined,
449 silly Conflicting override sets     children: Map(5) {
449 silly Conflicting override sets       '@graphql-tools/url-loader' => [OverrideSet],
449 silly Conflicting override sets       '@graphql-codegen/client-preset' => [Circular *1],
449 silly Conflicting override sets       '@graphql-codegen/typescript-operations' => [OverrideSet],
449 silly Conflicting override sets       'minimatch' => [OverrideSet],
449 silly Conflicting override sets       'vite' => [OverrideSet]
449 silly Conflicting override sets     }
449 silly Conflicting override sets   },
449 silly Conflicting override sets   children: Map(0) {},
449 silly Conflicting override sets   name: '@graphql-codegen/client-preset',
449 silly Conflicting override sets   key: '@graphql-codegen/client-preset',
449 silly Conflicting override sets   keySpec: '*',
449 silly Conflicting override sets   value: '4.7.0'
449 silly Conflicting override sets } <ref *1> OverrideSet {
449 silly Conflicting override sets   parent: OverrideSet {
449 silly Conflicting override sets     parent: undefined,
449 silly Conflicting override sets     children: Map(5) {
449 silly Conflicting override sets       '@graphql-tools/url-loader' => [Circular *1],
449 silly Conflicting override sets       '@graphql-codegen/client-preset' => [OverrideSet],
449 silly Conflicting override sets       '@graphql-codegen/typescript-operations' => [OverrideSet],
449 silly Conflicting override sets       'minimatch' => [OverrideSet],
449 silly Conflicting override sets       'vite' => [OverrideSet]
449 silly Conflicting override sets     }
449 silly Conflicting override sets   },
449 silly Conflicting override sets   children: Map(0) {},
449 silly Conflicting override sets   name: '@graphql-tools/url-loader',
449 silly Conflicting override sets   key: '@graphql-tools/url-loader',
449 silly Conflicting override sets   keySpec: '*',
449 silly Conflicting override sets   value: '8.0.16'
449 silly Conflicting override sets }
450 silly Conflicting override sets @graphql-typed-document-node/core
451 silly Conflicting override sets <ref *1> OverrideSet {
451 silly Conflicting override sets   parent: OverrideSet {
451 silly Conflicting override sets     parent: undefined,
451 silly Conflicting override sets     children: Map(5) {
451 silly Conflicting override sets       '@graphql-tools/url-loader' => [OverrideSet],
451 silly Conflicting override sets       '@graphql-codegen/client-preset' => [Circular *1],
451 silly Conflicting override sets       '@graphql-codegen/typescript-operations' => [OverrideSet],
451 silly Conflicting override sets       'minimatch' => [OverrideSet],
451 silly Conflicting override sets       'vite' => [OverrideSet]
451 silly Conflicting override sets     }
451 silly Conflicting override sets   },
451 silly Conflicting override sets   children: Map(0) {},
451 silly Conflicting override sets   name: '@graphql-codegen/client-preset',
451 silly Conflicting override sets   key: '@graphql-codegen/client-preset',
451 silly Conflicting override sets   keySpec: '*',
451 silly Conflicting override sets   value: '4.7.0'
451 silly Conflicting override sets } <ref *1> OverrideSet {
451 silly Conflicting override sets   parent: OverrideSet {
451 silly Conflicting override sets     parent: undefined,
451 silly Conflicting override sets     children: Map(5) {
451 silly Conflicting override sets       '@graphql-tools/url-loader' => [Circular *1],
451 silly Conflicting override sets       '@graphql-codegen/client-preset' => [OverrideSet],
451 silly Conflicting override sets       '@graphql-codegen/typescript-operations' => [OverrideSet],
451 silly Conflicting override sets       'minimatch' => [OverrideSet],
451 silly Conflicting override sets       'vite' => [OverrideSet]
451 silly Conflicting override sets     }
451 silly Conflicting override sets   },
451 silly Conflicting override sets   children: Map(0) {},
451 silly Conflicting override sets   name: '@graphql-tools/url-loader',
451 silly Conflicting override sets   key: '@graphql-tools/url-loader',
451 silly Conflicting override sets   keySpec: '*',
451 silly Conflicting override sets   value: '8.0.16'
451 silly Conflicting override sets }
452 silly Conflicting override sets cross-inspect
453 silly Conflicting override sets <ref *1> OverrideSet {
453 silly Conflicting override sets   parent: OverrideSet {
453 silly Conflicting override sets     parent: undefined,
453 silly Conflicting override sets     children: Map(5) {
453 silly Conflicting override sets       '@graphql-tools/url-loader' => [OverrideSet],
453 silly Conflicting override sets       '@graphql-codegen/client-preset' => [OverrideSet],
453 silly Conflicting override sets       '@graphql-codegen/typescript-operations' => [Circular *1],
453 silly Conflicting override sets       'minimatch' => [OverrideSet],
453 silly Conflicting override sets       'vite' => [OverrideSet]
453 silly Conflicting override sets     }
453 silly Conflicting override sets   },
453 silly Conflicting override sets   children: Map(0) {},
453 silly Conflicting override sets   name: '@graphql-codegen/typescript-operations',
453 silly Conflicting override sets   key: '@graphql-codegen/typescript-operations',
453 silly Conflicting override sets   keySpec: '*',
453 silly Conflicting override sets   value: '4.5.0'
453 silly Conflicting override sets } <ref *1> OverrideSet {
453 silly Conflicting override sets   parent: OverrideSet {
453 silly Conflicting override sets     parent: undefined,
453 silly Conflicting override sets     children: Map(5) {
453 silly Conflicting override sets       '@graphql-tools/url-loader' => [OverrideSet],
453 silly Conflicting override sets       '@graphql-codegen/client-preset' => [Circular *1],
453 silly Conflicting override sets       '@graphql-codegen/typescript-operations' => [OverrideSet],
453 silly Conflicting override sets       'minimatch' => [OverrideSet],
453 silly Conflicting override sets       'vite' => [OverrideSet]
453 silly Conflicting override sets     }
453 silly Conflicting override sets   },
453 silly Conflicting override sets   children: Map(0) {},
453 silly Conflicting override sets   name: '@graphql-codegen/client-preset',
453 silly Conflicting override sets   key: '@graphql-codegen/client-preset',
453 silly Conflicting override sets   keySpec: '*',
453 silly Conflicting override sets   value: '4.7.0'
453 silly Conflicting override sets }
454 silly Conflicting override sets <ref *1> OverrideSet {
454 silly Conflicting override sets   parent: OverrideSet {
454 silly Conflicting override sets     parent: undefined,
454 silly Conflicting override sets     children: Map(5) {
454 silly Conflicting override sets       '@graphql-tools/url-loader' => [OverrideSet],
454 silly Conflicting override sets       '@graphql-codegen/client-preset' => [OverrideSet],
454 silly Conflicting override sets       '@graphql-codegen/typescript-operations' => [Circular *1],
454 silly Conflicting override sets       'minimatch' => [OverrideSet],
454 silly Conflicting override sets       'vite' => [OverrideSet]
454 silly Conflicting override sets     }
454 silly Conflicting override sets   },
454 silly Conflicting override sets   children: Map(0) {},
454 silly Conflicting override sets   name: '@graphql-codegen/typescript-operations',
454 silly Conflicting override sets   key: '@graphql-codegen/typescript-operations',
454 silly Conflicting override sets   keySpec: '*',
454 silly Conflicting override sets   value: '4.5.0'
454 silly Conflicting override sets } <ref *1> OverrideSet {
454 silly Conflicting override sets   parent: OverrideSet {
454 silly Conflicting override sets     parent: undefined,
454 silly Conflicting override sets     children: Map(5) {
454 silly Conflicting override sets       '@graphql-tools/url-loader' => [OverrideSet],
454 silly Conflicting override sets       '@graphql-codegen/client-preset' => [Circular *1],
454 silly Conflicting override sets       '@graphql-codegen/typescript-operations' => [OverrideSet],
454 silly Conflicting override sets       'minimatch' => [OverrideSet],
454 silly Conflicting override sets       'vite' => [OverrideSet]
454 silly Conflicting override sets     }
454 silly Conflicting override sets   },
454 silly Conflicting override sets   children: Map(0) {},
454 silly Conflicting override sets   name: '@graphql-codegen/client-preset',
454 silly Conflicting override sets   key: '@graphql-codegen/client-preset',
454 silly Conflicting override sets   keySpec: '*',
454 silly Conflicting override sets   value: '4.7.0'
454 silly Conflicting override sets }
455 silly Conflicting override sets <ref *1> OverrideSet {
455 silly Conflicting override sets   parent: OverrideSet {
455 silly Conflicting override sets     parent: undefined,
455 silly Conflicting override sets     children: Map(5) {
455 silly Conflicting override sets       '@graphql-tools/url-loader' => [OverrideSet],
455 silly Conflicting override sets       '@graphql-codegen/client-preset' => [Circular *1],
455 silly Conflicting override sets       '@graphql-codegen/typescript-operations' => [OverrideSet],
455 silly Conflicting override sets       'minimatch' => [OverrideSet],
455 silly Conflicting override sets       'vite' => [OverrideSet]
455 silly Conflicting override sets     }
455 silly Conflicting override sets   },
455 silly Conflicting override sets   children: Map(0) {},
455 silly Conflicting override sets   name: '@graphql-codegen/client-preset',
455 silly Conflicting override sets   key: '@graphql-codegen/client-preset',
455 silly Conflicting override sets   keySpec: '*',
455 silly Conflicting override sets   value: '4.7.0'
455 silly Conflicting override sets } <ref *1> OverrideSet {
455 silly Conflicting override sets   parent: OverrideSet {
455 silly Conflicting override sets     parent: undefined,
455 silly Conflicting override sets     children: Map(5) {
455 silly Conflicting override sets       '@graphql-tools/url-loader' => [OverrideSet],
455 silly Conflicting override sets       '@graphql-codegen/client-preset' => [OverrideSet],
455 silly Conflicting override sets       '@graphql-codegen/typescript-operations' => [Circular *1],
455 silly Conflicting override sets       'minimatch' => [OverrideSet],
455 silly Conflicting override sets       'vite' => [OverrideSet]
455 silly Conflicting override sets     }
455 silly Conflicting override sets   },
455 silly Conflicting override sets   children: Map(0) {},
455 silly Conflicting override sets   name: '@graphql-codegen/typescript-operations',
455 silly Conflicting override sets   key: '@graphql-codegen/typescript-operations',
455 silly Conflicting override sets   keySpec: '*',
455 silly Conflicting override sets   value: '4.5.0'
455 silly Conflicting override sets }
456 silly Conflicting override sets graphql
457 silly Conflicting override sets <ref *1> OverrideSet {
457 silly Conflicting override sets   parent: OverrideSet {
457 silly Conflicting override sets     parent: undefined,
457 silly Conflicting override sets     children: Map(5) {
457 silly Conflicting override sets       '@graphql-tools/url-loader' => [OverrideSet],
457 silly Conflicting override sets       '@graphql-codegen/client-preset' => [Circular *1],
457 silly Conflicting override sets       '@graphql-codegen/typescript-operations' => [OverrideSet],
457 silly Conflicting override sets       'minimatch' => [OverrideSet],
457 silly Conflicting override sets       'vite' => [OverrideSet]
457 silly Conflicting override sets     }
457 silly Conflicting override sets   },
457 silly Conflicting override sets   children: Map(0) {},
457 silly Conflicting override sets   name: '@graphql-codegen/client-preset',
457 silly Conflicting override sets   key: '@graphql-codegen/client-preset',
457 silly Conflicting override sets   keySpec: '*',
457 silly Conflicting override sets   value: '4.7.0'
457 silly Conflicting override sets } <ref *1> OverrideSet {
457 silly Conflicting override sets   parent: OverrideSet {
457 silly Conflicting override sets     parent: undefined,
457 silly Conflicting override sets     children: Map(5) {
457 silly Conflicting override sets       '@graphql-tools/url-loader' => [OverrideSet],
457 silly Conflicting override sets       '@graphql-codegen/client-preset' => [OverrideSet],
457 silly Conflicting override sets       '@graphql-codegen/typescript-operations' => [Circular *1],
457 silly Conflicting override sets       'minimatch' => [OverrideSet],
457 silly Conflicting override sets       'vite' => [OverrideSet]
457 silly Conflicting override sets     }
457 silly Conflicting override sets   },
457 silly Conflicting override sets   children: Map(0) {},
457 silly Conflicting override sets   name: '@graphql-codegen/typescript-operations',
457 silly Conflicting override sets   key: '@graphql-codegen/typescript-operations',
457 silly Conflicting override sets   keySpec: '*',
457 silly Conflicting override sets   value: '4.5.0'
457 silly Conflicting override sets }
458 silly Conflicting override sets change-case-all
459 silly Conflicting override sets <ref *1> OverrideSet {
459 silly Conflicting override sets   parent: OverrideSet {
459 silly Conflicting override sets     parent: undefined,
459 silly Conflicting override sets     children: Map(5) {
459 silly Conflicting override sets       '@graphql-tools/url-loader' => [OverrideSet],
459 silly Conflicting override sets       '@graphql-codegen/client-preset' => [Circular *1],
459 silly Conflicting override sets       '@graphql-codegen/typescript-operations' => [OverrideSet],
459 silly Conflicting override sets       'minimatch' => [OverrideSet],
459 silly Conflicting override sets       'vite' => [OverrideSet]
459 silly Conflicting override sets     }
459 silly Conflicting override sets   },
459 silly Conflicting override sets   children: Map(0) {},
459 silly Conflicting override sets   name: '@graphql-codegen/client-preset',
459 silly Conflicting override sets   key: '@graphql-codegen/client-preset',
459 silly Conflicting override sets   keySpec: '*',
459 silly Conflicting override sets   value: '4.7.0'
459 silly Conflicting override sets } <ref *1> OverrideSet {
459 silly Conflicting override sets   parent: OverrideSet {
459 silly Conflicting override sets     parent: undefined,
459 silly Conflicting override sets     children: Map(5) {
459 silly Conflicting override sets       '@graphql-tools/url-loader' => [OverrideSet],
459 silly Conflicting override sets       '@graphql-codegen/client-preset' => [OverrideSet],
459 silly Conflicting override sets       '@graphql-codegen/typescript-operations' => [Circular *1],
459 silly Conflicting override sets       'minimatch' => [OverrideSet],
459 silly Conflicting override sets       'vite' => [OverrideSet]
459 silly Conflicting override sets     }
459 silly Conflicting override sets   },
459 silly Conflicting override sets   children: Map(0) {},
459 silly Conflicting override sets   name: '@graphql-codegen/typescript-operations',
459 silly Conflicting override sets   key: '@graphql-codegen/typescript-operations',
459 silly Conflicting override sets   keySpec: '*',
459 silly Conflicting override sets   value: '4.5.0'
459 silly Conflicting override sets }
460 silly Conflicting override sets common-tags
461 silly Conflicting override sets <ref *1> OverrideSet {
461 silly Conflicting override sets   parent: OverrideSet {
461 silly Conflicting override sets     parent: undefined,
461 silly Conflicting override sets     children: Map(5) {
461 silly Conflicting override sets       '@graphql-tools/url-loader' => [OverrideSet],
461 silly Conflicting override sets       '@graphql-codegen/client-preset' => [Circular *1],
461 silly Conflicting override sets       '@graphql-codegen/typescript-operations' => [OverrideSet],
461 silly Conflicting override sets       'minimatch' => [OverrideSet],
461 silly Conflicting override sets       'vite' => [OverrideSet]
461 silly Conflicting override sets     }
461 silly Conflicting override sets   },
461 silly Conflicting override sets   children: Map(0) {},
461 silly Conflicting override sets   name: '@graphql-codegen/client-preset',
461 silly Conflicting override sets   key: '@graphql-codegen/client-preset',
461 silly Conflicting override sets   keySpec: '*',
461 silly Conflicting override sets   value: '4.7.0'
461 silly Conflicting override sets } <ref *1> OverrideSet {
461 silly Conflicting override sets   parent: OverrideSet {
461 silly Conflicting override sets     parent: undefined,
461 silly Conflicting override sets     children: Map(5) {
461 silly Conflicting override sets       '@graphql-tools/url-loader' => [OverrideSet],
461 silly Conflicting override sets       '@graphql-codegen/client-preset' => [OverrideSet],
461 silly Conflicting override sets       '@graphql-codegen/typescript-operations' => [Circular *1],
461 silly Conflicting override sets       'minimatch' => [OverrideSet],
461 silly Conflicting override sets       'vite' => [OverrideSet]
461 silly Conflicting override sets     }
461 silly Conflicting override sets   },
461 silly Conflicting override sets   children: Map(0) {},
461 silly Conflicting override sets   name: '@graphql-codegen/typescript-operations',
461 silly Conflicting override sets   key: '@graphql-codegen/typescript-operations',
461 silly Conflicting override sets   keySpec: '*',
461 silly Conflicting override sets   value: '4.5.0'
461 silly Conflicting override sets }
462 silly Conflicting override sets import-from
463 silly Conflicting override sets <ref *1> OverrideSet {
463 silly Conflicting override sets   parent: OverrideSet {
463 silly Conflicting override sets     parent: undefined,
463 silly Conflicting override sets     children: Map(5) {
463 silly Conflicting override sets       '@graphql-tools/url-loader' => [OverrideSet],
463 silly Conflicting override sets       '@graphql-codegen/client-preset' => [Circular *1],
463 silly Conflicting override sets       '@graphql-codegen/typescript-operations' => [OverrideSet],
463 silly Conflicting override sets       'minimatch' => [OverrideSet],
463 silly Conflicting override sets       'vite' => [OverrideSet]
463 silly Conflicting override sets     }
463 silly Conflicting override sets   },
463 silly Conflicting override sets   children: Map(0) {},
463 silly Conflicting override sets   name: '@graphql-codegen/client-preset',
463 silly Conflicting override sets   key: '@graphql-codegen/client-preset',
463 silly Conflicting override sets   keySpec: '*',
463 silly Conflicting override sets   value: '4.7.0'
463 silly Conflicting override sets } <ref *1> OverrideSet {
463 silly Conflicting override sets   parent: OverrideSet {
463 silly Conflicting override sets     parent: undefined,
463 silly Conflicting override sets     children: Map(5) {
463 silly Conflicting override sets       '@graphql-tools/url-loader' => [OverrideSet],
463 silly Conflicting override sets       '@graphql-codegen/client-preset' => [OverrideSet],
463 silly Conflicting override sets       '@graphql-codegen/typescript-operations' => [Circular *1],
463 silly Conflicting override sets       'minimatch' => [OverrideSet],
463 silly Conflicting override sets       'vite' => [OverrideSet]
463 silly Conflicting override sets     }
463 silly Conflicting override sets   },
463 silly Conflicting override sets   children: Map(0) {},
463 silly Conflicting override sets   name: '@graphql-codegen/typescript-operations',
463 silly Conflicting override sets   key: '@graphql-codegen/typescript-operations',
463 silly Conflicting override sets   keySpec: '*',
463 silly Conflicting override sets   value: '4.5.0'
463 silly Conflicting override sets }
464 silly Conflicting override sets lodash
465 silly Conflicting override sets <ref *1> OverrideSet {
465 silly Conflicting override sets   parent: OverrideSet {
465 silly Conflicting override sets     parent: undefined,
465 silly Conflicting override sets     children: Map(5) {
465 silly Conflicting override sets       '@graphql-tools/url-loader' => [OverrideSet],
465 silly Conflicting override sets       '@graphql-codegen/client-preset' => [Circular *1],
465 silly Conflicting override sets       '@graphql-codegen/typescript-operations' => [OverrideSet],
465 silly Conflicting override sets       'minimatch' => [OverrideSet],
465 silly Conflicting override sets       'vite' => [OverrideSet]
465 silly Conflicting override sets     }
465 silly Conflicting override sets   },
465 silly Conflicting override sets   children: Map(0) {},
465 silly Conflicting override sets   name: '@graphql-codegen/client-preset',
465 silly Conflicting override sets   key: '@graphql-codegen/client-preset',
465 silly Conflicting override sets   keySpec: '*',
465 silly Conflicting override sets   value: '4.7.0'
465 silly Conflicting override sets } <ref *1> OverrideSet {
465 silly Conflicting override sets   parent: OverrideSet {
465 silly Conflicting override sets     parent: undefined,
465 silly Conflicting override sets     children: Map(5) {
465 silly Conflicting override sets       '@graphql-tools/url-loader' => [OverrideSet],
465 silly Conflicting override sets       '@graphql-codegen/client-preset' => [OverrideSet],
465 silly Conflicting override sets       '@graphql-codegen/typescript-operations' => [Circular *1],
465 silly Conflicting override sets       'minimatch' => [OverrideSet],
465 silly Conflicting override sets       'vite' => [OverrideSet]
465 silly Conflicting override sets     }
465 silly Conflicting override sets   },
465 silly Conflicting override sets   children: Map(0) {},
465 silly Conflicting override sets   name: '@graphql-codegen/typescript-operations',
465 silly Conflicting override sets   key: '@graphql-codegen/typescript-operations',
465 silly Conflicting override sets   keySpec: '*',
465 silly Conflicting override sets   value: '4.5.0'
465 silly Conflicting override sets }
466 silly Conflicting override sets tslib
467 silly Conflicting override sets <ref *1> OverrideSet {
467 silly Conflicting override sets   parent: OverrideSet {
467 silly Conflicting override sets     parent: undefined,
467 silly Conflicting override sets     children: Map(5) {
467 silly Conflicting override sets       '@graphql-tools/url-loader' => [OverrideSet],
467 silly Conflicting override sets       '@graphql-codegen/client-preset' => [OverrideSet],
467 silly Conflicting override sets       '@graphql-codegen/typescript-operations' => [Circular *1],
467 silly Conflicting override sets       'minimatch' => [OverrideSet],
467 silly Conflicting override sets       'vite' => [OverrideSet]
467 silly Conflicting override sets     }
467 silly Conflicting override sets   },
467 silly Conflicting override sets   children: Map(0) {},
467 silly Conflicting override sets   name: '@graphql-codegen/typescript-operations',
467 silly Conflicting override sets   key: '@graphql-codegen/typescript-operations',
467 silly Conflicting override sets   keySpec: '*',
467 silly Conflicting override sets   value: '4.5.0'
467 silly Conflicting override sets } <ref *1> OverrideSet {
467 silly Conflicting override sets   parent: OverrideSet {
467 silly Conflicting override sets     parent: undefined,
467 silly Conflicting override sets     children: Map(5) {
467 silly Conflicting override sets       '@graphql-tools/url-loader' => [OverrideSet],
467 silly Conflicting override sets       '@graphql-codegen/client-preset' => [Circular *1],
467 silly Conflicting override sets       '@graphql-codegen/typescript-operations' => [OverrideSet],
467 silly Conflicting override sets       'minimatch' => [OverrideSet],
467 silly Conflicting override sets       'vite' => [OverrideSet]
467 silly Conflicting override sets     }
467 silly Conflicting override sets   },
467 silly Conflicting override sets   children: Map(0) {},
467 silly Conflicting override sets   name: '@graphql-codegen/client-preset',
467 silly Conflicting override sets   key: '@graphql-codegen/client-preset',
467 silly Conflicting override sets   keySpec: '*',
467 silly Conflicting override sets   value: '4.7.0'
467 silly Conflicting override sets }
468 silly Conflicting override sets @graphql-tools/utils
469 silly Conflicting override sets <ref *1> OverrideSet {
469 silly Conflicting override sets   parent: OverrideSet {
469 silly Conflicting override sets     parent: undefined,
469 silly Conflicting override sets     children: Map(5) {
469 silly Conflicting override sets       '@graphql-tools/url-loader' => [Circular *1],
469 silly Conflicting override sets       '@graphql-codegen/client-preset' => [OverrideSet],
469 silly Conflicting override sets       '@graphql-codegen/typescript-operations' => [OverrideSet],
469 silly Conflicting override sets       'minimatch' => [OverrideSet],
469 silly Conflicting override sets       'vite' => [OverrideSet]
469 silly Conflicting override sets     }
469 silly Conflicting override sets   },
469 silly Conflicting override sets   children: Map(0) {},
469 silly Conflicting override sets   name: '@graphql-tools/url-loader',
469 silly Conflicting override sets   key: '@graphql-tools/url-loader',
469 silly Conflicting override sets   keySpec: '*',
469 silly Conflicting override sets   value: '8.0.16'
469 silly Conflicting override sets } <ref *1> OverrideSet {
469 silly Conflicting override sets   parent: OverrideSet {
469 silly Conflicting override sets     parent: undefined,
469 silly Conflicting override sets     children: Map(5) {
469 silly Conflicting override sets       '@graphql-tools/url-loader' => [OverrideSet],
469 silly Conflicting override sets       '@graphql-codegen/client-preset' => [Circular *1],
469 silly Conflicting override sets       '@graphql-codegen/typescript-operations' => [OverrideSet],
469 silly Conflicting override sets       'minimatch' => [OverrideSet],
469 silly Conflicting override sets       'vite' => [OverrideSet]
469 silly Conflicting override sets     }
469 silly Conflicting override sets   },
469 silly Conflicting override sets   children: Map(0) {},
469 silly Conflicting override sets   name: '@graphql-codegen/client-preset',
469 silly Conflicting override sets   key: '@graphql-codegen/client-preset',
469 silly Conflicting override sets   keySpec: '*',
469 silly Conflicting override sets   value: '4.7.0'
469 silly Conflicting override sets }
470 silly Conflicting override sets tslib
471 silly Conflicting override sets <ref *1> OverrideSet {
471 silly Conflicting override sets   parent: OverrideSet {
471 silly Conflicting override sets     parent: undefined,
471 silly Conflicting override sets     children: Map(5) {
471 silly Conflicting override sets       '@graphql-tools/url-loader' => [Circular *1],
471 silly Conflicting override sets       '@graphql-codegen/client-preset' => [OverrideSet],
471 silly Conflicting override sets       '@graphql-codegen/typescript-operations' => [OverrideSet],
471 silly Conflicting override sets       'minimatch' => [OverrideSet],
471 silly Conflicting override sets       'vite' => [OverrideSet]
471 silly Conflicting override sets     }
471 silly Conflicting override sets   },
471 silly Conflicting override sets   children: Map(0) {},
471 silly Conflicting override sets   name: '@graphql-tools/url-loader',
471 silly Conflicting override sets   key: '@graphql-tools/url-loader',
471 silly Conflicting override sets   keySpec: '*',
471 silly Conflicting override sets   value: '8.0.16'
471 silly Conflicting override sets } <ref *1> OverrideSet {
471 silly Conflicting override sets   parent: OverrideSet {
471 silly Conflicting override sets     parent: undefined,
471 silly Conflicting override sets     children: Map(5) {
471 silly Conflicting override sets       '@graphql-tools/url-loader' => [OverrideSet],
471 silly Conflicting override sets       '@graphql-codegen/client-preset' => [Circular *1],
471 silly Conflicting override sets       '@graphql-codegen/typescript-operations' => [OverrideSet],
471 silly Conflicting override sets       'minimatch' => [OverrideSet],
471 silly Conflicting override sets       'vite' => [OverrideSet]
471 silly Conflicting override sets     }
471 silly Conflicting override sets   },
471 silly Conflicting override sets   children: Map(0) {},
471 silly Conflicting override sets   name: '@graphql-codegen/client-preset',
471 silly Conflicting override sets   key: '@graphql-codegen/client-preset',
471 silly Conflicting override sets   keySpec: '*',
471 silly Conflicting override sets   value: '4.7.0'
471 silly Conflicting override sets }
472 silly Conflicting override sets @whatwg-node/promise-helpers
473 silly Conflicting override sets <ref *1> OverrideSet {
473 silly Conflicting override sets   parent: OverrideSet {
473 silly Conflicting override sets     parent: undefined,
473 silly Conflicting override sets     children: Map(5) {
473 silly Conflicting override sets       '@graphql-tools/url-loader' => [Circular *1],
473 silly Conflicting override sets       '@graphql-codegen/client-preset' => [OverrideSet],
473 silly Conflicting override sets       '@graphql-codegen/typescript-operations' => [OverrideSet],
473 silly Conflicting override sets       'minimatch' => [OverrideSet],
473 silly Conflicting override sets       'vite' => [OverrideSet]
473 silly Conflicting override sets     }
473 silly Conflicting override sets   },
473 silly Conflicting override sets   children: Map(0) {},
473 silly Conflicting override sets   name: '@graphql-tools/url-loader',
473 silly Conflicting override sets   key: '@graphql-tools/url-loader',
473 silly Conflicting override sets   keySpec: '*',
473 silly Conflicting override sets   value: '8.0.16'
473 silly Conflicting override sets } <ref *1> OverrideSet {
473 silly Conflicting override sets   parent: OverrideSet {
473 silly Conflicting override sets     parent: undefined,
473 silly Conflicting override sets     children: Map(5) {
473 silly Conflicting override sets       '@graphql-tools/url-loader' => [OverrideSet],
473 silly Conflicting override sets       '@graphql-codegen/client-preset' => [Circular *1],
473 silly Conflicting override sets       '@graphql-codegen/typescript-operations' => [OverrideSet],
473 silly Conflicting override sets       'minimatch' => [OverrideSet],
473 silly Conflicting override sets       'vite' => [OverrideSet]
473 silly Conflicting override sets     }
473 silly Conflicting override sets   },
473 silly Conflicting override sets   children: Map(0) {},
473 silly Conflicting override sets   name: '@graphql-codegen/client-preset',
473 silly Conflicting override sets   key: '@graphql-codegen/client-preset',
473 silly Conflicting override sets   keySpec: '*',
473 silly Conflicting override sets   value: '4.7.0'
473 silly Conflicting override sets }
474 silly Conflicting override sets tslib
475 silly Conflicting override sets <ref *1> OverrideSet {
475 silly Conflicting override sets   parent: OverrideSet {
475 silly Conflicting override sets     parent: undefined,
475 silly Conflicting override sets     children: Map(5) {
475 silly Conflicting override sets       '@graphql-tools/url-loader' => [OverrideSet],
475 silly Conflicting override sets       '@graphql-codegen/client-preset' => [OverrideSet],
475 silly Conflicting override sets       '@graphql-codegen/typescript-operations' => [Circular *1],
475 silly Conflicting override sets       'minimatch' => [OverrideSet],
475 silly Conflicting override sets       'vite' => [OverrideSet]
475 silly Conflicting override sets     }
475 silly Conflicting override sets   },
475 silly Conflicting override sets   children: Map(0) {},
475 silly Conflicting override sets   name: '@graphql-codegen/typescript-operations',
475 silly Conflicting override sets   key: '@graphql-codegen/typescript-operations',
475 silly Conflicting override sets   keySpec: '*',
475 silly Conflicting override sets   value: '4.5.0'
475 silly Conflicting override sets } <ref *1> OverrideSet {
475 silly Conflicting override sets   parent: OverrideSet {
475 silly Conflicting override sets     parent: undefined,
475 silly Conflicting override sets     children: Map(5) {
475 silly Conflicting override sets       '@graphql-tools/url-loader' => [OverrideSet],
475 silly Conflicting override sets       '@graphql-codegen/client-preset' => [Circular *1],
475 silly Conflicting override sets       '@graphql-codegen/typescript-operations' => [OverrideSet],
475 silly Conflicting override sets       'minimatch' => [OverrideSet],
475 silly Conflicting override sets       'vite' => [OverrideSet]
475 silly Conflicting override sets     }
475 silly Conflicting override sets   },
475 silly Conflicting override sets   children: Map(0) {},
475 silly Conflicting override sets   name: '@graphql-codegen/client-preset',
475 silly Conflicting override sets   key: '@graphql-codegen/client-preset',
475 silly Conflicting override sets   keySpec: '*',
475 silly Conflicting override sets   value: '4.7.0'
475 silly Conflicting override sets }
476 silly Conflicting override sets @graphql-codegen/plugin-helpers
477 silly Conflicting override sets <ref *1> OverrideSet {
477 silly Conflicting override sets   parent: OverrideSet {
477 silly Conflicting override sets     parent: undefined,
477 silly Conflicting override sets     children: Map(5) {
477 silly Conflicting override sets       '@graphql-tools/url-loader' => [OverrideSet],
477 silly Conflicting override sets       '@graphql-codegen/client-preset' => [OverrideSet],
477 silly Conflicting override sets       '@graphql-codegen/typescript-operations' => [Circular *1],
477 silly Conflicting override sets       'minimatch' => [OverrideSet],
477 silly Conflicting override sets       'vite' => [OverrideSet]
477 silly Conflicting override sets     }
477 silly Conflicting override sets   },
477 silly Conflicting override sets   children: Map(0) {},
477 silly Conflicting override sets   name: '@graphql-codegen/typescript-operations',
477 silly Conflicting override sets   key: '@graphql-codegen/typescript-operations',
477 silly Conflicting override sets   keySpec: '*',
477 silly Conflicting override sets   value: '4.5.0'
477 silly Conflicting override sets } <ref *1> OverrideSet {
477 silly Conflicting override sets   parent: OverrideSet {
477 silly Conflicting override sets     parent: undefined,
477 silly Conflicting override sets     children: Map(5) {
477 silly Conflicting override sets       '@graphql-tools/url-loader' => [OverrideSet],
477 silly Conflicting override sets       '@graphql-codegen/client-preset' => [Circular *1],
477 silly Conflicting override sets       '@graphql-codegen/typescript-operations' => [OverrideSet],
477 silly Conflicting override sets       'minimatch' => [OverrideSet],
477 silly Conflicting override sets       'vite' => [OverrideSet]
477 silly Conflicting override sets     }
477 silly Conflicting override sets   },
477 silly Conflicting override sets   children: Map(0) {},
477 silly Conflicting override sets   name: '@graphql-codegen/client-preset',
477 silly Conflicting override sets   key: '@graphql-codegen/client-preset',
477 silly Conflicting override sets   keySpec: '*',
477 silly Conflicting override sets   value: '4.7.0'
477 silly Conflicting override sets }
478 silly Conflicting override sets @graphql-tools/utils
479 silly Conflicting override sets <ref *1> OverrideSet {
479 silly Conflicting override sets   parent: OverrideSet {
479 silly Conflicting override sets     parent: undefined,
479 silly Conflicting override sets     children: Map(5) {
479 silly Conflicting override sets       '@graphql-tools/url-loader' => [OverrideSet],
479 silly Conflicting override sets       '@graphql-codegen/client-preset' => [Circular *1],
479 silly Conflicting override sets       '@graphql-codegen/typescript-operations' => [OverrideSet],
479 silly Conflicting override sets       'minimatch' => [OverrideSet],
479 silly Conflicting override sets       'vite' => [OverrideSet]
479 silly Conflicting override sets     }
479 silly Conflicting override sets   },
479 silly Conflicting override sets   children: Map(0) {},
479 silly Conflicting override sets   name: '@graphql-codegen/client-preset',
479 silly Conflicting override sets   key: '@graphql-codegen/client-preset',
479 silly Conflicting override sets   keySpec: '*',
479 silly Conflicting override sets   value: '4.7.0'
479 silly Conflicting override sets } <ref *1> OverrideSet {
479 silly Conflicting override sets   parent: OverrideSet {
479 silly Conflicting override sets     parent: undefined,
479 silly Conflicting override sets     children: Map(5) {
479 silly Conflicting override sets       '@graphql-tools/url-loader' => [Circular *1],
479 silly Conflicting override sets       '@graphql-codegen/client-preset' => [OverrideSet],
479 silly Conflicting override sets       '@graphql-codegen/typescript-operations' => [OverrideSet],
479 silly Conflicting override sets       'minimatch' => [OverrideSet],
479 silly Conflicting override sets       'vite' => [OverrideSet]
479 silly Conflicting override sets     }
479 silly Conflicting override sets   },
479 silly Conflicting override sets   children: Map(0) {},
479 silly Conflicting override sets   name: '@graphql-tools/url-loader',
479 silly Conflicting override sets   key: '@graphql-tools/url-loader',
479 silly Conflicting override sets   keySpec: '*',
479 silly Conflicting override sets   value: '8.0.16'
479 silly Conflicting override sets }
480 silly Conflicting override sets graphql
481 silly Conflicting override sets <ref *1> OverrideSet {
481 silly Conflicting override sets   parent: OverrideSet {
481 silly Conflicting override sets     parent: undefined,
481 silly Conflicting override sets     children: Map(5) {
481 silly Conflicting override sets       '@graphql-tools/url-loader' => [OverrideSet],
481 silly Conflicting override sets       '@graphql-codegen/client-preset' => [OverrideSet],
481 silly Conflicting override sets       '@graphql-codegen/typescript-operations' => [Circular *1],
481 silly Conflicting override sets       'minimatch' => [OverrideSet],
481 silly Conflicting override sets       'vite' => [OverrideSet]
481 silly Conflicting override sets     }
481 silly Conflicting override sets   },
481 silly Conflicting override sets   children: Map(0) {},
481 silly Conflicting override sets   name: '@graphql-codegen/typescript-operations',
481 silly Conflicting override sets   key: '@graphql-codegen/typescript-operations',
481 silly Conflicting override sets   keySpec: '*',
481 silly Conflicting override sets   value: '4.5.0'
481 silly Conflicting override sets } <ref *1> OverrideSet {
481 silly Conflicting override sets   parent: OverrideSet {
481 silly Conflicting override sets     parent: undefined,
481 silly Conflicting override sets     children: Map(5) {
481 silly Conflicting override sets       '@graphql-tools/url-loader' => [Circular *1],
481 silly Conflicting override sets       '@graphql-codegen/client-preset' => [OverrideSet],
481 silly Conflicting override sets       '@graphql-codegen/typescript-operations' => [OverrideSet],
481 silly Conflicting override sets       'minimatch' => [OverrideSet],
481 silly Conflicting override sets       'vite' => [OverrideSet]
481 silly Conflicting override sets     }
481 silly Conflicting override sets   },
481 silly Conflicting override sets   children: Map(0) {},
481 silly Conflicting override sets   name: '@graphql-tools/url-loader',
481 silly Conflicting override sets   key: '@graphql-tools/url-loader',
481 silly Conflicting override sets   keySpec: '*',
481 silly Conflicting override sets   value: '8.0.16'
481 silly Conflicting override sets }
482 silly Conflicting override sets @graphql-tools/utils
483 silly Conflicting override sets <ref *1> OverrideSet {
483 silly Conflicting override sets   parent: OverrideSet {
483 silly Conflicting override sets     parent: undefined,
483 silly Conflicting override sets     children: Map(5) {
483 silly Conflicting override sets       '@graphql-tools/url-loader' => [OverrideSet],
483 silly Conflicting override sets       '@graphql-codegen/client-preset' => [Circular *1],
483 silly Conflicting override sets       '@graphql-codegen/typescript-operations' => [OverrideSet],
483 silly Conflicting override sets       'minimatch' => [OverrideSet],
483 silly Conflicting override sets       'vite' => [OverrideSet]
483 silly Conflicting override sets     }
483 silly Conflicting override sets   },
483 silly Conflicting override sets   children: Map(0) {},
483 silly Conflicting override sets   name: '@graphql-codegen/client-preset',
483 silly Conflicting override sets   key: '@graphql-codegen/client-preset',
483 silly Conflicting override sets   keySpec: '*',
483 silly Conflicting override sets   value: '4.7.0'
483 silly Conflicting override sets } <ref *1> OverrideSet {
483 silly Conflicting override sets   parent: OverrideSet {
483 silly Conflicting override sets     parent: undefined,
483 silly Conflicting override sets     children: Map(5) {
483 silly Conflicting override sets       '@graphql-tools/url-loader' => [OverrideSet],
483 silly Conflicting override sets       '@graphql-codegen/client-preset' => [OverrideSet],
483 silly Conflicting override sets       '@graphql-codegen/typescript-operations' => [Circular *1],
483 silly Conflicting override sets       'minimatch' => [OverrideSet],
483 silly Conflicting override sets       'vite' => [OverrideSet]
483 silly Conflicting override sets     }
483 silly Conflicting override sets   },
483 silly Conflicting override sets   children: Map(0) {},
483 silly Conflicting override sets   name: '@graphql-codegen/typescript-operations',
483 silly Conflicting override sets   key: '@graphql-codegen/typescript-operations',
483 silly Conflicting override sets   keySpec: '*',
483 silly Conflicting override sets   value: '4.5.0'
483 silly Conflicting override sets }
484 silly Conflicting override sets graphql
485 silly Conflicting override sets <ref *1> OverrideSet {
485 silly Conflicting override sets   parent: OverrideSet {
485 silly Conflicting override sets     parent: undefined,
485 silly Conflicting override sets     children: Map(5) {
485 silly Conflicting override sets       '@graphql-tools/url-loader' => [OverrideSet],
485 silly Conflicting override sets       '@graphql-codegen/client-preset' => [Circular *1],
485 silly Conflicting override sets       '@graphql-codegen/typescript-operations' => [OverrideSet],
485 silly Conflicting override sets       'minimatch' => [OverrideSet],
485 silly Conflicting override sets       'vite' => [OverrideSet]
485 silly Conflicting override sets     }
485 silly Conflicting override sets   },
485 silly Conflicting override sets   children: Map(0) {},
485 silly Conflicting override sets   name: '@graphql-codegen/client-preset',
485 silly Conflicting override sets   key: '@graphql-codegen/client-preset',
485 silly Conflicting override sets   keySpec: '*',
485 silly Conflicting override sets   value: '4.7.0'
485 silly Conflicting override sets } <ref *1> OverrideSet {
485 silly Conflicting override sets   parent: OverrideSet {
485 silly Conflicting override sets     parent: undefined,
485 silly Conflicting override sets     children: Map(5) {
485 silly Conflicting override sets       '@graphql-tools/url-loader' => [OverrideSet],
485 silly Conflicting override sets       '@graphql-codegen/client-preset' => [OverrideSet],
485 silly Conflicting override sets       '@graphql-codegen/typescript-operations' => [Circular *1],
485 silly Conflicting override sets       'minimatch' => [OverrideSet],
485 silly Conflicting override sets       'vite' => [OverrideSet]
485 silly Conflicting override sets     }
485 silly Conflicting override sets   },
485 silly Conflicting override sets   children: Map(0) {},
485 silly Conflicting override sets   name: '@graphql-codegen/typescript-operations',
485 silly Conflicting override sets   key: '@graphql-codegen/typescript-operations',
485 silly Conflicting override sets   keySpec: '*',
485 silly Conflicting override sets   value: '4.5.0'
485 silly Conflicting override sets }
486 silly Conflicting override sets @graphql-tools/optimize
487 silly Conflicting override sets <ref *1> OverrideSet {
487 silly Conflicting override sets   parent: OverrideSet {
487 silly Conflicting override sets     parent: undefined,
487 silly Conflicting override sets     children: Map(5) {
487 silly Conflicting override sets       '@graphql-tools/url-loader' => [OverrideSet],
487 silly Conflicting override sets       '@graphql-codegen/client-preset' => [Circular *1],
487 silly Conflicting override sets       '@graphql-codegen/typescript-operations' => [OverrideSet],
487 silly Conflicting override sets       'minimatch' => [OverrideSet],
487 silly Conflicting override sets       'vite' => [OverrideSet]
487 silly Conflicting override sets     }
487 silly Conflicting override sets   },
487 silly Conflicting override sets   children: Map(0) {},
487 silly Conflicting override sets   name: '@graphql-codegen/client-preset',
487 silly Conflicting override sets   key: '@graphql-codegen/client-preset',
487 silly Conflicting override sets   keySpec: '*',
487 silly Conflicting override sets   value: '4.7.0'
487 silly Conflicting override sets } <ref *1> OverrideSet {
487 silly Conflicting override sets   parent: OverrideSet {
487 silly Conflicting override sets     parent: undefined,
487 silly Conflicting override sets     children: Map(5) {
487 silly Conflicting override sets       '@graphql-tools/url-loader' => [OverrideSet],
487 silly Conflicting override sets       '@graphql-codegen/client-preset' => [OverrideSet],
487 silly Conflicting override sets       '@graphql-codegen/typescript-operations' => [Circular *1],
487 silly Conflicting override sets       'minimatch' => [OverrideSet],
487 silly Conflicting override sets       'vite' => [OverrideSet]
487 silly Conflicting override sets     }
487 silly Conflicting override sets   },
487 silly Conflicting override sets   children: Map(0) {},
487 silly Conflicting override sets   name: '@graphql-codegen/typescript-operations',
487 silly Conflicting override sets   key: '@graphql-codegen/typescript-operations',
487 silly Conflicting override sets   keySpec: '*',
487 silly Conflicting override sets   value: '4.5.0'
487 silly Conflicting override sets }
488 silly Conflicting override sets @graphql-tools/relay-operation-optimizer
489 silly Conflicting override sets <ref *1> OverrideSet {
489 silly Conflicting override sets   parent: OverrideSet {
489 silly Conflicting override sets     parent: undefined,
489 silly Conflicting override sets     children: Map(5) {
489 silly Conflicting override sets       '@graphql-tools/url-loader' => [OverrideSet],
489 silly Conflicting override sets       '@graphql-codegen/client-preset' => [Circular *1],
489 silly Conflicting override sets       '@graphql-codegen/typescript-operations' => [OverrideSet],
489 silly Conflicting override sets       'minimatch' => [OverrideSet],
489 silly Conflicting override sets       'vite' => [OverrideSet]
489 silly Conflicting override sets     }
489 silly Conflicting override sets   },
489 silly Conflicting override sets   children: Map(0) {},
489 silly Conflicting override sets   name: '@graphql-codegen/client-preset',
489 silly Conflicting override sets   key: '@graphql-codegen/client-preset',
489 silly Conflicting override sets   keySpec: '*',
489 silly Conflicting override sets   value: '4.7.0'
489 silly Conflicting override sets } <ref *1> OverrideSet {
489 silly Conflicting override sets   parent: OverrideSet {
489 silly Conflicting override sets     parent: undefined,
489 silly Conflicting override sets     children: Map(5) {
489 silly Conflicting override sets       '@graphql-tools/url-loader' => [OverrideSet],
489 silly Conflicting override sets       '@graphql-codegen/client-preset' => [OverrideSet],
489 silly Conflicting override sets       '@graphql-codegen/typescript-operations' => [Circular *1],
489 silly Conflicting override sets       'minimatch' => [OverrideSet],
489 silly Conflicting override sets       'vite' => [OverrideSet]
489 silly Conflicting override sets     }
489 silly Conflicting override sets   },
489 silly Conflicting override sets   children: Map(0) {},
489 silly Conflicting override sets   name: '@graphql-codegen/typescript-operations',
489 silly Conflicting override sets   key: '@graphql-codegen/typescript-operations',
489 silly Conflicting override sets   keySpec: '*',
489 silly Conflicting override sets   value: '4.5.0'
489 silly Conflicting override sets }
490 silly Conflicting override sets auto-bind
491 silly Conflicting override sets <ref *1> OverrideSet {
491 silly Conflicting override sets   parent: OverrideSet {
491 silly Conflicting override sets     parent: undefined,
491 silly Conflicting override sets     children: Map(5) {
491 silly Conflicting override sets       '@graphql-tools/url-loader' => [OverrideSet],
491 silly Conflicting override sets       '@graphql-codegen/client-preset' => [Circular *1],
491 silly Conflicting override sets       '@graphql-codegen/typescript-operations' => [OverrideSet],
491 silly Conflicting override sets       'minimatch' => [OverrideSet],
491 silly Conflicting override sets       'vite' => [OverrideSet]
491 silly Conflicting override sets     }
491 silly Conflicting override sets   },
491 silly Conflicting override sets   children: Map(0) {},
491 silly Conflicting override sets   name: '@graphql-codegen/client-preset',
491 silly Conflicting override sets   key: '@graphql-codegen/client-preset',
491 silly Conflicting override sets   keySpec: '*',
491 silly Conflicting override sets   value: '4.7.0'
491 silly Conflicting override sets } <ref *1> OverrideSet {
491 silly Conflicting override sets   parent: OverrideSet {
491 silly Conflicting override sets     parent: undefined,
491 silly Conflicting override sets     children: Map(5) {
491 silly Conflicting override sets       '@graphql-tools/url-loader' => [OverrideSet],
491 silly Conflicting override sets       '@graphql-codegen/client-preset' => [OverrideSet],
491 silly Conflicting override sets       '@graphql-codegen/typescript-operations' => [Circular *1],
491 silly Conflicting override sets       'minimatch' => [OverrideSet],
491 silly Conflicting override sets       'vite' => [OverrideSet]
491 silly Conflicting override sets     }
491 silly Conflicting override sets   },
491 silly Conflicting override sets   children: Map(0) {},
491 silly Conflicting override sets   name: '@graphql-codegen/typescript-operations',
491 silly Conflicting override sets   key: '@graphql-codegen/typescript-operations',
491 silly Conflicting override sets   keySpec: '*',
491 silly Conflicting override sets   value: '4.5.0'
491 silly Conflicting override sets }
492 silly Conflicting override sets dependency-graph
493 silly Conflicting override sets <ref *1> OverrideSet {
493 silly Conflicting override sets   parent: OverrideSet {
493 silly Conflicting override sets     parent: undefined,
493 silly Conflicting override sets     children: Map(5) {
493 silly Conflicting override sets       '@graphql-tools/url-loader' => [OverrideSet],
493 silly Conflicting override sets       '@graphql-codegen/client-preset' => [Circular *1],
493 silly Conflicting override sets       '@graphql-codegen/typescript-operations' => [OverrideSet],
493 silly Conflicting override sets       'minimatch' => [OverrideSet],
493 silly Conflicting override sets       'vite' => [OverrideSet]
493 silly Conflicting override sets     }
493 silly Conflicting override sets   },
493 silly Conflicting override sets   children: Map(0) {},
493 silly Conflicting override sets   name: '@graphql-codegen/client-preset',
493 silly Conflicting override sets   key: '@graphql-codegen/client-preset',
493 silly Conflicting override sets   keySpec: '*',
493 silly Conflicting override sets   value: '4.7.0'
493 silly Conflicting override sets } <ref *1> OverrideSet {
493 silly Conflicting override sets   parent: OverrideSet {
493 silly Conflicting override sets     parent: undefined,
493 silly Conflicting override sets     children: Map(5) {
493 silly Conflicting override sets       '@graphql-tools/url-loader' => [OverrideSet],
493 silly Conflicting override sets       '@graphql-codegen/client-preset' => [OverrideSet],
493 silly Conflicting override sets       '@graphql-codegen/typescript-operations' => [Circular *1],
493 silly Conflicting override sets       'minimatch' => [OverrideSet],
493 silly Conflicting override sets       'vite' => [OverrideSet]
493 silly Conflicting override sets     }
493 silly Conflicting override sets   },
493 silly Conflicting override sets   children: Map(0) {},
493 silly Conflicting override sets   name: '@graphql-codegen/typescript-operations',
493 silly Conflicting override sets   key: '@graphql-codegen/typescript-operations',
493 silly Conflicting override sets   keySpec: '*',
493 silly Conflicting override sets   value: '4.5.0'
493 silly Conflicting override sets }
494 silly Conflicting override sets graphql-tag
495 silly Conflicting override sets <ref *1> OverrideSet {
495 silly Conflicting override sets   parent: OverrideSet {
495 silly Conflicting override sets     parent: undefined,
495 silly Conflicting override sets     children: Map(5) {
495 silly Conflicting override sets       '@graphql-tools/url-loader' => [OverrideSet],
495 silly Conflicting override sets       '@graphql-codegen/client-preset' => [Circular *1],
495 silly Conflicting override sets       '@graphql-codegen/typescript-operations' => [OverrideSet],
495 silly Conflicting override sets       'minimatch' => [OverrideSet],
495 silly Conflicting override sets       'vite' => [OverrideSet]
495 silly Conflicting override sets     }
495 silly Conflicting override sets   },
495 silly Conflicting override sets   children: Map(0) {},
495 silly Conflicting override sets   name: '@graphql-codegen/client-preset',
495 silly Conflicting override sets   key: '@graphql-codegen/client-preset',
495 silly Conflicting override sets   keySpec: '*',
495 silly Conflicting override sets   value: '4.7.0'
495 silly Conflicting override sets } <ref *1> OverrideSet {
495 silly Conflicting override sets   parent: OverrideSet {
495 silly Conflicting override sets     parent: undefined,
495 silly Conflicting override sets     children: Map(5) {
495 silly Conflicting override sets       '@graphql-tools/url-loader' => [OverrideSet],
495 silly Conflicting override sets       '@graphql-codegen/client-preset' => [OverrideSet],
495 silly Conflicting override sets       '@graphql-codegen/typescript-operations' => [Circular *1],
495 silly Conflicting override sets       'minimatch' => [OverrideSet],
495 silly Conflicting override sets       'vite' => [OverrideSet]
495 silly Conflicting override sets     }
495 silly Conflicting override sets   },
495 silly Conflicting override sets   children: Map(0) {},
495 silly Conflicting override sets   name: '@graphql-codegen/typescript-operations',
495 silly Conflicting override sets   key: '@graphql-codegen/typescript-operations',
495 silly Conflicting override sets   keySpec: '*',
495 silly Conflicting override sets   value: '4.5.0'
495 silly Conflicting override sets }
496 silly Conflicting override sets parse-filepath
497 silly Conflicting override sets <ref *1> OverrideSet {
497 silly Conflicting override sets   parent: OverrideSet {
497 silly Conflicting override sets     parent: undefined,
497 silly Conflicting override sets     children: Map(5) {
497 silly Conflicting override sets       '@graphql-tools/url-loader' => [OverrideSet],
497 silly Conflicting override sets       '@graphql-codegen/client-preset' => [Circular *1],
497 silly Conflicting override sets       '@graphql-codegen/typescript-operations' => [OverrideSet],
497 silly Conflicting override sets       'minimatch' => [OverrideSet],
497 silly Conflicting override sets       'vite' => [OverrideSet]
497 silly Conflicting override sets     }
497 silly Conflicting override sets   },
497 silly Conflicting override sets   children: Map(0) {},
497 silly Conflicting override sets   name: '@graphql-codegen/client-preset',
497 silly Conflicting override sets   key: '@graphql-codegen/client-preset',
497 silly Conflicting override sets   keySpec: '*',
497 silly Conflicting override sets   value: '4.7.0'
497 silly Conflicting override sets } <ref *1> OverrideSet {
497 silly Conflicting override sets   parent: OverrideSet {
497 silly Conflicting override sets     parent: undefined,
497 silly Conflicting override sets     children: Map(5) {
497 silly Conflicting override sets       '@graphql-tools/url-loader' => [OverrideSet],
497 silly Conflicting override sets       '@graphql-codegen/client-preset' => [OverrideSet],
497 silly Conflicting override sets       '@graphql-codegen/typescript-operations' => [Circular *1],
497 silly Conflicting override sets       'minimatch' => [OverrideSet],
497 silly Conflicting override sets       'vite' => [OverrideSet]
497 silly Conflicting override sets     }
497 silly Conflicting override sets   },
497 silly Conflicting override sets   children: Map(0) {},
497 silly Conflicting override sets   name: '@graphql-codegen/typescript-operations',
497 silly Conflicting override sets   key: '@graphql-codegen/typescript-operations',
497 silly Conflicting override sets   keySpec: '*',
497 silly Conflicting override sets   value: '4.5.0'
497 silly Conflicting override sets }
498 silly Conflicting override sets change-case-all
499 http fetch GET 200 https://registry.npmjs.org/@prisma%2fadapter-pg 3125ms (cache miss)
500 silly packumentCache full:https://registry.npmjs.org/@prisma%2fadapter-pg set size:undefined disposed:false
501 silly fetch manifest pg@*
502 silly packumentCache full:https://registry.npmjs.org/pg cache-miss
503 http fetch GET 200 https://registry.npmjs.org/pg 225ms (cache miss)
504 silly packumentCache full:https://registry.npmjs.org/pg set size:undefined disposed:false
505 silly fetch manifest pg-native@>=3.0.1
506 silly packumentCache full:https://registry.npmjs.org/pg-native cache-miss
507 http fetch GET 200 https://registry.npmjs.org/pg-native 85ms (cache miss)
508 silly packumentCache full:https://registry.npmjs.org/pg-native set size:undefined disposed:false
509 silly placeDep ROOT @prisma/adapter-pg@7.8.0 OK for:  want: *
510 silly placeDep ROOT pg@8.22.0 OK for:  want: *
511 silly fetch manifest pg@^8.16.3
512 silly packumentCache full:https://registry.npmjs.org/pg cache-miss
513 silly fetch manifest @types/pg@^8.16.0
514 silly packumentCache full:https://registry.npmjs.org/@types%2fpg cache-miss
515 silly fetch manifest postgres-array@3.0.4
516 silly packumentCache full:https://registry.npmjs.org/postgres-array cache-miss
517 silly fetch manifest @prisma/driver-adapter-utils@7.8.0
518 silly packumentCache full:https://registry.npmjs.org/@prisma%2fdriver-adapter-utils cache-miss
519 silly fetch manifest pgpass@1.0.5
520 silly packumentCache full:https://registry.npmjs.org/pgpass cache-miss
521 silly fetch manifest pg-pool@^3.14.0
522 silly packumentCache full:https://registry.npmjs.org/pg-pool cache-miss
523 silly fetch manifest pg-types@2.2.0
524 silly packumentCache full:https://registry.npmjs.org/pg-types cache-miss
525 http cache https://registry.npmjs.org/pg 126ms (cache hit)
526 silly packumentCache full:https://registry.npmjs.org/pg set size:479959 disposed:false
527 silly fetch manifest pg-protocol@^1.15.0
528 silly packumentCache full:https://registry.npmjs.org/pg-protocol cache-miss
529 http fetch GET 200 https://registry.npmjs.org/postgres-array 421ms (cache miss)
530 silly packumentCache full:https://registry.npmjs.org/postgres-array set size:undefined disposed:false
531 silly fetch manifest pg-connection-string@^2.14.0
532 silly packumentCache full:https://registry.npmjs.org/pg-connection-string cache-miss
533 http fetch GET 200 https://registry.npmjs.org/@types%2fpg 478ms (cache miss)
534 silly packumentCache full:https://registry.npmjs.org/@types%2fpg set size:undefined disposed:false
535 silly fetch manifest pg-cloudflare@^1.4.0
536 silly packumentCache full:https://registry.npmjs.org/pg-cloudflare cache-miss
537 http fetch GET 200 https://registry.npmjs.org/pgpass 504ms (cache miss)
538 silly packumentCache full:https://registry.npmjs.org/pgpass set size:undefined disposed:false
539 http fetch GET 200 https://registry.npmjs.org/pg-types 537ms (cache miss)
540 silly packumentCache full:https://registry.npmjs.org/pg-types set size:undefined disposed:false
541 http fetch GET 200 https://registry.npmjs.org/pg-pool 573ms (cache miss)
542 silly packumentCache full:https://registry.npmjs.org/pg-pool set size:undefined disposed:false
543 http fetch GET 200 https://registry.npmjs.org/pg-protocol 453ms (cache miss)
544 silly packumentCache full:https://registry.npmjs.org/pg-protocol set size:undefined disposed:false
545 http fetch GET 200 https://registry.npmjs.org/pg-cloudflare 115ms (cache miss)
546 silly packumentCache full:https://registry.npmjs.org/pg-cloudflare set size:undefined disposed:false
547 http fetch GET 200 https://registry.npmjs.org/pg-connection-string 170ms (cache miss)
548 silly packumentCache full:https://registry.npmjs.org/pg-connection-string set size:undefined disposed:false
549 http fetch GET 200 https://registry.npmjs.org/@prisma%2fdriver-adapter-utils 2255ms (cache miss)
550 silly packumentCache full:https://registry.npmjs.org/@prisma%2fdriver-adapter-utils set size:undefined disposed:false
551 silly placeDep ROOT @prisma/driver-adapter-utils@7.8.0 OK for: @prisma/adapter-pg@7.8.0 want: 7.8.0
552 silly placeDep ROOT @types/pg@8.20.0 OK for: @prisma/adapter-pg@7.8.0 want: ^8.16.0
553 silly placeDep ROOT postgres-array@3.0.4 OK for: @prisma/adapter-pg@7.8.0 want: 3.0.4
554 silly fetch manifest @prisma/debug@7.8.0
555 silly packumentCache full:https://registry.npmjs.org/@prisma%2fdebug cache-miss
556 silly fetch manifest pg-types@^2.2.0
557 silly packumentCache full:https://registry.npmjs.org/pg-types cache-miss
558 silly fetch manifest pg-protocol@*
559 silly packumentCache full:https://registry.npmjs.org/pg-protocol cache-miss
560 http cache https://registry.npmjs.org/pg-types 21ms (cache hit)
561 silly packumentCache full:https://registry.npmjs.org/pg-types set size:51397 disposed:false
562 http cache https://registry.npmjs.org/pg-protocol 28ms (cache hit)
563 silly packumentCache full:https://registry.npmjs.org/pg-protocol set size:55319 disposed:false
564 http fetch GET 200 https://registry.npmjs.org/@prisma%2fdebug 19251ms (cache miss)
565 silly packumentCache full:https://registry.npmjs.org/@prisma%2fdebug set size:undefined disposed:false
566 silly placeDep node_modules/@prisma/driver-adapter-utils @prisma/debug@7.8.0 OK for: @prisma/driver-adapter-utils@7.8.0 want: 7.8.0
567 silly placeDep ROOT pg-protocol@1.15.0 OK for: @types/pg@8.20.0 want: *
568 silly placeDep ROOT pg-types@2.2.0 OK for: @types/pg@8.20.0 want: ^2.2.0
569 silly fetch manifest pg-int8@1.0.1
570 silly packumentCache full:https://registry.npmjs.org/pg-int8 cache-miss
571 silly fetch manifest postgres-date@~1.0.4
572 silly packumentCache full:https://registry.npmjs.org/postgres-date cache-miss
573 silly fetch manifest postgres-array@~2.0.0
574 silly packumentCache full:https://registry.npmjs.org/postgres-array cache-miss
575 silly fetch manifest postgres-bytea@~1.0.0
576 silly packumentCache full:https://registry.npmjs.org/postgres-bytea cache-miss
577 silly fetch manifest postgres-interval@^1.1.0
578 silly packumentCache full:https://registry.npmjs.org/postgres-interval cache-miss
579 http cache https://registry.npmjs.org/postgres-array 32ms (cache hit)
580 silly packumentCache full:https://registry.npmjs.org/postgres-array set size:21967 disposed:false
581 http fetch GET 200 https://registry.npmjs.org/pg-int8 76ms (cache miss)
582 silly packumentCache full:https://registry.npmjs.org/pg-int8 set size:undefined disposed:false
583 http fetch GET 200 https://registry.npmjs.org/postgres-date 126ms (cache miss)
584 silly packumentCache full:https://registry.npmjs.org/postgres-date set size:undefined disposed:false
585 http fetch GET 200 https://registry.npmjs.org/postgres-interval 140ms (cache miss)
586 silly packumentCache full:https://registry.npmjs.org/postgres-interval set size:undefined disposed:false
587 http fetch GET 200 https://registry.npmjs.org/postgres-bytea 275ms (cache miss)
588 silly packumentCache full:https://registry.npmjs.org/postgres-bytea set size:undefined disposed:false
589 silly fetch manifest pg@>=8.0
590 silly packumentCache full:https://registry.npmjs.org/pg cache-hit
591 silly placeDep ROOT pg-cloudflare@1.4.0 OK for: pg@8.22.0 want: ^1.4.0
592 silly placeDep ROOT pg-connection-string@2.14.0 OK for: pg@8.22.0 want: ^2.14.0
593 silly placeDep ROOT pg-pool@3.14.0 OK for: pg@8.22.0 want: ^3.14.0
594 silly placeDep ROOT pgpass@1.0.5 OK for: pg@8.22.0 want: 1.0.5
595 silly fetch manifest split2@^4.1.0
596 silly packumentCache full:https://registry.npmjs.org/split2 cache-miss
597 http fetch GET 200 https://registry.npmjs.org/split2 177ms (cache miss)
598 silly packumentCache full:https://registry.npmjs.org/split2 set size:undefined disposed:false
599 silly placeDep ROOT pg-int8@1.0.1 OK for: pg-types@2.2.0 want: 1.0.1
600 silly placeDep node_modules/pg-types postgres-array@2.0.0 OK for: pg-types@2.2.0 want: ~2.0.0
601 silly placeDep ROOT postgres-bytea@1.0.1 OK for: pg-types@2.2.0 want: ~1.0.0
602 silly placeDep ROOT postgres-date@1.0.7 OK for: pg-types@2.2.0 want: ~1.0.4
603 silly placeDep ROOT postgres-interval@1.2.0 OK for: pg-types@2.2.0 want: ^1.1.0
604 silly placeDep ROOT split2@4.2.0 OK for: pgpass@1.0.5 want: ^4.1.0
605 silly reify moves {}
606 silly audit bulk request {
606 silly audit   '@acemir/cssom': [ '0.9.31' ],
606 silly audit   '@alcalzone/ansi-tokenize': [ '0.1.3' ],
606 silly audit   'ansi-styles': [ '6.2.3', '4.3.0', '5.2.0' ],
606 silly audit   '@ardatan/relay-compiler': [ '13.0.1' ],
606 silly audit   '@ardatan/sync-fetch': [ '0.0.1' ],
606 silly audit   '@asamuzakjp/css-color': [ '5.1.11' ],
606 silly audit   '@asamuzakjp/dom-selector': [ '6.8.1' ],
606 silly audit   'lru-cache': [ '11.5.1', '7.18.3', '6.0.0', '10.4.3', '5.1.1', '4.1.5' ],
606 silly audit   '@asamuzakjp/generational-cache': [ '1.0.1' ],
606 silly audit   '@asamuzakjp/nwsapi': [ '2.3.9' ],
606 silly audit   '@ast-grep/napi': [ '0.33.0' ],
606 silly audit   '@ast-grep/napi-darwin-arm64': [ '0.33.0' ],
606 silly audit   '@ast-grep/napi-darwin-x64': [ '0.33.0' ],
606 silly audit   '@ast-grep/napi-linux-arm64-gnu': [ '0.33.0' ],
606 silly audit   '@ast-grep/napi-linux-arm64-musl': [ '0.33.0' ],
606 silly audit   '@ast-grep/napi-linux-x64-gnu': [ '0.33.0' ],
606 silly audit   '@ast-grep/napi-linux-x64-musl': [ '0.33.0' ],
606 silly audit   '@ast-grep/napi-win32-arm64-msvc': [ '0.33.0' ],
606 silly audit   '@ast-grep/napi-win32-ia32-msvc': [ '0.33.0' ],
606 silly audit   '@ast-grep/napi-win32-x64-msvc': [ '0.33.0' ],
606 silly audit   '@babel/code-frame': [ '7.29.7' ],
606 silly audit   '@babel/compat-data': [ '7.29.7' ],
606 silly audit   '@babel/core': [ '7.29.7' ],
606 silly audit   semver: [ '6.3.1', '7.5.4', '7.8.1', '7.8.5' ],
606 silly audit   '@babel/eslint-parser': [ '7.29.7' ],
606 silly audit   '@babel/generator': [ '7.29.7' ],
606 silly audit   '@babel/helper-annotate-as-pure': [ '7.29.7' ],
606 silly audit   '@babel/helper-compilation-targets': [ '7.29.7' ],
606 silly audit   '@babel/helper-create-class-features-plugin': [ '7.29.7' ],
606 silly audit   '@babel/helper-globals': [ '7.29.7' ],
606 silly audit   '@babel/helper-member-expression-to-functions': [ '7.29.7' ],
606 silly audit   '@babel/helper-module-imports': [ '7.29.7' ],
606 silly audit   '@babel/helper-module-transforms': [ '7.29.7' ],
606 silly audit   '@babel/helper-optimise-call-expression': [ '7.29.7' ],
606 silly audit   '@babel/helper-plugin-utils': [ '7.29.7' ],
606 silly audit   '@babel/helper-replace-supers': [ '7.29.7' ],
606 silly audit   '@babel/helper-skip-transparent-expression-wrappers': [ '7.29.7' ],
606 silly audit   '@babel/helper-string-parser': [ '7.29.7' ],
606 silly audit   '@babel/helper-validator-identifier': [ '7.29.7' ],
606 silly audit   '@babel/helper-validator-option': [ '7.29.7' ],
606 silly audit   '@babel/helpers': [ '7.29.7' ],
606 silly audit   '@babel/parser': [ '7.29.7' ],
606 silly audit   '@babel/plugin-syntax-decorators': [ '7.29.7' ],
606 silly audit   '@babel/plugin-syntax-import-assertions': [ '7.29.7' ],
606 silly audit   '@babel/plugin-syntax-jsx': [ '7.29.7' ],
606 silly audit   '@babel/plugin-syntax-typescript': [ '7.29.7' ],
606 silly audit   '@babel/plugin-transform-modules-commonjs': [ '7.29.7' ],
606 silly audit   '@babel/plugin-transform-react-display-name': [ '7.29.7' ],
606 silly audit   '@babel/plugin-transform-react-jsx': [ '7.29.7' ],
606 silly audit   '@babel/plugin-transform-react-jsx-development': [ '7.29.7' ],
606 silly audit   '@babel/plugin-transform-react-pure-annotations': [ '7.29.7' ],
606 silly audit   '@babel/plugin-transform-typescript': [ '7.29.7' ],
606 silly audit   '@babel/preset-react': [ '7.29.7' ],
606 silly audit   '@babel/preset-typescript': [ '7.29.7' ],
606 silly audit   '@babel/runtime': [ '7.29.7' ],
606 silly audit   '@babel/template': [ '7.29.7' ],
606 silly audit   '@babel/traverse': [ '7.29.7' ],
606 silly audit   '@babel/types': [ '7.29.7' ],
606 silly audit   '@bramus/specificity': [ '2.4.2' ],
606 silly audit   '@bugsnag/browser': [ '7.25.0' ],
606 silly audit   '@bugsnag/core': [ '7.25.0' ],
606 silly audit   '@bugsnag/cuid': [ '3.2.2' ],
606 silly audit   '@bugsnag/js': [ '7.21.0' ],
606 silly audit   '@bugsnag/node': [ '7.25.0' ],
606 silly audit   '@bugsnag/safe-json-stringify': [ '6.1.0' ],
606 silly audit   '@csstools/color-helpers': [ '6.1.0' ],
606 silly audit   '@csstools/css-calc': [ '3.2.1' ],
606 silly audit   '@csstools/css-color-parser': [ '4.1.9' ],
606 silly audit   '@csstools/css-parser-algorithms': [ '4.0.0' ],
606 silly audit   '@csstools/css-syntax-patches-for-csstree': [ '1.1.5' ],
606 silly audit   '@csstools/css-tokenizer': [ '4.0.0' ],
606 silly audit   '@emnapi/core': [ '1.10.0' ],
606 silly audit   '@emnapi/runtime': [ '1.10.0' ],
606 silly audit   '@emnapi/wasi-threads': [ '1.2.1' ],
606 silly audit   '@emotion/hash': [ '0.9.2' ],
606 silly audit   '@envelop/core': [ '5.5.1' ],
606 silly audit   '@envelop/instrumentation': [ '1.0.0' ],
606 silly audit   '@envelop/types': [ '5.2.1' ],
606 silly audit   '@esbuild/aix-ppc64': [ '0.27.4', '0.28.1', '0.25.12' ],
606 silly audit   '@esbuild/android-arm': [ '0.17.6', '0.19.8', '0.27.4', '0.28.1', '0.25.12' ],
606 silly audit   '@esbuild/android-arm64': [ '0.17.6', '0.19.8', '0.27.4', '0.28.1', '0.25.12' ],
606 silly audit   '@esbuild/android-x64': [ '0.17.6', '0.19.8', '0.27.4', '0.28.1', '0.25.12' ],
606 silly audit   '@esbuild/darwin-arm64': [ '0.17.6', '0.19.8', '0.27.4', '0.28.1', '0.25.12' ],
606 silly audit   '@esbuild/darwin-x64': [ '0.17.6', '0.19.8', '0.27.4', '0.28.1', '0.25.12' ],
606 silly audit   '@esbuild/freebsd-arm64': [ '0.17.6', '0.19.8', '0.27.4', '0.28.1', '0.25.12' ],
606 silly audit   '@esbuild/freebsd-x64': [ '0.17.6', '0.19.8', '0.27.4', '0.28.1', '0.25.12' ],
606 silly audit   '@esbuild/linux-arm': [ '0.17.6', '0.19.8', '0.27.4', '0.28.1', '0.25.12' ],
606 silly audit   '@esbuild/linux-arm64': [ '0.17.6', '0.19.8', '0.27.4', '0.28.1', '0.25.12' ],
606 silly audit   '@esbuild/linux-ia32': [ '0.17.6', '0.19.8', '0.27.4', '0.28.1', '0.25.12' ],
606 silly audit   '@esbuild/linux-loong64': [ '0.17.6', '0.19.8', '0.27.4', '0.28.1', '0.25.12' ],
606 silly audit   '@esbuild/linux-mips64el': [ '0.17.6', '0.19.8', '0.27.4', '0.28.1', '0.25.12' ],
606 silly audit   '@esbuild/linux-ppc64': [ '0.17.6', '0.19.8', '0.27.4', '0.28.1', '0.25.12' ],
606 silly audit   '@esbuild/linux-riscv64': [ '0.17.6', '0.19.8', '0.27.4', '0.28.1', '0.25.12' ],
606 silly audit   '@esbuild/linux-s390x': [ '0.17.6', '0.19.8', '0.27.4', '0.28.1', '0.25.12' ],
606 silly audit   '@esbuild/linux-x64': [ '0.17.6', '0.19.8', '0.27.4', '0.28.1', '0.25.12' ],
606 silly audit   '@esbuild/netbsd-arm64': [ '0.27.4', '0.28.1', '0.25.12' ],
606 silly audit   '@esbuild/netbsd-x64': [ '0.17.6', '0.19.8', '0.27.4', '0.28.1', '0.25.12' ],
606 silly audit   '@esbuild/openbsd-arm64': [ '0.27.4', '0.28.1', '0.25.12' ],
606 silly audit   '@esbuild/openbsd-x64': [ '0.17.6', '0.19.8', '0.27.4', '0.28.1', '0.25.12' ],
606 silly audit   '@esbuild/openharmony-arm64': [ '0.27.4', '0.28.1', '0.25.12' ],
606 silly audit   '@esbuild/sunos-x64': [ '0.17.6', '0.19.8', '0.27.4', '0.28.1', '0.25.12' ],
606 silly audit   '@esbuild/win32-arm64': [ '0.17.6', '0.19.8', '0.27.4', '0.28.1', '0.25.12' ],
606 silly audit   '@esbuild/win32-ia32': [ '0.17.6', '0.19.8', '0.27.4', '0.28.1', '0.25.12' ],
606 silly audit   '@esbuild/win32-x64': [ '0.17.6', '0.19.8', '0.27.4', '0.28.1', '0.25.12' ],
606 silly audit   '@eslint-community/eslint-utils': [ '4.9.1' ],
606 silly audit   'eslint-visitor-keys': [ '3.4.3', '1.3.0', '2.1.0' ],
606 silly audit   '@eslint-community/regexpp': [ '4.12.2' ],
606 silly audit   '@eslint/eslintrc': [ '2.1.4' ],
606 silly audit   ajv: [ '6.15.0', '8.20.0' ],
606 silly audit   'json-schema-traverse': [ '0.4.1', '1.0.0' ],
606 silly audit   '@eslint/js': [ '8.57.1' ],
606 silly audit   '@exodus/bytes': [ '1.15.1' ],
606 silly audit   '@fastify/busboy': [ '3.2.0' ],
606 silly audit   '@graphql-codegen/add': [ '5.0.3' ],
606 silly audit   tslib: [ '2.6.3', '2.8.1', '1.14.1' ],
606 silly audit   '@graphql-codegen/cli': [ '5.0.7' ],
606 silly audit   '@graphql-codegen/client-preset': [ '4.7.0' ],
606 silly audit   '@graphql-codegen/schema-ast': [ '4.1.0', '5.0.2' ],
606 silly audit   '@graphql-codegen/typescript': [ '4.1.6', '5.0.10' ],
606 silly audit   '@graphql-codegen/core': [ '4.0.2' ],
606 silly audit   '@graphql-codegen/gql-tag-operations': [ '4.0.16' ],
606 silly audit   '@graphql-codegen/visitor-plugin-common': [ '5.7.1', '5.8.0', '5.7.0', '6.3.0' ],
606 silly audit   '@graphql-codegen/introspection': [ '4.0.3' ],
606 silly audit   '@graphql-codegen/plugin-helpers': [ '5.1.1', '6.3.0' ],
606 silly audit   lodash: [ '4.17.23', '4.17.21', '4.18.1' ],
606 silly audit   '@graphql-tools/utils': [ '11.1.0', '10.11.0' ],
606 silly audit   '@graphql-codegen/typed-document-node': [ '5.1.2' ],
606 silly audit   '@graphql-codegen/typescript-operations': [ '4.5.0' ],
606 silly audit   'dependency-graph': [ '1.0.0', '0.11.0' ],
606 silly audit   '@graphql-hive/signal': [ '1.0.0' ],
606 silly audit   '@graphql-tools/apollo-engine-loader': [ '8.0.30' ],
606 silly audit   '@graphql-tools/batch-execute': [ '9.0.19' ],
606 silly audit   '@graphql-tools/code-file-loader': [ '8.1.32' ],
606 silly audit   '@graphql-tools/delegate': [ '10.2.23' ],
606 silly audit   '@graphql-tools/documents': [ '1.0.1' ],
606 silly audit   '@graphql-tools/executor': [ '1.5.3' ],
606 silly audit   '@graphql-tools/executor-common': [ '0.0.4', '0.0.1' ],
606 silly audit   '@graphql-tools/executor-graphql-ws': [ '1.3.7' ],
606 silly audit   '@whatwg-node/disposablestack': [ '0.0.5', '0.0.6' ],
606 silly audit   '@graphql-tools/executor-http': [ '1.3.3' ],
606 silly audit   '@graphql-tools/executor-legacy-ws': [ '1.1.28' ],
606 silly audit   '@graphql-tools/git-loader': [ '8.0.36' ],
606 silly audit   '@graphql-tools/github-loader': [ '8.0.22' ],
606 silly audit   'data-uri-to-buffer': [ '4.0.1', '3.0.1', '2.0.2' ],
606 silly audit   'node-fetch': [ '3.3.2', '2.7.0' ],
606 silly audit   'sync-fetch': [ '0.6.0-2', '0.6.0' ],
606 silly audit   'whatwg-mimetype': [ '4.0.0', '5.0.0' ],
606 silly audit   '@graphql-tools/graphql-file-loader': [ '8.1.14' ],
606 silly audit   '@graphql-tools/graphql-tag-pluck': [ '8.3.31' ],
606 silly audit   '@graphql-tools/import': [ '7.1.14' ],
606 silly audit   '@graphql-tools/json-file-loader': [ '8.0.28' ],
606 silly audit   '@graphql-tools/load': [ '8.1.10' ],
606 silly audit   '@graphql-tools/merge': [ '9.1.9' ],
606 silly audit   '@graphql-tools/optimize': [ '2.0.0' ],
606 silly audit   '@graphql-tools/prisma-loader': [ '8.0.17' ],
606 silly audit   dotenv: [ '16.6.1', '16.4.5', '17.4.2' ],
606 silly audit   '@graphql-tools/relay-operation-optimizer': [ '7.1.4' ],
606 silly audit   '@graphql-tools/schema': [ '10.0.33' ],
606 silly audit   '@graphql-tools/url-loader': [ '8.0.16' ],
606 silly audit   '@graphql-tools/wrap': [ '10.1.4' ],
606 silly audit   '@graphql-typed-document-node/core': [ '3.2.0' ],
606 silly audit   '@humanwhocodes/config-array': [ '0.13.0' ],
606 silly audit   '@humanwhocodes/module-importer': [ '1.0.1' ],
606 silly audit   '@humanwhocodes/object-schema': [ '2.0.3' ],
606 silly audit   '@iarna/toml': [ '2.2.5' ],
606 silly audit   '@inquirer/external-editor': [ '1.0.3' ],
606 silly audit   'iconv-lite': [ '0.7.2', '0.4.24' ],
606 silly audit   '@ioredis/commands': [ '1.10.0', '1.5.1' ],
606 silly audit   '@isaacs/cliui': [ '8.0.2' ],
606 silly audit   'ansi-regex': [ '6.2.2', '5.0.1' ],
606 silly audit   'string-width': [ '5.1.2', '4.2.3' ],
606 silly audit   'strip-ansi': [ '7.2.0', '7.1.0', '6.0.1' ],
606 silly audit   'wrap-ansi': [ '8.1.0', '6.2.0', '7.0.0' ],
606 silly audit   '@jridgewell/gen-mapping': [ '0.3.13' ],
606 silly audit   '@jridgewell/remapping': [ '2.3.5' ],
606 silly audit   '@jridgewell/resolve-uri': [ '3.1.2' ],
606 silly audit   '@jridgewell/sourcemap-codec': [ '1.5.5' ],
606 silly audit   '@jridgewell/trace-mapping': [ '0.3.31' ],
606 silly audit   '@jspm/core': [ '2.1.0' ],
606 silly audit   '@kwsites/file-exists': [ '1.1.1' ],
606 silly audit   '@kwsites/promise-deferred': [ '1.1.1' ],
606 silly audit   '@luckycatfactory/esbuild-graphql-loader': [ '3.8.1' ],
606 silly audit   '@mdx-js/mdx': [ '2.3.0' ],
606 silly audit   '@msgpackr-extract/msgpackr-extract-darwin-arm64': [ '3.0.4' ],
606 silly audit   '@msgpackr-extract/msgpackr-extract-darwin-x64': [ '3.0.4' ],
606 silly audit   '@msgpackr-extract/msgpackr-extract-linux-arm': [ '3.0.4' ],
606 silly audit   '@msgpackr-extract/msgpackr-extract-linux-arm64': [ '3.0.4' ],
606 silly audit   '@msgpackr-extract/msgpackr-extract-linux-x64': [ '3.0.4' ],
606 silly audit   '@msgpackr-extract/msgpackr-extract-win32-x64': [ '3.0.4' ],
606 silly audit   '@napi-rs/wasm-runtime': [ '1.1.6' ],
606 silly audit   '@nicolo-ribaudo/eslint-scope-5-internals': [ '5.1.1-v1' ],
606 silly audit   '@nodelib/fs.scandir': [ '2.1.5' ],
606 silly audit   '@nodelib/fs.stat': [ '2.0.5' ],
606 silly audit   '@nodelib/fs.walk': [ '1.2.8' ],
606 silly audit   '@nolyfill/is-core-module': [ '1.0.39' ],
606 silly audit   '@npmcli/fs': [ '3.1.1' ],
606 silly audit   '@npmcli/git': [ '4.1.0' ],
606 silly audit   '@npmcli/package-json': [ '4.0.1' ],
606 silly audit   '@npmcli/promise-spawn': [ '6.0.2' ],
606 silly audit   '@oclif/core': [ '3.19.6' ],
606 silly audit   argparse: [ '1.0.10', '2.0.1' ],
606 silly audit   'js-yaml': [ '3.15.0', '4.1.0', '4.3.0' ],
606 silly audit   'sprintf-js': [ '1.0.3', '1.1.3' ],
606 silly audit   '@opentelemetry/api': [ '1.6.0' ],
606 silly audit   '@opentelemetry/api-logs': [ '0.43.0' ],
606 silly audit   '@opentelemetry/core': [ '1.17.1', '1.17.0' ],
606 silly audit   '@opentelemetry/exporter-metrics-otlp-http': [ '0.43.0' ],
606 silly audit   '@opentelemetry/resources': [ '1.17.0', '1.17.1' ],
606 silly audit   '@opentelemetry/sdk-metrics': [ '1.17.0', '1.17.1' ],
606 silly audit   '@opentelemetry/semantic-conventions': [ '1.17.0', '1.17.1' ],
606 silly audit   '@opentelemetry/otlp-exporter-base': [ '0.43.0' ],
606 silly audit   '@opentelemetry/otlp-transformer': [ '0.43.0' ],
606 silly audit   '@opentelemetry/sdk-logs': [ '0.43.0' ],
606 silly audit   '@opentelemetry/sdk-trace-base': [ '1.17.0' ],
606 silly audit   '@parcel/watcher': [ '2.5.6' ],
606 silly audit   '@parcel/watcher-android-arm64': [ '2.5.6' ],
606 silly audit   '@parcel/watcher-darwin-arm64': [ '2.5.6' ],
606 silly audit   '@parcel/watcher-darwin-x64': [ '2.5.6' ],
606 silly audit   '@parcel/watcher-freebsd-x64': [ '2.5.6' ],
606 silly audit   '@parcel/watcher-linux-arm-glibc': [ '2.5.6' ],
606 silly audit   '@parcel/watcher-linux-arm-musl': [ '2.5.6' ],
606 silly audit   '@parcel/watcher-linux-arm64-glibc': [ '2.5.6' ],
606 silly audit   '@parcel/watcher-linux-arm64-musl': [ '2.5.6' ],
606 silly audit   '@parcel/watcher-linux-x64-glibc': [ '2.5.6' ],
606 silly audit   '@parcel/watcher-linux-x64-musl': [ '2.5.6' ],
606 silly audit   '@parcel/watcher-win32-arm64': [ '2.5.6' ],
606 silly audit   '@parcel/watcher-win32-ia32': [ '2.5.6' ],
606 silly audit   '@parcel/watcher-win32-x64': [ '2.5.6' ],
606 silly audit   picomatch: [ '4.0.4', '2.3.2' ],
606 silly audit   '@pkgjs/parseargs': [ '0.11.0' ],
606 silly audit   '@pnpm/config.env-replace': [ '1.1.0' ],
606 silly audit   '@pnpm/network.ca-file': [ '1.0.2' ],
606 silly audit   'graceful-fs': [ '4.2.10', '4.2.11' ],
606 silly audit   '@pnpm/npm-conf': [ '3.0.3' ],
606 silly audit   '@prisma/client': [ '6.19.3' ],
606 silly audit   '@prisma/config': [ '6.19.3' ],
606 silly audit   '@prisma/debug': [ '6.19.3', '7.8.0' ],
606 silly audit   '@prisma/engines': [ '6.19.3' ],
606 silly audit   '@prisma/engines-version': [ '7.1.1-3.c2990dca591cba766e3b7ef5d9e8a84796e47ab7' ],
606 silly audit   '@prisma/fetch-engine': [ '6.19.3' ],
606 silly audit   '@prisma/get-platform': [ '6.19.3' ],
606 silly audit   '@remix-run/dev': [ '2.17.5' ],
606 silly audit   prettier: [ '2.8.8', '3.8.5' ],
606 silly audit   ws: [ '7.5.11', '8.13.0', '8.21.0' ],
606 silly audit   '@remix-run/eslint-config': [ '2.17.5' ],
606 silly audit   '@remix-run/express': [ '2.17.5' ],
606 silly audit   '@remix-run/fs-routes': [ '2.17.5' ],
606 silly audit   '@remix-run/node': [ '2.17.5' ],
606 silly audit   '@remix-run/react': [ '2.17.5' ],
606 silly audit   '@remix-run/route-config': [ '2.17.5' ],
606 silly audit   '@remix-run/router': [ '1.23.3' ],
606 silly audit   '@remix-run/serve': [ '2.17.5' ],
606 silly audit   '@remix-run/server-runtime': [ '2.17.5' ],
606 silly audit   '@remix-run/web-blob': [ '3.1.0' ],
606 silly audit   '@remix-run/web-fetch': [ '4.4.2' ],
606 silly audit   '@remix-run/web-file': [ '3.1.0' ],
606 silly audit   '@remix-run/web-form-data': [ '3.1.0' ],
606 silly audit   '@remix-run/web-stream': [ '1.1.0' ],
606 silly audit   '@repeaterjs/repeater': [ '3.1.0' ],
606 silly audit   '@rollup/rollup-android-arm-eabi': [ '4.62.2' ],
606 silly audit   '@rollup/rollup-android-arm64': [ '4.62.2' ],
606 silly audit   '@rollup/rollup-darwin-arm64': [ '4.62.2' ],
606 silly audit   '@rollup/rollup-darwin-x64': [ '4.62.2' ],
606 silly audit   '@rollup/rollup-freebsd-arm64': [ '4.62.2' ],
606 silly audit   '@rollup/rollup-freebsd-x64': [ '4.62.2' ],
606 silly audit   '@rollup/rollup-linux-arm-gnueabihf': [ '4.62.2' ],
606 silly audit   '@rollup/rollup-linux-arm-musleabihf': [ '4.62.2' ],
606 silly audit   '@rollup/rollup-linux-arm64-gnu': [ '4.62.2' ],
606 silly audit   '@rollup/rollup-linux-arm64-musl': [ '4.62.2' ],
606 silly audit   '@rollup/rollup-linux-loong64-gnu': [ '4.62.2' ],
606 silly audit   '@rollup/rollup-linux-loong64-musl': [ '4.62.2' ],
606 silly audit   '@rollup/rollup-linux-ppc64-gnu': [ '4.62.2' ],
606 silly audit   '@rollup/rollup-linux-ppc64-musl': [ '4.62.2' ],
606 silly audit   '@rollup/rollup-linux-riscv64-gnu': [ '4.62.2' ],
606 silly audit   '@rollup/rollup-linux-riscv64-musl': [ '4.62.2' ],
606 silly audit   '@rollup/rollup-linux-s390x-gnu': [ '4.62.2' ],
606 silly audit   '@rollup/rollup-linux-x64-gnu': [ '4.62.2' ],
606 silly audit   '@rollup/rollup-linux-x64-musl': [ '4.62.2' ],
606 silly audit   '@rollup/rollup-openbsd-x64': [ '4.62.2' ],
606 silly audit   '@rollup/rollup-openharmony-arm64': [ '4.62.2' ],
606 silly audit   '@rollup/rollup-win32-arm64-msvc': [ '4.62.2' ],
606 silly audit   '@rollup/rollup-win32-ia32-msvc': [ '4.62.2' ],
606 silly audit   '@rollup/rollup-win32-x64-gnu': [ '4.62.2' ],
606 silly audit   '@rollup/rollup-win32-x64-msvc': [ '4.62.2' ],
606 silly audit   '@rtsao/scc': [ '1.1.0' ],
606 silly audit   '@rushstack/eslint-patch': [ '1.16.1' ],
606 silly audit   '@shopify/admin-api-client': [ '1.1.2' ],
606 silly audit   '@shopify/api-codegen-preset': [ '1.2.2' ],
606 silly audit   '@shopify/app': [ '3.58.2' ],
606 silly audit   '@shopify/app-bridge-react': [ '4.2.11' ],
606 silly audit   '@shopify/app-bridge-types': [ '0.7.1' ],
606 silly audit   '@shopify/polaris': [ '12.10.0', '12.27.0' ],
606 silly audit   chokidar: [ '3.5.3', '4.0.3', '3.6.0' ],
606 silly audit   cookie: [ '0.5.0', '0.7.2' ],
606 silly audit   'cookie-signature': [ '1.0.6', '1.2.2', '1.0.7' ],
606 silly audit   'cross-fetch': [ '3.2.0', '4.1.0' ],
606 silly audit   debug: [ '2.6.9', '4.4.3', '3.2.7' ],
606 silly audit   ms: [ '2.0.0', '2.1.3' ],
606 silly audit   encodeurl: [ '1.0.2', '2.0.0' ],
606 silly audit   esbuild: [ '0.19.8', '0.27.4', '0.17.6', '0.28.1', '0.25.12' ],
606 silly audit   express: [ '4.18.2', '4.22.2' ],
606 silly audit   'body-parser': [ '1.20.1', '1.20.2', '1.20.5' ],
606 silly audit   finalhandler: [ '1.2.0', '1.3.2' ],
606 silly audit   'form-data': [ '3.0.5', '4.0.0', '2.3.3' ],
606 silly audit   'graphql-request': [ '5.2.0', '6.1.0' ],
606 silly audit   'merge-descriptors': [ '1.0.1', '1.0.3' ],
606 silly audit   micromatch: [ '4.0.5', '4.0.8' ],
606 silly audit   mime: [ '1.6.0', '1.2.11' ],
606 silly audit   'path-to-regexp': [ '0.1.7', '0.1.13' ],
606 silly audit   'raw-body': [ '2.5.1', '2.5.3', '2.5.2' ],
606 silly audit   react: [ '18.2.0', '18.3.1' ],
606 silly audit   'react-dom': [ '18.2.0', '18.3.1' ],
606 silly audit   send: [ '0.18.0', '0.19.2' ],
606 silly audit   statuses: [ '2.0.1', '2.0.2' ],
606 silly audit   '@shopify/cli': [ '3.94.3' ],
606 silly audit   '@shopify/cli-kit': [ '3.58.2' ],
606 silly audit   'ansi-escapes': [ '6.2.0', '4.3.2', '6.2.1', '5.0.0' ],
606 silly audit   chalk: [ '5.3.0', '4.1.2', '5.6.2' ],
606 silly audit   execa: [ '7.2.0', '5.1.1', '0.9.0' ],
606 silly audit   'fs-extra': [ '11.1.0', '10.1.0' ],
606 silly audit   graphql: [ '16.8.1', '16.14.2' ],
606 silly audit   'human-signals': [ '4.3.1', '2.1.0' ],
606 silly audit   'is-stream': [ '3.0.0', '2.0.1', '1.1.0' ],
606 silly audit   'npm-run-path': [ '5.3.0', '4.0.1', '2.0.2' ],
606 silly audit   onetime: [ '6.0.0', '5.1.2' ],
606 silly audit   'path-key': [ '4.0.0', '3.1.1', '2.0.1' ],
606 silly audit   pathe: [ '1.1.1', '2.0.3', '1.1.2' ],
606 silly audit   'strip-final-newline': [ '3.0.0', '2.0.0' ],
606 silly audit   'supports-color': [ '7.2.0', '8.1.1' ],
606 silly audit   'supports-hyperlinks': [ '3.0.0', '2.3.0' ],
606 silly audit   tr46: [ '0.0.3', '6.0.0' ],
606 silly audit   'type-fest': [
606 silly audit     '3.13.1', '0.21.3',
606 silly audit     '1.4.0',  '2.19.0',
606 silly audit     '0.20.2', '0.12.0',
606 silly audit     '0.13.1', '4.41.0'
606 silly audit   ],
606 silly audit   'webidl-conversions': [ '3.0.1', '8.0.1' ],
606 silly audit   'whatwg-url': [ '5.0.0', '16.0.1' ],
606 silly audit   yallist: [ '4.0.0', '2.1.2', '3.1.1' ],
606 silly audit   zod: [ '3.22.3', '4.4.3' ],
606 silly audit   '@shopify/create-app': [ '3.58.2' ],
606 silly audit   '@shopify/function-runner': [ '4.1.1' ],
606 silly audit   '@shopify/graphql-client': [ '1.4.2' ],
606 silly audit   '@shopify/graphql-codegen': [ '0.1.0' ],
606 silly audit   '@shopify/liquid-html-parser': [ '2.0.3' ],
606 silly audit   '@shopify/network': [ '3.3.0' ],
606 silly audit   '@shopify/plugin-cloudflare': [ '3.58.2' ],
606 silly audit   '@shopify/polaris-icons': [ '8.0.0', '8.11.1' ],
606 silly audit   '@shopify/polaris-tokens': [ '8.10.0' ],
606 silly audit   '@shopify/shopify-api': [ '11.14.1', '13.1.0' ],
606 silly audit   '@shopify/shopify-app-remix': [ '4.2.1' ],
606 silly audit   '@shopify/shopify-app-session-storage': [ '5.0.1', '3.0.20' ],
606 silly audit   '@shopify/shopify-app-session-storage-prisma': [ '6.0.9' ],
606 silly audit   '@shopify/storefront-api-client': [ '1.0.10' ],
606 silly audit   '@shopify/theme-check-common': [ '2.2.2' ],
606 silly audit   '@shopify/theme-check-docs-updater': [ '2.2.2' ],
606 silly audit   'env-paths': [ '2.2.1', '3.0.0' ],
606 silly audit   '@shopify/theme-check-node': [ '2.2.2' ],
606 silly audit   glob: [ '8.1.0', '7.2.3', '10.5.0' ],
606 silly audit   '@sindresorhus/is': [ '5.6.0' ],
606 silly audit   '@standard-schema/spec': [ '1.1.0' ],
606 silly audit   '@szmarczak/http-timer': [ '5.0.1' ],
606 silly audit   '@testing-library/dom': [ '8.20.1' ],
606 silly audit   '@tybys/wasm-util': [ '0.10.3' ],
606 silly audit   '@types/acorn': [ '4.0.6' ],
606 silly audit   '@types/archiver': [ '5.3.2' ],
606 silly audit   '@types/aria-query': [ '5.0.4' ],
606 silly audit   '@types/cli-progress': [ '3.11.6' ],
606 silly audit   '@types/cookie': [ '0.6.0' ],
606 silly audit   '@types/debug': [ '4.1.13' ],
606 silly audit   '@types/eslint': [ '9.6.1' ],
606 silly audit   '@types/estree': [ '1.0.9' ],
606 silly audit   '@types/estree-jsx': [ '1.0.5' ],
606 silly audit   '@types/hast': [ '2.3.10' ],
606 silly audit   '@types/http-cache-semantics': [ '4.2.0' ],
606 silly audit   '@types/js-yaml': [ '4.0.9' ],
606 silly audit   '@types/json-schema': [ '7.0.15' ],
606 silly audit   '@types/json5': [ '0.0.29' ],
606 silly audit   '@types/mdast': [ '3.0.15' ],
606 silly audit   '@types/mdx': [ '2.0.14' ],
606 silly audit   '@types/ms': [ '2.1.0' ],
606 silly audit   '@types/node': [ '22.20.0' ],
606 silly audit   '@types/prop-types': [ '15.7.15' ],
606 silly audit   '@types/react': [ '18.3.31' ],
606 silly audit   '@types/react-dom': [ '18.3.7' ],
606 silly audit   '@types/react-transition-group': [ '4.4.12' ],
606 silly audit   '@types/readdir-glob': [ '1.1.5' ],
606 silly audit   '@types/semver': [ '7.7.1' ],
606 silly audit   '@types/tinycolor2': [ '1.4.6' ],
606 silly audit   '@types/trusted-types': [ '2.0.7' ],
606 silly audit   '@types/unist': [ '2.0.11' ],
606 silly audit   '@types/ws': [ '8.18.1' ],
606 silly audit   '@typescript-eslint/eslint-plugin': [ '5.62.0' ],
606 silly audit   '@typescript-eslint/parser': [ '5.62.0' ],
606 silly audit   '@typescript-eslint/scope-manager': [ '5.62.0' ],
606 silly audit   '@typescript-eslint/type-utils': [ '5.62.0' ],
606 silly audit   '@typescript-eslint/types': [ '5.62.0' ],
606 silly audit   '@typescript-eslint/typescript-estree': [ '5.62.0' ],
606 silly audit   '@typescript-eslint/utils': [ '5.62.0' ],
606 silly audit   '@typescript-eslint/visitor-keys': [ '5.62.0' ],
606 silly audit   '@ungap/structured-clone': [ '1.3.2' ],
606 silly audit   '@unrs/resolver-binding-android-arm-eabi': [ '1.12.2' ],
606 silly audit   '@unrs/resolver-binding-android-arm64': [ '1.12.2' ],
606 silly audit   '@unrs/resolver-binding-darwin-arm64': [ '1.12.2' ],
606 silly audit   '@unrs/resolver-binding-darwin-x64': [ '1.12.2' ],
606 silly audit   '@unrs/resolver-binding-freebsd-x64': [ '1.12.2' ],
606 silly audit   '@unrs/resolver-binding-linux-arm-gnueabihf': [ '1.12.2' ],
606 silly audit   '@unrs/resolver-binding-linux-arm-musleabihf': [ '1.12.2' ],
606 silly audit   '@unrs/resolver-binding-linux-arm64-gnu': [ '1.12.2' ],
606 silly audit   '@unrs/resolver-binding-linux-arm64-musl': [ '1.12.2' ],
606 silly audit   '@unrs/resolver-binding-linux-loong64-gnu': [ '1.12.2' ],
606 silly audit   '@unrs/resolver-binding-linux-loong64-musl': [ '1.12.2' ],
606 silly audit   '@unrs/resolver-binding-linux-ppc64-gnu': [ '1.12.2' ],
606 silly audit   '@unrs/resolver-binding-linux-riscv64-gnu': [ '1.12.2' ],
606 silly audit   '@unrs/resolver-binding-linux-riscv64-musl': [ '1.12.2' ],
606 silly audit   '@unrs/resolver-binding-linux-s390x-gnu': [ '1.12.2' ],
606 silly audit   '@unrs/resolver-binding-linux-x64-gnu': [ '1.12.2' ],
606 silly audit   '@unrs/resolver-binding-linux-x64-musl': [ '1.12.2' ],
606 silly audit   '@unrs/resolver-binding-openharmony-arm64': [ '1.12.2' ],
606 silly audit   '@unrs/resolver-binding-wasm32-wasi': [ '1.12.2' ],
606 silly audit   '@unrs/resolver-binding-win32-arm64-msvc': [ '1.12.2' ],
606 silly audit   '@unrs/resolver-binding-win32-ia32-msvc': [ '1.12.2' ],
606 silly audit   '@unrs/resolver-binding-win32-x64-msvc': [ '1.12.2' ],
606 silly audit   '@vanilla-extract/babel-plugin-debug-ids': [ '1.2.2' ],
606 silly audit   '@vanilla-extract/css': [ '1.21.0' ],
606 silly audit   '@vanilla-extract/integration': [ '6.5.0' ],
606 silly audit   'find-up': [ '5.0.0', '6.3.0' ],
606 silly audit   'locate-path': [ '6.0.0', '7.2.0' ],
606 silly audit   'p-locate': [ '5.0.0', '6.0.0' ],
606 silly audit   'path-exists': [ '4.0.0', '5.0.0' ],
606 silly audit   'vite-node': [ '1.6.1', '3.2.4' ],
606 silly audit   '@vanilla-extract/private': [ '1.0.9' ],
606 silly audit   '@web3-storage/multipart-parser': [ '1.0.0' ],
606 silly audit   '@whatwg-node/fetch': [ '0.10.13' ],
606 silly audit   '@whatwg-node/node-fetch': [ '0.8.6' ],
606 silly audit   '@whatwg-node/promise-helpers': [ '1.3.2' ],
606 silly audit   '@zxing/text-encoding': [ '0.9.0' ],
606 silly audit   'abort-controller': [ '3.0.0' ],
606 silly audit   accepts: [ '1.3.8' ],
606 silly audit   negotiator: [ '0.6.3', '0.6.4' ],
606 silly audit   acorn: [ '8.17.0' ],
606 silly audit   'acorn-jsx': [ '5.3.2' ],
606 silly audit   'agent-base': [ '7.1.4' ],
606 silly audit   'aggregate-error': [ '3.1.0' ],
606 silly audit   'clean-stack': [ '2.2.0', '3.0.1' ],
606 silly audit   'ajv-formats': [ '2.1.1' ],
606 silly audit   ansicolors: [ '0.3.2' ],
606 silly audit   anymatch: [ '3.1.3' ],
606 silly audit   archiver: [ '5.3.2' ],
606 silly audit   'archiver-utils': [ '2.1.0', '3.0.4' ],
606 silly audit   isarray: [ '1.0.0', '2.0.5' ],
606 silly audit   'readable-stream': [ '2.3.8', '3.6.2' ],
606 silly audit   'safe-buffer': [ '5.1.2', '5.2.1' ],
606 silly audit   string_decoder: [ '1.1.1', '1.3.0' ],
606 silly audit   arg: [ '5.0.2' ],
606 silly audit   'aria-query': [ '5.1.3', '5.3.2' ],
606 silly audit   'array-buffer-byte-length': [ '1.0.2' ],
606 silly audit   'array-flatten': [ '1.1.1' ],
606 silly audit   'array-includes': [ '3.1.9' ],
606 silly audit   'array-union': [ '2.1.0' ],
606 silly audit   'array.prototype.findlast': [ '1.2.5' ],
606 silly audit   'array.prototype.findlastindex': [ '1.2.6' ],
606 silly audit   'array.prototype.flat': [ '1.3.3' ],
606 silly audit   'array.prototype.flatmap': [ '1.3.3' ],
606 silly audit   'array.prototype.tosorted': [ '1.1.4' ],
606 silly audit   'arraybuffer.prototype.slice': [ '1.0.4' ],
606 silly audit   'as-table': [ '1.0.55' ],
606 silly audit   asn1: [ '0.2.6' ],
606 silly audit   'assert-plus': [ '1.0.0' ],
606 silly audit   'ast-types-flow': [ '0.0.8' ],
606 silly audit   'astral-regex': [ '2.0.0' ],
606 silly audit   astring: [ '1.9.0' ],
606 silly audit   async: [ '3.2.6' ],
606 silly audit   'async-function': [ '1.0.0' ],
606 silly audit   asynckit: [ '0.4.0' ],
606 silly audit   atomically: [ '2.1.1' ],
606 silly audit   'auto-bind': [ '4.0.0', '5.0.1' ],
606 silly audit   'available-typed-arrays': [ '1.0.7' ],
606 silly audit   'aws-sign2': [ '0.7.0' ],
606 silly audit   aws4: [ '1.13.2' ],
606 silly audit   'axe-core': [ '4.12.1' ],
606 silly audit   'axobject-query': [ '4.1.0' ],
606 silly audit   bail: [ '2.0.2' ],
606 silly audit   'balanced-match': [ '1.0.2' ],
606 silly audit   'base64-js': [ '1.5.1' ],
606 silly audit   'baseline-browser-mapping': [ '2.10.40' ],
606 silly audit   'basic-auth': [ '2.0.1' ],
606 silly audit   'bcrypt-pbkdf': [ '1.0.2' ],
606 silly audit   'bidi-js': [ '1.0.3' ],
606 silly audit   'binary-extensions': [ '2.3.0' ],
606 silly audit   bl: [ '4.1.0' ],
606 silly audit   boolean: [ '3.2.0' ],
606 silly audit   bottleneck: [ '2.19.5' ],
606 silly audit   'brace-expansion': [ '2.1.1' ],
606 silly audit   braces: [ '3.0.3' ],
606 silly audit   'browserify-zlib': [ '0.1.4' ],
606 silly audit   browserslist: [ '4.28.4' ],
606 silly audit   buffer: [ '5.7.1' ],
606 silly audit   'buffer-crc32': [ '0.2.13' ],
606 silly audit   'buffer-equal-constant-time': [ '1.0.1' ],
606 silly audit   'buffer-from': [ '1.1.2' ],
606 silly audit   bullmq: [ '5.79.1' ],
606 silly audit   ioredis: [ '5.10.1', '5.11.1' ],
606 silly audit   byline: [ '5.0.0' ],
606 silly audit   bytes: [ '3.1.2' ],
606 silly audit   c12: [ '3.1.0' ],
606 silly audit   jiti: [ '2.7.0', '1.21.7' ],
606 silly audit   readdirp: [ '4.1.2', '3.6.0' ],
606 silly audit   cac: [ '6.7.14' ],
606 silly audit   cacache: [ '17.1.4' ],
606 silly audit   'cacheable-lookup': [ '7.0.0' ],
606 silly audit   'cacheable-request': [ '10.2.14' ],
606 silly audit   cachedir: [ '2.4.0' ],
606 silly audit   'call-bind': [ '1.0.9' ],
606 silly audit   'call-bind-apply-helpers': [ '1.0.2' ],
606 silly audit   'call-bound': [ '1.0.4' ],
606 silly audit   callsites: [ '3.1.0' ],
606 silly audit   'camel-case': [ '4.1.2' ],
606 silly audit   'caniuse-lite': [ '1.0.30001799' ],
606 silly audit   'capital-case': [ '1.0.4' ],
606 silly audit   cardinal: [ '2.1.1' ],
606 silly audit   caseless: [ '0.12.0' ],
606 silly audit   ccount: [ '2.0.1' ],
606 silly audit   'change-case': [ '4.1.2' ],
606 silly audit   'change-case-all': [ '1.0.15' ],
606 silly audit   'character-entities': [ '2.0.2' ],
606 silly audit   'character-entities-html4': [ '2.1.0' ],
606 silly audit   'character-entities-legacy': [ '3.0.0' ],
606 silly audit   'character-reference-invalid': [ '2.0.1' ],
606 silly audit   chardet: [ '2.2.0' ],
606 silly audit   chownr: [ '2.0.0', '1.1.4' ],
606 silly audit   'ci-info': [ '3.9.0' ],
606 silly audit   citty: [ '0.1.6', '0.2.2' ],
606 silly audit   'cli-boxes': [ '3.0.0' ],
606 silly audit   'cli-cursor': [ '4.0.0', '3.1.0' ],
606 silly audit   'cli-progress': [ '3.12.0' ],
606 silly audit   'cli-spinners': [ '2.9.2' ],
606 silly audit   'cli-truncate': [ '3.1.0', '2.1.0' ],
606 silly audit   'slice-ansi': [ '5.0.0', '6.0.0', '3.0.0', '4.0.0' ],
606 silly audit   'cli-width': [ '3.0.0' ],
606 silly audit   cliui: [ '8.0.1' ],
606 silly audit   clone: [ '1.0.4' ],
606 silly audit   'cluster-key-slot': [ '1.1.1' ],
606 silly audit   'code-error-fragment': [ '0.0.230' ],
606 silly audit   'code-excerpt': [ '4.0.0' ],
606 silly audit   color: [ '4.2.3' ],
606 silly audit   'color-convert': [ '2.0.1' ],
606 silly audit   'color-json': [ '3.0.5' ],
606 silly audit   'color-name': [ '1.1.4' ],
606 silly audit   'color-string': [ '1.9.1' ],
606 silly audit   colorette: [ '2.0.20' ],
606 silly audit   'combined-stream': [ '1.0.8' ],
606 silly audit   'comma-separated-tokens': [ '2.0.3' ],
606 silly audit   commander: [ '5.1.0', '10.0.1' ],
606 silly audit   'common-tags': [ '1.8.2' ],
606 silly audit   commondir: [ '1.0.1' ],
606 silly audit   'compare-versions': [ '6.1.1' ],
606 silly audit   'compress-commons': [ '4.1.2' ],
606 silly audit   compressible: [ '2.0.18' ],
606 silly audit   compression: [ '1.8.1' ],
606 silly audit   concurrently: [ '9.2.3' ],
606 silly audit   'shell-quote': [ '1.8.4', '1.9.0' ],
606 silly audit   yargs: [ '17.7.2', '17.7.3' ],
606 silly audit   conf: [ '11.0.2' ],
606 silly audit   confbox: [ '0.2.4', '0.1.8' ],
606 silly audit   'config-chain': [ '1.1.13' ],
606 silly audit   consola: [ '3.4.2' ],
606 silly audit   'constant-case': [ '3.0.4' ],
606 silly audit   'content-disposition': [ '0.5.4' ],
606 silly audit   'content-type': [ '1.0.5' ],
606 silly audit   'convert-source-map': [ '2.0.0' ],
606 silly audit   'convert-to-spaces': [ '2.0.1' ],
606 silly audit   'cookie-es': [ '0.5.0' ],
606 silly audit   cookiejar: [ '2.1.4' ],
606 silly audit   'core-util-is': [ '1.0.2' ],
606 silly audit   cosmiconfig: [ '8.3.6' ],
606 silly audit   'crc-32': [ '1.2.2' ],
606 silly audit   'crc32-stream': [ '4.0.3' ],
606 silly audit   'cron-parser': [ '4.9.0' ],
606 silly audit   'cross-inspect': [ '1.0.1' ],
606 silly audit   'cross-spawn': [ '7.0.6', '5.1.0' ],
606 silly audit   which: [ '2.0.2', '1.3.1', '3.0.1' ],
606 silly audit   'cross-zip': [ '4.0.0' ],
606 silly audit   crypto: [ '1.0.1' ],
606 silly audit   'crypto-random-string': [ '4.0.0' ],
606 silly audit   'css-tree': [ '3.2.1' ],
606 silly audit   'css-what': [ '6.2.2' ],
606 silly audit   cssesc: [ '3.0.0' ],
606 silly audit   cssstyle: [ '6.2.0' ],
606 silly audit   csstype: [ '3.2.3' ],
606 silly audit   'damerau-levenshtein': [ '1.0.8' ],
606 silly audit   dashdash: [ '1.14.1' ],
606 silly audit   'data-urls': [ '7.0.0' ],
606 silly audit   'data-view-buffer': [ '1.0.2' ],
606 silly audit   'data-view-byte-length': [ '1.0.2' ],
606 silly audit   'data-view-byte-offset': [ '1.0.1' ],
606 silly audit   dataloader: [ '2.2.3' ],
606 silly audit   dayjs: [ '1.11.21' ],
606 silly audit   debounce: [ '1.2.1' ],
606 silly audit   'debounce-fn': [ '5.1.2' ],
606 silly audit   'decimal.js': [ '10.6.0' ],
606 silly audit   'decode-named-character-reference': [ '1.3.0' ],
606 silly audit   'decompress-response': [ '6.0.0' ],
606 silly audit   'mimic-response': [ '3.1.0', '4.0.0' ],
606 silly audit   dedent: [ '1.7.2' ],
606 silly audit   'deep-equal': [ '2.2.3' ],
606 silly audit   'deep-extend': [ '0.6.0' ],
606 silly audit   'deep-is': [ '0.1.4' ],
606 silly audit   'deep-object-diff': [ '1.1.9' ],
606 silly audit   deepmerge: [ '4.3.1' ],
606 silly audit   'deepmerge-ts': [ '7.1.5' ],
606 silly audit   defaults: [ '1.0.4' ],
606 silly audit   'defer-to-connect': [ '2.0.1' ],
606 silly audit   'define-data-property': [ '1.1.4' ],
606 silly audit   'define-lazy-prop': [ '2.0.0' ],
606 silly audit   'define-properties': [ '1.2.1' ],
606 silly audit   defu: [ '6.1.7' ],
606 silly audit   del: [ '6.1.1' ],
606 silly audit   'delayed-stream': [ '1.0.0' ],
606 silly audit   denque: [ '2.1.0' ],
606 silly audit   depd: [ '2.0.0' ],
606 silly audit   dequal: [ '2.0.3' ],
606 silly audit   destr: [ '1.2.2', '2.0.5' ],
606 silly audit   destroy: [ '1.2.0' ],
606 silly audit   'detect-indent': [ '6.1.0' ],
606 silly audit   'detect-libc': [ '2.1.2' ],
606 silly audit   'detect-node': [ '2.1.0' ],
606 silly audit   diff: [ '5.1.0' ],
606 silly audit   'dir-glob': [ '3.0.1' ],
606 silly audit   doctrine: [ '3.0.0', '2.1.0' ],
606 silly audit   'dom-accessibility-api': [ '0.5.16' ],
606 silly audit   'dom-helpers': [ '5.2.1' ],
606 silly audit   'dom-serializer': [ '2.0.0' ],
606 silly audit   entities: [ '4.5.0', '8.0.0', '7.0.1' ],
606 silly audit   domelementtype: [ '2.3.0' ],
606 silly audit   domhandler: [ '5.0.3' ],
606 silly audit   dompurify: [ '3.4.11' ],
606 silly audit   domutils: [ '3.2.2' ],
606 silly audit   'dot-case': [ '3.0.4' ],
606 silly audit   'dot-prop': [ '7.2.0' ],
606 silly audit   dset: [ '3.1.4' ],
606 silly audit   'dunder-proto': [ '1.0.1' ],
606 silly audit   duplexify: [ '3.7.1' ],
606 silly audit   eastasianwidth: [ '0.2.0' ],
606 silly audit   'ecc-jsbn': [ '0.1.2' ],
606 silly audit   'ecdsa-sig-formatter': [ '1.0.11' ],
606 silly audit   'ee-first': [ '1.1.1' ],
606 silly audit   effect: [ '3.21.0' ],
606 silly audit   ejs: [ '3.1.10' ],
606 silly audit   'electron-to-chromium': [ '1.5.380' ],
606 silly audit   'emoji-regex': [ '9.2.2', '8.0.0' ],
606 silly audit   empathic: [ '2.0.0' ],
606 silly audit   'end-of-stream': [ '1.4.5' ],
606 silly audit   'err-code': [ '2.0.3' ],
606 silly audit   'error-ex': [ '1.3.4' ],
606 silly audit   'error-stack-parser': [ '2.1.4' ],
606 silly audit   'es-abstract': [ '1.24.2' ],
606 silly audit   'es-abstract-get': [ '1.0.0' ],
606 silly audit   'es-define-property': [ '1.0.1' ],
606 silly audit   'es-errors': [ '1.3.0' ],
606 silly audit   'es-get-iterator': [ '1.1.3' ],
606 silly audit   'es-iterator-helpers': [ '1.3.3' ],
606 silly audit   'es-module-lexer': [ '1.7.0' ],
606 silly audit   'es-object-atoms': [ '1.1.2' ],
606 silly audit   'es-set-tostringtag': [ '2.1.0' ],
606 silly audit   'es-shim-unscopables': [ '1.1.0' ],
606 silly audit   'es-to-primitive': [ '1.3.4' ],
606 silly audit   'es6-error': [ '4.1.1' ],
606 silly audit   'esbuild-plugins-node-modules-polyfill': [ '1.8.2' ],
606 silly audit   escalade: [ '3.2.0' ],
606 silly audit   'escape-html': [ '1.0.3' ],
606 silly audit   'escape-string-regexp': [ '4.0.0', '5.0.0', '1.0.5', '2.0.0' ],
606 silly audit   eslint: [ '8.57.1' ],
606 silly audit   'eslint-config-prettier': [ '10.1.8' ],
606 silly audit   'eslint-import-resolver-node': [ '0.3.7', '0.3.10' ],
606 silly audit   'eslint-import-resolver-typescript': [ '3.10.1' ],
606 silly audit   'eslint-module-utils': [ '2.13.0' ],
606 silly audit   'eslint-plugin-es': [ '3.0.1' ],
606 silly audit   'eslint-plugin-import': [ '2.32.0' ],
606 silly audit   json5: [ '1.0.2', '2.2.3' ],
606 silly audit   resolve: [ '2.0.0-next.7', '1.22.12' ],
606 silly audit   'tsconfig-paths': [ '3.15.0', '4.2.0' ],
606 silly audit   'eslint-plugin-jest': [ '26.9.0' ],
606 silly audit   'eslint-plugin-jest-dom': [ '4.0.3' ],
606 silly audit   'eslint-plugin-jsx-a11y': [ '6.10.2' ],
606 silly audit   'eslint-plugin-node': [ '11.1.0' ],
606 silly audit   'eslint-plugin-react': [ '7.37.5' ],
606 silly audit   'eslint-plugin-react-hooks': [ '4.6.2' ],
606 silly audit   'eslint-plugin-testing-library': [ '5.11.1' ],
606 silly audit   'eslint-scope': [ '5.1.1', '7.2.2' ],
606 silly audit   estraverse: [ '4.3.0', '5.3.0' ],
606 silly audit   'eslint-utils': [ '2.1.0' ],
606 silly audit   'glob-parent': [ '6.0.2', '5.1.2' ],
606 silly audit   espree: [ '9.6.1' ],
606 silly audit   esprima: [ '4.0.1' ],
606 silly audit   esquery: [ '1.7.0' ],
606 silly audit   esrecurse: [ '4.3.0' ],
606 silly audit   'estree-util-attach-comments': [ '2.1.1' ],
606 silly audit   'estree-util-build-jsx': [ '2.2.2' ],
606 silly audit   'estree-util-is-identifier-name': [ '2.1.0', '1.1.0' ],
606 silly audit   'estree-util-to-js': [ '1.2.0' ],
606 silly audit   'estree-util-value-to-estree': [ '1.3.0' ],
606 silly audit   'estree-util-visit': [ '1.2.1' ],
606 silly audit   'estree-walker': [ '3.0.3' ],
606 silly audit   esutils: [ '2.0.3' ],
606 silly audit   etag: [ '1.8.1' ],
606 silly audit   eval: [ '0.1.8' ],
606 silly audit   'event-target-shim': [ '5.0.1' ],
606 silly audit   eventemitter3: [ '4.0.7' ],
606 silly audit   'exit-hook': [ '2.2.1' ],
606 silly audit   'http-errors': [ '2.0.1', '2.0.0' ],
606 silly audit   qs: [ '6.15.3', '6.11.0', '6.5.5' ],
606 silly audit   'serve-static': [ '1.16.3', '1.15.0' ],
606 silly audit   exsolve: [ '1.1.0' ],
606 silly audit   extend: [ '3.0.2' ],
606 silly audit   'extract-files': [ '9.0.0' ],
606 silly audit   extsprintf: [ '1.3.0' ],
606 silly audit   'fast-check': [ '3.23.2' ],
606 silly audit   'fast-deep-equal': [ '3.1.3' ],
606 silly audit   'fast-glob': [ '3.3.1' ],
606 silly audit   'fast-json-stable-stringify': [ '2.1.0' ],
606 silly audit   'fast-levenshtein': [ '2.0.6' ],
606 silly audit   'fast-uri': [ '3.1.2' ],
606 silly audit   fastq: [ '1.20.1' ],
606 silly audit   fault: [ '2.0.1' ],
606 silly audit   faye: [ '0.8.11' ],
606 silly audit   'faye-websocket': [ '0.11.4' ],
606 silly audit   'fetch-blob': [ '3.2.0' ],
606 silly audit   figures: [ '5.0.0', '3.2.0' ],
606 silly audit   'file-entry-cache': [ '6.0.1' ],
606 silly audit   filelist: [ '1.0.6' ],
606 silly audit   'fill-range': [ '7.1.1' ],
606 silly audit   'find-process': [ '1.4.7' ],
606 silly audit   'find-versions': [ '5.1.0' ],
606 silly audit   'flat-cache': [ '3.2.0' ],
606 silly audit   flatted: [ '3.4.2' ],
606 silly audit   'follow-redirects': [ '1.16.0' ],
606 silly audit   'for-each': [ '0.3.5' ],
606 silly audit   force: [ '0.0.3' ],
606 silly audit   'foreground-child': [ '3.3.1' ],
606 silly audit   'signal-exit': [ '4.1.0', '3.0.7' ],
606 silly audit   'forever-agent': [ '0.6.1' ],
606 silly audit   'form-data-encoder': [ '2.1.4' ],
606 silly audit   format: [ '0.2.2' ],
606 silly audit   'formdata-polyfill': [ '4.0.10' ],
606 silly audit   forwarded: [ '0.2.0' ],
606 silly audit   fresh: [ '0.5.2' ],
606 silly audit   'fs-constants': [ '1.0.0' ],
606 silly audit   'fs-minipass': [ '3.0.3', '2.1.0' ],
606 silly audit   'fs.realpath': [ '1.0.0' ],
606 silly audit   fsevents: [ '2.3.3' ],
606 silly audit   'function-bind': [ '1.1.2' ],
606 silly audit   'function.prototype.name': [ '1.2.0' ],
606 silly audit   'functions-have-names': [ '1.2.3' ],
606 silly audit   fuzzy: [ '0.1.3' ],
606 silly audit   'generator-function': [ '2.0.1' ],
606 silly audit   'generic-names': [ '4.0.0' ],
606 silly audit   gensync: [ '1.0.0-beta.2' ],
606 silly audit   'get-caller-file': [ '2.0.5' ],
606 silly audit   'get-intrinsic': [ '1.3.0' ],
606 silly audit   'get-package-type': [ '0.1.0' ],
606 silly audit   'get-port': [ '5.1.1' ],
606 silly audit   'get-port-please': [ '3.0.1' ],
606 silly audit   'get-proto': [ '1.0.1' ],
606 silly audit   'get-source': [ '2.0.12' ],
606 silly audit   'source-map': [ '0.6.1', '0.7.6' ],
606 silly audit   'get-stream': [ '6.0.1', '3.0.0' ],
606 silly audit   'get-symbol-description': [ '1.1.0' ],
606 silly audit   'get-them-args': [ '1.3.2' ],
606 silly audit   'get-tsconfig': [ '4.14.0' ],
606 silly audit   getpass: [ '0.1.7' ],
606 silly audit   giget: [ '2.0.0' ],
606 silly audit   'global-agent': [ '3.0.0' ],
606 silly audit   globals: [ '13.24.0' ],
606 silly audit   globalthis: [ '1.0.4' ],
606 silly audit   globby: [ '11.1.0' ],
606 silly audit   globrex: [ '0.1.2' ],
606 silly audit   gopd: [ '1.2.0' ],
606 silly audit   got: [ '12.6.1' ],
606 silly audit   'gradient-string': [ '2.0.2' ],
606 silly audit   'grapheme-splitter': [ '1.0.4' ],
606 silly audit   graphemer: [ '1.4.0' ],
606 silly audit   'graphql-config': [ '5.1.6' ],
606 silly audit   'graphql-tag': [ '2.12.7' ],
606 silly audit   'graphql-ws': [ '5.16.2' ],
606 silly audit   'gunzip-maybe': [ '1.4.2' ],
606 silly audit   h3: [ '0.7.21' ],
606 silly audit   'har-schema': [ '2.0.0' ],
606 silly audit   'har-validator': [ '5.1.5' ],
606 silly audit   'has-bigints': [ '1.1.0' ],
606 silly audit   'has-flag': [ '4.0.0' ],
606 silly audit   'has-property-descriptors': [ '1.0.2' ],
606 silly audit   'has-proto': [ '1.2.0' ],
606 silly audit   'has-symbols': [ '1.1.0' ],
606 silly audit   'has-tostringtag': [ '1.0.2' ],
606 silly audit   hasown: [ '2.0.4' ],
606 silly audit   'hast-util-to-estree': [ '2.3.3' ],
606 silly audit   'hast-util-whitespace': [ '2.0.1' ],
606 silly audit   'header-case': [ '2.0.4' ],
606 silly audit   'hosted-git-info': [ '6.1.3' ],
606 silly audit   'html-encoding-sniffer': [ '6.0.0' ],
606 silly audit   htmlparser2: [ '10.1.0' ],
606 silly audit   'http-cache-semantics': [ '4.2.0' ],
606 silly audit   'http-parser-js': [ '0.5.10' ],
606 silly audit   'http-proxy': [ '1.18.1' ],
606 silly audit   'http-proxy-agent': [ '7.0.2' ],
606 silly audit   'http-signature': [ '1.2.0' ],
606 silly audit   'http2-wrapper': [ '2.2.1' ],
606 silly audit   'https-proxy-agent': [ '7.0.6' ],
606 silly audit   hyperlinker: [ '1.0.0' ],
606 silly audit   'icss-utils': [ '5.1.0' ],
606 silly audit   ieee754: [ '1.2.1' ],
606 silly audit   ignore: [ '5.3.2' ],
606 silly audit   immutable: [ '5.1.8' ],
606 silly audit   'import-fresh': [ '3.3.1' ],
606 silly audit   'resolve-from': [ '4.0.0', '5.0.0' ],
606 silly audit   'import-from': [ '4.0.0' ],
606 silly audit   imurmurhash: [ '0.1.4' ],
606 silly audit   'indent-string': [ '4.0.0', '5.0.0' ],
606 silly audit   inflight: [ '1.0.6' ],
606 silly audit   inherits: [ '2.0.4' ],
606 silly audit   ini: [ '1.3.8' ],
606 silly audit   ink: [ '4.4.1' ],
606 silly audit   'widest-line': [ '4.0.1', '3.1.0' ],
606 silly audit   'inline-style-parser': [ '0.1.1' ],
606 silly audit   inquirer: [ '8.2.7' ],
606 silly audit   'restore-cursor': [ '3.1.0', '4.0.0' ],
606 silly audit   'internal-slot': [ '1.1.0' ],
606 silly audit   invariant: [ '2.2.4' ],
606 silly audit   'ipaddr.js': [ '1.9.1' ],
606 silly audit   'is-absolute': [ '1.0.0' ],
606 silly audit   'is-alphabetical': [ '2.0.1' ],
606 silly audit   'is-alphanumerical': [ '2.0.1' ],
606 silly audit   'is-arguments': [ '1.2.0' ],
606 silly audit   'is-array-buffer': [ '3.0.5' ],
606 silly audit   'is-arrayish': [ '0.2.1', '0.3.4' ],
606 silly audit   'is-async-function': [ '2.1.1' ],
606 silly audit   'is-bigint': [ '1.1.0' ],
606 silly audit   'is-binary-path': [ '2.1.0' ],
606 silly audit   'is-boolean-object': [ '1.2.2' ],
606 silly audit   'is-buffer': [ '2.0.5' ],
606 silly audit   'is-bun-module': [ '2.0.0' ],
606 silly audit   'is-callable': [ '1.2.7' ],
606 silly audit   'is-ci': [ '3.0.1' ],
606 silly audit   'is-core-module': [ '2.16.2' ],
606 silly audit   'is-data-view': [ '1.0.2' ],
606 silly audit   'is-date-object': [ '1.1.0' ],
606 silly audit   'is-decimal': [ '2.0.1' ],
606 silly audit   'is-deflate': [ '1.0.0' ],
606 silly audit   'is-docker': [ '2.2.1' ],
606 silly audit   'is-document.all': [ '1.0.0' ],
606 silly audit   'is-extglob': [ '2.1.1' ],
606 silly audit   'is-finalizationregistry': [ '1.1.1' ],
606 silly audit   'is-fullwidth-code-point': [ '4.0.0', '3.0.0' ],
606 silly audit   'is-generator-function': [ '1.1.2' ],
606 silly audit   'is-glob': [ '4.0.3' ],
606 silly audit   'is-gzip': [ '1.0.0' ],
606 silly audit   'is-hexadecimal': [ '2.0.1' ],
606 silly audit   'is-interactive': [ '2.0.0', '1.0.0' ],
606 silly audit   'is-lower-case': [ '2.0.2' ],
606 silly audit   'is-map': [ '2.0.3' ],
606 silly audit   'is-negative-zero': [ '2.0.3' ],
606 silly audit   'is-number': [ '7.0.0' ],
606 silly audit   'is-number-object': [ '1.1.1' ],
606 silly audit   'is-path-cwd': [ '2.2.0' ],
606 silly audit   'is-path-inside': [ '3.0.3' ],
606 silly audit   'is-plain-obj': [ '3.0.0', '4.1.0' ],
606 silly audit   'is-plain-object': [ '5.0.0' ],
606 silly audit   'is-potential-custom-element-name': [ '1.0.1' ],
606 silly audit   'is-reference': [ '3.0.3' ],
606 silly audit   'is-regex': [ '1.2.1' ],
606 silly audit   'is-relative': [ '1.0.0' ],
606 silly audit   'is-set': [ '2.0.3' ],
606 silly audit   'is-shared-array-buffer': [ '1.0.4' ],
606 silly audit   'is-string': [ '1.1.1' ],
606 silly audit   'is-symbol': [ '1.1.1' ],
606 silly audit   'is-typed-array': [ '1.1.15' ],
606 silly audit   'is-typedarray': [ '1.0.0' ],
606 silly audit   'is-unc-path': [ '1.0.0' ],
606 silly audit   'is-unicode-supported': [ '1.3.0', '0.1.0' ],
606 silly audit   'is-upper-case': [ '2.0.2' ],
606 silly audit   'is-weakmap': [ '2.0.2' ],
606 silly audit   'is-weakref': [ '1.1.1' ],
606 silly audit   'is-weakset': [ '2.0.4' ],
606 silly audit   'is-windows': [ '1.0.2' ],
606 silly audit   'is-wsl': [ '2.2.0' ],
606 silly audit   isbot: [ '5.1.44' ],
606 silly audit   iserror: [ '0.0.2' ],
606 silly audit   isexe: [ '2.0.0' ],
606 silly audit   isobject: [ '2.1.0' ],
606 silly audit   'isomorphic-dompurify': [ '2.36.0' ],
606 silly audit   'isomorphic-ws': [ '5.0.0' ],
606 silly audit   isstream: [ '0.1.2' ],
606 silly audit   'iterator.prototype': [ '1.1.5' ],
606 silly audit   jackspeak: [ '3.4.3' ],
606 silly audit   jake: [ '10.9.4' ],
606 silly audit   'javascript-stringify': [ '2.1.0' ],
606 silly audit   jose: [ '5.10.0' ],
606 silly audit   'js-tokens': [ '4.0.0' ],
606 silly audit   jsbn: [ '0.1.1' ],
606 silly audit   jsdom: [ '28.1.0' ],
606 silly audit   undici: [ '7.28.0', '6.27.0' ],
606 silly audit   jsesc: [ '3.0.2' ],
606 silly audit   'json-buffer': [ '3.0.1' ],
606 silly audit   'json-parse-even-better-errors': [ '3.0.2', '2.3.1' ],
606 silly audit   'json-schema': [ '0.4.0' ],
606 silly audit   'json-schema-typed': [ '8.0.2' ],
606 silly audit   'json-stable-stringify-without-jsonify': [ '1.0.1' ],
606 silly audit   'json-stringify-safe': [ '5.0.1' ],
606 silly audit   'json-to-ast': [ '2.1.0' ],
606 silly audit   'json-to-pretty-yaml': [ '1.2.2' ],
606 silly audit   jsonfile: [ '6.2.1' ],
606 silly audit   jsonwebtoken: [ '9.0.3' ],
606 silly audit   jsprim: [ '1.4.2' ],
606 silly audit   'jsx-ast-utils': [ '3.3.5' ],
606 silly audit   jwa: [ '2.0.1' ],
606 silly audit   jws: [ '4.0.1' ],
606 silly audit   keyv: [ '4.5.4' ],
606 silly audit   'kill-port-process': [ '3.1.0' ],
606 silly audit   kleur: [ '4.1.5' ],
606 silly audit   'language-subtag-registry': [ '0.3.23' ],
606 silly audit   'language-tags': [ '1.0.9' ],
606 silly audit   'latest-version': [ '7.0.0' ],
606 silly audit   launder: [ '1.7.1' ],
606 silly audit   lazystream: [ '1.0.1' ],
606 silly audit   levn: [ '0.4.1' ],
606 silly audit   lilconfig: [ '3.1.3' ],
606 silly audit   'line-column': [ '1.0.2' ],
606 silly audit   'lines-and-columns': [ '1.2.4' ],
606 silly audit   liquidjs: [ '10.9.2' ],
606 silly audit   listr2: [ '4.0.5' ],
606 silly audit   'loader-utils': [ '3.3.1' ],
606 silly audit   'local-pkg': [ '1.2.1' ],
606 silly audit   'lodash-es': [ '4.18.1' ],
606 silly audit   'lodash.camelcase': [ '4.3.0' ],
606 silly audit   'lodash.debounce': [ '4.0.8' ],
606 silly audit   'lodash.defaults': [ '4.2.0' ],
606 silly audit   'lodash.difference': [ '4.5.0' ],
606 silly audit   'lodash.flatten': [ '4.4.0' ],
606 silly audit   'lodash.includes': [ '4.3.0' ],
606 silly audit   'lodash.isarguments': [ '3.1.0' ],
606 silly audit   'lodash.isboolean': [ '3.0.3' ],
606 silly audit   'lodash.isinteger': [ '4.0.4' ],
606 silly audit   'lodash.isnumber': [ '3.0.3' ],
606 silly audit   'lodash.isplainobject': [ '4.0.6' ],
606 silly audit   'lodash.isstring': [ '4.0.1' ],
606 silly audit   'lodash.merge': [ '4.6.2' ],
606 silly audit   'lodash.once': [ '4.1.1' ],
606 silly audit   'lodash.sortby': [ '4.7.0' ],
606 silly audit   'lodash.union': [ '4.6.0' ],
606 silly audit   'log-symbols': [ '4.1.0' ],
606 silly audit   'log-update': [ '4.0.0' ],
606 silly audit   'longest-streak': [ '3.1.0' ],
606 silly audit   'loose-envify': [ '1.4.0' ],
606 silly audit   'lossless-json': [ '4.3.0' ],
606 silly audit   'lower-case': [ '2.0.2' ],
606 silly audit   'lower-case-first': [ '2.0.2' ],
606 silly audit   'lowercase-keys': [ '3.0.0' ],
606 silly audit   'lucide-react': [ '0.556.0' ],
606 silly audit   luxon: [ '3.7.2' ],
606 silly audit   'lz-string': [ '1.5.0' ],
606 silly audit   macaddress: [ '0.5.3' ],
606 silly audit   'map-cache': [ '0.2.2' ],
606 silly audit   'markdown-extensions': [ '1.1.1' ],
606 silly audit   matcher: [ '3.0.0' ],
606 silly audit   'math-intrinsics': [ '1.1.0' ],
606 silly audit   'mdast-util-definitions': [ '5.1.2' ],
606 silly audit   'mdast-util-from-markdown': [ '1.3.1' ],
606 silly audit   'mdast-util-frontmatter': [ '1.0.1' ],
606 silly audit   'mdast-util-mdx': [ '2.0.1' ],
606 silly audit   'mdast-util-mdx-expression': [ '1.3.2' ],
606 silly audit   'mdast-util-mdx-jsx': [ '2.1.4' ],
606 silly audit   'mdast-util-mdxjs-esm': [ '1.3.1' ],
606 silly audit   'mdast-util-phrasing': [ '3.0.1' ],
606 silly audit   'mdast-util-to-hast': [ '12.3.0' ],
606 silly audit   'mdast-util-to-markdown': [ '1.5.0' ],
606 silly audit   'mdast-util-to-string': [ '3.2.0' ],
606 silly audit   'mdn-data': [ '2.27.1' ],
606 silly audit   'media-query-parser': [ '2.0.2' ],
606 silly audit   'media-typer': [ '0.3.0' ],
606 silly audit   'merge-stream': [ '2.0.0' ],
606 silly audit   merge2: [ '1.4.1' ],
606 silly audit   meros: [ '1.3.2' ],
606 silly audit   methods: [ '1.1.2' ],
606 silly audit   micromark: [ '3.2.0' ],
606 silly audit   'micromark-core-commonmark': [ '1.1.0' ],
606 silly audit   'micromark-extension-frontmatter': [ '1.1.1' ],
606 silly audit   'micromark-extension-mdx-expression': [ '1.0.8' ],
606 silly audit   'micromark-extension-mdx-jsx': [ '1.0.5' ],
606 silly audit   'micromark-extension-mdx-md': [ '1.0.1' ],
606 silly audit   'micromark-extension-mdxjs': [ '1.0.1' ],
606 silly audit   'micromark-extension-mdxjs-esm': [ '1.0.5' ],
606 silly audit   'micromark-factory-destination': [ '1.1.0' ],
606 silly audit   'micromark-factory-label': [ '1.1.0' ],
606 silly audit   'micromark-factory-mdx-expression': [ '1.0.9' ],
606 silly audit   'micromark-factory-space': [ '1.1.0' ],
606 silly audit   'micromark-factory-title': [ '1.1.0' ],
606 silly audit   'micromark-factory-whitespace': [ '1.1.0' ],
606 silly audit   'micromark-util-character': [ '1.2.0' ],
606 silly audit   'micromark-util-chunked': [ '1.1.0' ],
606 silly audit   'micromark-util-classify-character': [ '1.1.0' ],
606 silly audit   'micromark-util-combine-extensions': [ '1.1.0' ],
606 silly audit   'micromark-util-decode-numeric-character-reference': [ '1.1.0' ],
606 silly audit   'micromark-util-decode-string': [ '1.1.0' ],
606 silly audit   'micromark-util-encode': [ '1.1.0' ],
606 silly audit   'micromark-util-events-to-acorn': [ '1.2.3' ],
606 silly audit   'micromark-util-html-tag-name': [ '1.2.0' ],
606 silly audit   'micromark-util-normalize-identifier': [ '1.1.0' ],
606 silly audit   'micromark-util-resolve-all': [ '1.1.0' ],
606 silly audit   'micromark-util-sanitize-uri': [ '1.2.0' ],
606 silly audit   'micromark-util-subtokenize': [ '1.1.0' ],
606 silly audit   'micromark-util-symbol': [ '1.1.0' ],
606 silly audit   'micromark-util-types': [ '1.1.0' ],
606 silly audit   'mime-db': [ '1.54.0', '1.52.0' ],
606 silly audit   'mime-types': [ '2.1.35' ],
606 silly audit   'mimic-fn': [ '4.0.0', '2.1.0' ],
606 silly audit   minimatch: [ '9.0.5' ],
606 silly audit   minimist: [ '1.2.8' ],
606 silly audit   minipass: [ '7.1.3', '3.3.6', '5.0.0' ],
606 silly audit   'minipass-collect': [ '1.0.2' ],
606 silly audit   'minipass-flush': [ '1.0.7' ],
606 silly audit   'minipass-pipeline': [ '1.2.4' ],
606 silly audit   minizlib: [ '2.1.2' ],
606 silly audit   mkdirp: [ '1.0.4' ],
606 silly audit   'mkdirp-classic': [ '0.5.3' ],
606 silly audit   mlly: [ '1.8.2' ],
606 silly audit   'pkg-types': [ '1.3.1', '2.3.1' ],
606 silly audit   ufo: [ '1.6.4', '0.8.6' ],
606 silly audit   'modern-ahocorasick': [ '1.1.0' ],
606 silly audit   morgan: [ '1.11.0' ],
606 silly audit   mri: [ '1.2.0' ],
606 silly audit   mrmime: [ '1.0.1' ],
606 silly audit   msgpackr: [ '2.0.2' ],
606 silly audit   'msgpackr-extract': [ '3.0.4' ],
606 silly audit   'mute-stream': [ '0.0.8' ],
606 silly audit   nanoid: [ '3.3.15' ],
606 silly audit   'napi-postinstall': [ '0.3.4' ],
606 silly audit   'natural-compare': [ '1.4.0' ],
606 silly audit   'natural-compare-lite': [ '1.4.0' ],
606 silly audit   'natural-orderby': [ '2.0.3' ],
606 silly audit   'no-case': [ '3.0.4' ],
606 silly audit   'node-abort-controller': [ '3.1.1' ],
606 silly audit   'node-addon-api': [ '7.1.1' ],
606 silly audit   'node-domexception': [ '1.0.0' ],
606 silly audit   'node-exports-info': [ '1.6.2' ],
606 silly audit   'node-fetch-native': [ '1.6.7' ],
606 silly audit   'node-gyp-build-optional-packages': [ '5.2.2' ],
606 silly audit   'node-releases': [ '2.0.50' ],
606 silly audit   'normalize-package-data': [ '5.0.0' ],
606 silly audit   'normalize-path': [ '3.0.0', '2.1.1' ],
606 silly audit   'normalize-url': [ '8.1.1' ],
606 silly audit   'npm-install-checks': [ '6.3.0' ],
606 silly audit   'npm-normalize-package-bin': [ '3.0.1' ],
606 silly audit   'npm-package-arg': [ '10.1.0' ],
606 silly audit   'npm-pick-manifest': [ '8.0.2' ],
606 silly audit   nypm: [ '0.6.7' ],
606 silly audit   'oauth-sign': [ '0.9.0' ],
606 silly audit   'object-assign': [ '4.1.1' ],
606 silly audit   'object-inspect': [ '1.13.4' ],
606 silly audit   'object-is': [ '1.1.6' ],
606 silly audit   'object-keys': [ '1.1.1' ],
606 silly audit   'object-treeify': [ '1.1.33' ],
606 silly audit   'object.assign': [ '4.1.7' ],
606 silly audit   'object.entries': [ '1.1.9' ],
606 silly audit   'object.fromentries': [ '2.0.8' ],
606 silly audit   'object.groupby': [ '1.0.3' ],
606 silly audit   'object.values': [ '1.2.1' ],
606 silly audit   ohash: [ '2.0.11' ],
606 silly audit   'ohm-js': [ '16.6.0' ],
606 silly audit   'on-finished': [ '2.4.1' ],
606 silly audit   'on-headers': [ '1.1.0' ],
606 silly audit   once: [ '1.4.0' ],
606 silly audit   open: [ '8.4.2' ],
606 silly audit   openai: [ '6.45.0' ],
606 silly audit   optionator: [ '0.9.4' ],
606 silly audit   ora: [ '5.4.1' ],
606 silly audit   outdent: [ '0.8.0' ],
606 silly audit   'own-keys': [ '1.0.1' ],
606 silly audit   'p-cancelable': [ '3.0.0' ],
606 silly audit   'p-finally': [ '1.0.0' ],
606 silly audit   'p-limit': [ '3.1.0', '4.0.0' ],
606 silly audit   'yocto-queue': [ '1.2.2', '0.1.0' ],
606 silly audit   'p-map': [ '4.0.0' ],
606 silly audit   'package-json': [ '8.1.1' ],
606 silly audit   'package-json-from-dist': [ '1.0.1' ],
606 silly audit   pako: [ '0.2.9' ],
606 silly audit   'param-case': [ '3.0.4' ],
606 silly audit   'parent-module': [ '1.0.1' ],
606 silly audit   'parse-entities': [ '4.0.2' ],
606 silly audit   'parse-filepath': [ '1.0.2' ],
606 silly audit   'parse-json': [ '5.2.0' ],
606 silly audit   'parse-ms': [ '2.1.0' ],
606 silly audit   'parse-srcset': [ '1.0.2' ],
606 silly audit   parse5: [ '8.0.1' ],
606 silly audit   parseurl: [ '1.3.3' ],
606 silly audit   'pascal-case': [ '3.1.2' ],
606 silly audit   'password-prompt': [ '1.1.3' ],
606 silly audit   'patch-console': [ '2.0.0' ],
606 silly audit   'path-case': [ '3.0.4' ],
606 silly audit   'path-is-absolute': [ '1.0.1' ],
606 silly audit   'path-parse': [ '1.0.7' ],
606 silly audit   'path-root': [ '0.1.1' ],
606 silly audit   'path-root-regex': [ '0.1.2' ],
606 silly audit   'path-scurry': [ '1.11.1' ],
606 silly audit   'path-type': [ '4.0.0' ],
606 silly audit   'peek-stream': [ '1.1.3' ],
606 silly audit   'perfect-debounce': [ '1.0.0' ],
606 silly audit   'performance-now': [ '2.1.0' ],
606 silly audit   periscopic: [ '3.1.0' ],
606 silly audit   picocolors: [ '1.1.1' ],
606 silly audit   'pid-from-port': [ '1.1.3' ],
606 silly audit   'shebang-command': [ '1.2.0', '2.0.0' ],
606 silly audit   'shebang-regex': [ '1.0.0', '3.0.0' ],
606 silly audit   pidtree: [ '0.6.1' ],
606 silly audit   'possible-typed-array-names': [ '1.1.0' ],
606 silly audit   postcss: [ '8.5.15' ],
606 silly audit   'postcss-discard-duplicates': [ '5.1.0' ],
606 silly audit   'postcss-load-config': [ '4.0.2' ],
606 silly audit   'postcss-modules': [ '6.0.1' ],
606 silly audit   'postcss-modules-extract-imports': [ '3.1.0' ],
606 silly audit   'postcss-modules-local-by-default': [ '4.2.0' ],
606 silly audit   'postcss-modules-scope': [ '3.2.1' ],
606 silly audit   'postcss-modules-values': [ '4.0.0' ],
606 silly audit   'postcss-selector-parser': [ '7.1.4' ],
606 silly audit   'postcss-value-parser': [ '4.2.0' ],
606 silly audit   'prelude-ls': [ '1.2.1' ],
606 silly audit   'pretty-format': [ '27.5.1' ],
606 silly audit   'pretty-ms': [ '7.0.1' ],
606 silly audit   'printable-characters': [ '1.0.42' ],
606 silly audit   prisma: [ '6.19.3' ],
606 silly audit   'proc-log': [ '3.0.0' ],
606 silly audit   'process-nextick-args': [ '2.0.1' ],
606 silly audit   'promise-inflight': [ '1.0.1' ],
606 silly audit   'promise-retry': [ '2.0.1' ],
606 silly audit   'prop-types': [ '15.8.1' ],
606 silly audit   'react-is': [ '16.13.1', '17.0.2' ],
606 silly audit   'property-information': [ '6.5.0' ],
606 silly audit   'proto-list': [ '1.2.4' ],
606 silly audit   'proxy-addr': [ '2.0.7' ],
606 silly audit   pseudomap: [ '1.0.2' ],
606 silly audit   psl: [ '1.15.0' ],
606 silly audit   pump: [ '3.0.4', '2.0.1' ],
606 silly audit   pumpify: [ '1.5.1' ],
606 silly audit   punycode: [ '2.3.1' ],
606 silly audit   'pure-rand': [ '6.1.0' ],
606 silly audit   quansync: [ '0.2.11' ],
606 silly audit   'queue-microtask': [ '1.2.3' ],
606 silly audit   'quick-lru': [ '5.1.1' ],
606 silly audit   radix3: [ '0.1.2' ],
606 silly audit   'range-parser': [ '1.2.1' ],
606 silly audit   rc: [ '1.2.8' ],
606 silly audit   'strip-json-comments': [ '2.0.1', '3.1.1' ],
606 silly audit   rc9: [ '2.1.2' ],
606 silly audit   'react-fast-compare': [ '3.2.2' ],
606 silly audit   'react-reconciler': [ '0.29.2' ],
606 silly audit   'react-refresh': [ '0.14.2' ],
606 silly audit   'react-router': [ '6.30.4' ],
606 silly audit   'react-router-dom': [ '6.30.4' ],
606 silly audit   'react-transition-group': [ '4.4.5' ],
606 silly audit   'readdir-glob': [ '1.1.3' ],
606 silly audit   redeyed: [ '2.1.1' ],
606 silly audit   'redis-errors': [ '1.2.0' ],
606 silly audit   'redis-parser': [ '3.0.0' ],
606 silly audit   'reflect.getprototypeof': [ '1.0.10' ],
606 silly audit   'regexp.prototype.flags': [ '1.5.4' ],
606 silly audit   regexpp: [ '3.2.0' ],
606 silly audit   'registry-auth-token': [ '5.1.1' ],
606 silly audit   'registry-url': [ '6.0.1' ],
606 silly audit   'remark-frontmatter': [ '4.0.1' ],
606 silly audit   'remark-mdx': [ '2.3.0' ],
606 silly audit   'remark-mdx-frontmatter': [ '1.1.1' ],
606 silly audit   'remark-parse': [ '10.0.2' ],
606 silly audit   'remark-rehype': [ '10.1.0' ],
606 silly audit   remedial: [ '1.0.8' ],
606 silly audit   'remove-trailing-separator': [ '1.1.0' ],
606 silly audit   'remove-trailing-spaces': [ '1.0.9' ],
606 silly audit   request: [ '2.88.2' ],
606 silly audit   'tough-cookie': [ '2.5.0', '6.0.1' ],
606 silly audit   uuid: [ '3.4.0', '11.1.1' ],
606 silly audit   'require-directory': [ '2.1.1' ],
606 silly audit   'require-from-string': [ '2.0.2' ],
606 silly audit   'require-like': [ '0.1.2' ],
606 silly audit   requireindex: [ '1.2.0' ],
606 silly audit   'requires-port': [ '1.0.0' ],
606 silly audit   'resolve-alpn': [ '1.2.1' ],
606 silly audit   'resolve-pkg-maps': [ '1.0.0' ],
606 silly audit   'resolve.exports': [ '2.0.3' ],
606 silly audit   responselike: [ '3.0.0' ],
606 silly audit   retry: [ '0.12.0' ],
606 silly audit   reusify: [ '1.1.0' ],
606 silly audit   rfdc: [ '1.4.1' ],
606 silly audit   rimraf: [ '3.0.2' ],
606 silly audit   roarr: [ '2.15.4' ],
606 silly audit   rollup: [ '4.62.2' ],
606 silly audit   'run-async': [ '2.4.1' ],
606 silly audit   'run-parallel': [ '1.2.0' ],
606 silly audit   rxjs: [ '7.8.2' ],
606 silly audit   sade: [ '1.8.1' ],
606 silly audit   'safe-array-concat': [ '1.1.4' ],
606 silly audit   'safe-push-apply': [ '1.0.0' ],
606 silly audit   'safe-regex-test': [ '1.1.0' ],
606 silly audit   'safer-buffer': [ '2.1.2' ],
606 silly audit   'sanitize-html': [ '2.17.5' ],
606 silly audit   saxes: [ '6.0.0' ],
606 silly audit   scheduler: [ '0.23.2' ],
606 silly audit   scuid: [ '1.1.0' ],
606 silly audit   'semver-compare': [ '1.0.0' ],
606 silly audit   'semver-regex': [ '4.0.5' ],
606 silly audit   'sentence-case': [ '3.0.4' ],
606 silly audit   'serialize-error': [ '7.0.1' ],
606 silly audit   'set-cookie-parser': [ '2.7.2' ],
606 silly audit   'set-function-length': [ '1.2.2' ],
606 silly audit   'set-function-name': [ '2.0.2' ],
606 silly audit   'set-proto': [ '1.0.0' ],
606 silly audit   setprototypeof: [ '1.2.0' ],
606 silly audit   'side-channel': [ '1.1.1' ],
606 silly audit   'side-channel-list': [ '1.0.1' ],
606 silly audit   'side-channel-map': [ '1.0.1' ],
606 silly audit   'side-channel-weakmap': [ '1.0.2' ],
606 silly audit   'simple-git': [ '3.19.1' ],
606 silly audit   'simple-swizzle': [ '0.2.4' ],
606 silly audit   slash: [ '3.0.0' ],
606 silly audit   'snake-case': [ '3.0.4' ],
606 silly audit   'source-map-js': [ '1.2.1' ],
606 silly audit   'source-map-support': [ '0.5.21' ],
606 silly audit   'space-separated-tokens': [ '2.0.2' ],
606 silly audit   'spdx-correct': [ '3.2.0' ],
606 silly audit   'spdx-exceptions': [ '2.5.0' ],
606 silly audit   'spdx-expression-parse': [ '3.0.1' ],
606 silly audit   'spdx-license-ids': [ '3.0.23' ],
606 silly audit   'sponge-case': [ '1.0.1' ],
606 silly audit   sshpk: [ '1.18.0' ],
606 silly audit   ssri: [ '10.0.6' ],
606 silly audit   'stable-hash': [ '0.0.5' ],
606 silly audit   'stack-generator': [ '2.0.10' ],
606 silly audit   'stack-utils': [ '2.0.6' ],
606 silly audit   stackframe: [ '1.3.4' ],
606 silly audit   stacktracey: [ '2.1.8' ],
606 silly audit   'standard-as-callback': [ '2.1.0' ],
606 silly audit   'stop-iteration-iterator': [ '1.1.0' ],
606 silly audit   'stream-shift': [ '1.0.3' ],
606 silly audit   'stream-slice': [ '0.1.2' ],
606 silly audit   'string-env-interpolation': [ '1.0.1' ],
606 silly audit   'string-hash': [ '1.1.3' ],
606 silly audit   'string.prototype.includes': [ '2.0.1' ],
606 silly audit   'string.prototype.matchall': [ '4.0.12' ],
606 silly audit   'string.prototype.repeat': [ '1.0.0' ],
606 silly audit   'string.prototype.trim': [ '1.2.11' ],
606 silly audit   'string.prototype.trimend': [ '1.0.10' ],
606 silly audit   'string.prototype.trimstart': [ '1.0.8' ],
606 silly audit   'stringify-entities': [ '4.0.4' ],
606 silly audit   'strip-bom': [ '3.0.0' ],
606 silly audit   'strip-eof': [ '1.0.0' ],
606 silly audit   'stubborn-fs': [ '2.0.0' ],
606 silly audit   'stubborn-utils': [ '1.0.2' ],
606 silly audit   'style-to-object': [ '0.4.4' ],
606 silly audit   'supports-preserve-symlinks-flag': [ '1.0.0' ],
606 silly audit   'swap-case': [ '2.0.2' ],
606 silly audit   'symbol-tree': [ '3.2.4' ],
606 silly audit   tar: [ '6.2.1' ],
606 silly audit   'tar-fs': [ '2.1.4' ],
606 silly audit   'tar-stream': [ '2.2.0' ],
606 silly audit   'temp-dir': [ '2.0.0' ],
606 silly audit   tempy: [ '3.0.0' ],
606 silly audit   'term-size': [ '3.0.2' ],
606 silly audit   'terminal-link': [ '3.0.0' ],
606 silly audit   'text-table': [ '0.2.0' ],
606 silly audit   through: [ '2.3.8' ],
606 silly audit   through2: [ '2.0.5' ],
606 silly audit   'timeout-signal': [ '2.0.0' ],
606 silly audit   tinycolor2: [ '1.6.0' ],
606 silly audit   tinyexec: [ '1.2.4' ],
606 silly audit   tinyglobby: [ '0.2.17' ],
606 silly audit   fdir: [ '6.5.0' ],
606 silly audit   tinygradient: [ '1.1.5' ],
606 silly audit   'title-case': [ '3.0.3' ],
606 silly audit   tldts: [ '7.4.4' ],
606 silly audit   'tldts-core': [ '7.4.4' ],
606 silly audit   'to-regex-range': [ '5.0.1' ],
606 silly audit   toidentifier: [ '1.0.1' ],
606 silly audit   toml: [ '3.0.0' ],
606 silly audit   'tree-kill': [ '1.2.2' ],
606 silly audit   'trim-lines': [ '3.0.1' ],
606 silly audit   trough: [ '2.2.0' ],
606 silly audit   'ts-error': [ '1.0.6' ],
606 silly audit   'ts-log': [ '2.2.7' ],
606 silly audit   tsconfck: [ '3.1.6' ],
606 silly audit   tsutils: [ '3.21.0' ],
606 silly audit   tsx: [ '4.22.4' ],
606 silly audit   'tunnel-agent': [ '0.6.0' ],
606 silly audit   'turbo-stream': [ '2.4.1' ],
606 silly audit   tweetnacl: [ '0.14.5' ],
606 silly audit   'type-check': [ '0.4.0' ],
606 silly audit   'type-is': [ '1.6.18' ],
606 silly audit   'typed-array-buffer': [ '1.0.3' ],
606 silly audit   'typed-array-byte-length': [ '1.0.3' ],
606 silly audit   'typed-array-byte-offset': [ '1.0.4' ],
606 silly audit   'typed-array-length': [ '1.0.8' ],
606 silly audit   typescript: [ '5.9.3' ],
606 silly audit   'unbox-primitive': [ '1.1.0' ],
606 silly audit   'unc-path-regex': [ '0.1.2' ],
606 silly audit   'undici-types': [ '6.21.0' ],
606 silly audit   unified: [ '10.1.2' ],
606 silly audit   'unique-filename': [ '3.0.0' ],
606 silly audit   'unique-slug': [ '4.0.0' ],
606 silly audit   'unique-string': [ '3.0.0' ],
606 silly audit   'unist-util-generated': [ '2.0.1' ],
606 silly audit   'unist-util-is': [ '5.2.1' ],
606 silly audit   'unist-util-position': [ '4.0.4' ],
606 silly audit   'unist-util-position-from-estree': [ '1.1.2' ],
606 silly audit   'unist-util-remove-position': [ '4.0.2' ],
606 silly audit   'unist-util-stringify-position': [ '3.0.3' ],
606 silly audit   'unist-util-visit': [ '4.1.2' ],
606 silly audit   'unist-util-visit-parents': [ '5.1.3' ],
606 silly audit   universalify: [ '2.0.1' ],
606 silly audit   unixify: [ '1.0.0' ],
606 silly audit   unpipe: [ '1.0.0' ],
606 silly audit   'unrs-resolver': [ '1.12.2' ],
606 silly audit   'update-browserslist-db': [ '1.2.3' ],
606 silly audit   'upper-case': [ '2.0.2' ],
606 silly audit   'upper-case-first': [ '2.0.2' ],
606 silly audit   'uri-js': [ '4.4.1' ],
606 silly audit   'urlpattern-polyfill': [ '10.1.0' ],
606 silly audit   util: [ '0.12.5' ],
606 silly audit   'util-deprecate': [ '1.0.2' ],
606 silly audit   'utils-merge': [ '1.0.1' ],
606 silly audit   uvu: [ '0.5.6' ],
606 silly audit   valibot: [ '1.4.1' ],
606 silly audit   'validate-npm-package-license': [ '3.0.4' ],
606 silly audit   'validate-npm-package-name': [ '5.0.1' ],
606 silly audit   'value-or-promise': [ '1.0.12' ],
606 silly audit   vary: [ '1.1.2' ],
606 silly audit   verror: [ '1.10.0' ],
606 silly audit   vfile: [ '5.3.7' ],
606 silly audit   'vfile-message': [ '3.1.4' ],
606 silly audit   vite: [ '6.4.3' ],
606 silly audit   'vite-tsconfig-paths': [ '5.1.4' ],
606 silly audit   'w3c-xmlserializer': [ '5.0.0' ],
606 silly audit   wcwidth: [ '1.0.1' ],
606 silly audit   'web-encoding': [ '1.1.5' ],
606 silly audit   'web-streams-polyfill': [ '3.3.3' ],
606 silly audit   'websocket-driver': [ '0.7.5' ],
606 silly audit   'websocket-extensions': [ '0.1.4' ],
606 silly audit   'when-exit': [ '2.1.5' ],
606 silly audit   'which-boxed-primitive': [ '1.1.1' ],
606 silly audit   'which-builtin-type': [ '1.2.1' ],
606 silly audit   'which-collection': [ '1.0.2' ],
606 silly audit   'which-typed-array': [ '1.1.22' ],
606 silly audit   'word-wrap': [ '1.2.5' ],
606 silly audit   wordwrap: [ '1.0.0' ],
606 silly audit   wrappy: [ '1.0.2' ],
606 silly audit   'xml-name-validator': [ '5.0.0' ],
606 silly audit   xmlchars: [ '2.2.0' ],
606 silly audit   xtend: [ '4.0.2' ],
606 silly audit   y18n: [ '5.0.8' ],
606 silly audit   yaml: [ '2.9.0' ],
606 silly audit   'yaml-ast-parser': [ '0.0.43' ],
606 silly audit   'yargs-parser': [ '21.1.1' ],
606 silly audit   'yoga-wasm-web': [ '0.3.3' ],
606 silly audit   'zip-stream': [ '4.1.1' ],
606 silly audit   zwitch: [ '2.0.4' ],
606 silly audit   '@prisma/adapter-pg': [ '7.8.0' ],
606 silly audit   pg: [ '8.22.0' ],
606 silly audit   '@prisma/driver-adapter-utils': [ '7.8.0' ],
606 silly audit   '@types/pg': [ '8.20.0' ],
606 silly audit   'postgres-array': [ '3.0.4', '2.0.0' ],
606 silly audit   'pg-protocol': [ '1.15.0' ],
606 silly audit   'pg-types': [ '2.2.0' ],
606 silly audit   'pg-cloudflare': [ '1.4.0' ],
606 silly audit   'pg-connection-string': [ '2.14.0' ],
606 silly audit   'pg-pool': [ '3.14.0' ],
606 silly audit   pgpass: [ '1.0.5' ],
606 silly audit   'pg-int8': [ '1.0.1' ],
606 silly audit   'postgres-bytea': [ '1.0.1' ],
606 silly audit   'postgres-date': [ '1.0.7' ],
606 silly audit   'postgres-interval': [ '1.2.0' ],
606 silly audit   split2: [ '4.2.0' ]
606 silly audit }
607 http cache split2@https://registry.npmjs.org/split2/-/split2-4.2.0.tgz 0ms (cache hit)
608 http cache postgres-interval@https://registry.npmjs.org/postgres-interval/-/postgres-interval-1.2.0.tgz 0ms (cache hit)
609 http cache postgres-date@https://registry.npmjs.org/postgres-date/-/postgres-date-1.0.7.tgz 0ms (cache hit)
610 http cache postgres-bytea@https://registry.npmjs.org/postgres-bytea/-/postgres-bytea-1.0.1.tgz 0ms (cache hit)
611 http cache pg-int8@https://registry.npmjs.org/pg-int8/-/pg-int8-1.0.1.tgz 0ms (cache hit)
612 http cache pgpass@https://registry.npmjs.org/pgpass/-/pgpass-1.0.5.tgz 0ms (cache hit)
613 http cache pg-pool@https://registry.npmjs.org/pg-pool/-/pg-pool-3.14.0.tgz 0ms (cache hit)
614 http cache pg-connection-string@https://registry.npmjs.org/pg-connection-string/-/pg-connection-string-2.14.0.tgz 0ms (cache hit)
615 http cache pg-cloudflare@https://registry.npmjs.org/pg-cloudflare/-/pg-cloudflare-1.4.0.tgz 0ms (cache hit)
616 http cache pg-types@https://registry.npmjs.org/pg-types/-/pg-types-2.2.0.tgz 0ms (cache hit)
617 http cache postgres-array@https://registry.npmjs.org/postgres-array/-/postgres-array-3.0.4.tgz 0ms (cache hit)
618 http cache pg-protocol@https://registry.npmjs.org/pg-protocol/-/pg-protocol-1.15.0.tgz 0ms (cache hit)
619 http cache @types/pg@https://registry.npmjs.org/@types/pg/-/pg-8.20.0.tgz 0ms (cache hit)
620 http cache @prisma/driver-adapter-utils@https://registry.npmjs.org/@prisma/driver-adapter-utils/-/driver-adapter-utils-7.8.0.tgz 0ms (cache hit)
621 http cache pg@https://registry.npmjs.org/pg/-/pg-8.22.0.tgz 0ms (cache hit)
622 http cache @prisma/adapter-pg@https://registry.npmjs.org/@prisma/adapter-pg/-/adapter-pg-7.8.0.tgz 0ms (cache hit)
623 http cache postgres-array@https://registry.npmjs.org/postgres-array/-/postgres-array-2.0.0.tgz 0ms (cache hit)
624 http cache node-gyp-build-optional-packages@https://registry.npmjs.org/node-gyp-build-optional-packages/-/node-gyp-build-optional-packages-5.2.2.tgz 0ms (cache hit)
625 silly tarball no local data for split2@https://registry.npmjs.org/split2/-/split2-4.2.0.tgz. Extracting by manifest.
626 silly tarball no local data for postgres-interval@https://registry.npmjs.org/postgres-interval/-/postgres-interval-1.2.0.tgz. Extracting by manifest.
627 silly tarball no local data for postgres-date@https://registry.npmjs.org/postgres-date/-/postgres-date-1.0.7.tgz. Extracting by manifest.
628 silly tarball no local data for postgres-bytea@https://registry.npmjs.org/postgres-bytea/-/postgres-bytea-1.0.1.tgz. Extracting by manifest.
629 silly tarball no local data for pg-int8@https://registry.npmjs.org/pg-int8/-/pg-int8-1.0.1.tgz. Extracting by manifest.
630 silly tarball no local data for pgpass@https://registry.npmjs.org/pgpass/-/pgpass-1.0.5.tgz. Extracting by manifest.
631 silly tarball no local data for pg-pool@https://registry.npmjs.org/pg-pool/-/pg-pool-3.14.0.tgz. Extracting by manifest.
632 silly tarball no local data for pg-connection-string@https://registry.npmjs.org/pg-connection-string/-/pg-connection-string-2.14.0.tgz. Extracting by manifest.
633 silly tarball no local data for pg-cloudflare@https://registry.npmjs.org/pg-cloudflare/-/pg-cloudflare-1.4.0.tgz. Extracting by manifest.
634 http cache @prisma/debug@https://registry.npmjs.org/@prisma/debug/-/debug-7.8.0.tgz 0ms (cache hit)
635 silly tarball no local data for pg-types@https://registry.npmjs.org/pg-types/-/pg-types-2.2.0.tgz. Extracting by manifest.
636 silly tarball no local data for postgres-array@https://registry.npmjs.org/postgres-array/-/postgres-array-3.0.4.tgz. Extracting by manifest.
637 silly tarball no local data for pg-protocol@https://registry.npmjs.org/pg-protocol/-/pg-protocol-1.15.0.tgz. Extracting by manifest.
638 silly tarball no local data for @types/pg@https://registry.npmjs.org/@types/pg/-/pg-8.20.0.tgz. Extracting by manifest.
639 silly tarball no local data for @prisma/driver-adapter-utils@https://registry.npmjs.org/@prisma/driver-adapter-utils/-/driver-adapter-utils-7.8.0.tgz. Extracting by manifest.
640 http cache msgpackr-extract@https://registry.npmjs.org/msgpackr-extract/-/msgpackr-extract-3.0.4.tgz 0ms (cache hit)
641 silly tarball no local data for pg@https://registry.npmjs.org/pg/-/pg-8.22.0.tgz. Extracting by manifest.
642 silly tarball no local data for @prisma/adapter-pg@https://registry.npmjs.org/@prisma/adapter-pg/-/adapter-pg-7.8.0.tgz. Extracting by manifest.
643 silly tarball no local data for postgres-array@https://registry.npmjs.org/postgres-array/-/postgres-array-2.0.0.tgz. Extracting by manifest.
644 silly tarball no local data for @prisma/debug@https://registry.npmjs.org/@prisma/debug/-/debug-7.8.0.tgz. Extracting by manifest.
645 http fetch GET 200 https://registry.npmjs.org/postgres-interval/-/postgres-interval-1.2.0.tgz 77ms (cache miss)
646 http fetch GET 200 https://registry.npmjs.org/postgres-date/-/postgres-date-1.0.7.tgz 90ms (cache miss)
647 http fetch GET 200 https://registry.npmjs.org/postgres-bytea/-/postgres-bytea-1.0.1.tgz 100ms (cache miss)
648 http fetch GET 200 https://registry.npmjs.org/split2/-/split2-4.2.0.tgz 129ms (cache miss)
649 http fetch GET 200 https://registry.npmjs.org/pg/-/pg-8.22.0.tgz 191ms (cache miss)
650 http fetch GET 200 https://registry.npmjs.org/pgpass/-/pgpass-1.0.5.tgz 210ms (cache miss)
651 http fetch GET 200 https://registry.npmjs.org/postgres-array/-/postgres-array-2.0.0.tgz 219ms (cache miss)
652 http fetch GET 200 https://registry.npmjs.org/pg-int8/-/pg-int8-1.0.1.tgz 228ms (cache miss)
653 http fetch GET 200 https://registry.npmjs.org/@prisma/adapter-pg/-/adapter-pg-7.8.0.tgz 257ms (cache miss)
654 http fetch GET 200 https://registry.npmjs.org/@prisma/debug/-/debug-7.8.0.tgz 298ms (cache miss)
655 http fetch GET 200 https://registry.npmjs.org/postgres-array/-/postgres-array-3.0.4.tgz 316ms (cache miss)
656 http fetch POST 200 https://registry.npmjs.org/-/npm/v1/security/advisories/bulk 372ms
657 silly audit report {
657 silly audit report   lodash: [
657 silly audit report     {
657 silly audit report       id: 1120370,
657 silly audit report       url: 'https://github.com/advisories/GHSA-xxjr-mmjv-4gpg',
657 silly audit report       title: 'Lodash has Prototype Pollution Vulnerability in `_.unset` and `_.omit` functions',
657 silly audit report       severity: 'moderate',
657 silly audit report       vulnerable_versions: '>=4.0.0 <=4.17.22',
657 silly audit report       cwe: [Array],
657 silly audit report       cvss: [Object]
657 silly audit report     },
657 silly audit report     {
657 silly audit report       id: 1115806,
657 silly audit report       url: 'https://github.com/advisories/GHSA-r5fr-rjxr-66jc',
657 silly audit report       title: 'lodash vulnerable to Code Injection via `_.template` imports key names',
657 silly audit report       severity: 'high',
657 silly audit report       vulnerable_versions: '>=4.0.0 <=4.17.23',
657 silly audit report       cwe: [Array],
657 silly audit report       cvss: [Object]
657 silly audit report     },
657 silly audit report     {
657 silly audit report       id: 1115810,
657 silly audit report       url: 'https://github.com/advisories/GHSA-f23m-r3pf-42rh',
657 silly audit report       title: 'lodash vulnerable to Prototype Pollution via array path bypass in `_.unset` and `_.omit`',
657 silly audit report       severity: 'moderate',
657 silly audit report       vulnerable_versions: '<=4.17.23',
657 silly audit report       cwe: [Array],
657 silly audit report       cvss: [Object]
657 silly audit report     }
657 silly audit report   ],
657 silly audit report   'js-yaml': [
657 silly audit report     {
657 silly audit report       id: 1112715,
657 silly audit report       url: 'https://github.com/advisories/GHSA-mh29-5h37-fv8m',
657 silly audit report       title: 'js-yaml has prototype pollution in merge (<<)',
657 silly audit report       severity: 'moderate',
657 silly audit report       vulnerable_versions: '>=4.0.0 <4.1.1',
657 silly audit report       cwe: [Array],
657 silly audit report       cvss: [Object]
657 silly audit report     },
657 silly audit report     {
657 silly audit report       id: 1121860,
657 silly audit report       url: 'https://github.com/advisories/GHSA-h67p-54hq-rp68',
657 silly audit report       title: 'JS-YAML: Quadratic-complexity DoS in merge key handling via repeated aliases',
657 silly audit report       severity: 'moderate',
657 silly audit report       vulnerable_versions: '>=4.0.0 <=4.1.1',
657 silly audit report       cwe: [Array],
657 silly audit report       cvss: [Object]
657 silly audit report     }
657 silly audit report   ],
657 silly audit report   '@opentelemetry/core': [
657 silly audit report     {
657 silly audit report       id: 1120821,
657 silly audit report       url: 'https://github.com/advisories/GHSA-8988-4f7v-96qf',
657 silly audit report       title: 'OpenTelemetry Core: Unbounded memory allocation in W3C Baggage propagation',
657 silly audit report       severity: 'moderate',
657 silly audit report       vulnerable_versions: '<2.8.0',
657 silly audit report       cwe: [Array],
657 silly audit report       cvss: [Object]
657 silly audit report     }
657 silly audit report   ],
657 silly audit report   ws: [
657 silly audit report     {
657 silly audit report       id: 1118728,
657 silly audit report       url: 'https://github.com/advisories/GHSA-3h5v-q93c-6h6q',
657 silly audit report       title: 'ws affected by a DoS when handling a request with many HTTP headers',
657 silly audit report       severity: 'high',
657 silly audit report       vulnerable_versions: '>=8.0.0 <8.17.1',
657 silly audit report       cwe: [Array],
657 silly audit report       cvss: [Object]
657 silly audit report     },
657 silly audit report     {
657 silly audit report       id: 1119108,
657 silly audit report       url: 'https://github.com/advisories/GHSA-58qx-3vcg-4xpx',
657 silly audit report       title: 'ws: Uninitialized memory disclosure',
657 silly audit report       severity: 'moderate',
657 silly audit report       vulnerable_versions: '>=8.0.0 <8.20.1',
657 silly audit report       cwe: [Array],
657 silly audit report       cvss: [Object]
657 silly audit report     },
657 silly audit report     {
657 silly audit report       id: 1120730,
657 silly audit report       url: 'https://github.com/advisories/GHSA-96hv-2xvq-fx4p',
657 silly audit report       title: 'ws: Memory exhaustion DoS from tiny fragments and data chunks',
657 silly audit report       severity: 'high',
657 silly audit report       vulnerable_versions: '>=8.0.0 <8.21.0',
657 silly audit report       cwe: [Array],
657 silly audit report       cvss: [Object]
657 silly audit report     }
657 silly audit report   ],
657 silly audit report   cookie: [
657 silly audit report     {
657 silly audit report       id: 1103907,
657 silly audit report       url: 'https://github.com/advisories/GHSA-pxg6-pf52-xh8x',
657 silly audit report       title: 'cookie accepts cookie name, path, and domain with out of bounds characters',
657 silly audit report       severity: 'low',
657 silly audit report       vulnerable_versions: '<0.7.0',
657 silly audit report       cwe: [Array],
657 silly audit report       cvss: [Object]
657 silly audit report     }
657 silly audit report   ],
657 silly audit report   esbuild: [
657 silly audit report     {
657 silly audit report       id: 1102341,
657 silly audit report       url: 'https://github.com/advisories/GHSA-67mh-4wv8-2f99',
657 silly audit report       title: 'esbuild enables any website to send any requests to the development server and read the response',
657 silly audit report       severity: 'moderate',
657 silly audit report       vulnerable_versions: '<=0.24.2',
657 silly audit report       cwe: [Array],
657 silly audit report       cvss: [Object]
657 silly audit report     },
657 silly audit report     {
657 silly audit report       id: 1120680,
657 silly audit report       url: 'https://github.com/advisories/GHSA-g7r4-m6w7-qqqr',
657 silly audit report       title: 'esbuild allows arbitrary file read when running the development server on Windows',
657 silly audit report       severity: 'low',
657 silly audit report       vulnerable_versions: '>=0.27.3 <0.28.1',
657 silly audit report       cwe: [Array],
657 silly audit report       cvss: [Object]
657 silly audit report     }
657 silly audit report   ],
657 silly audit report   express: [
657 silly audit report     {
657 silly audit report       id: 1100530,
657 silly audit report       url: 'https://github.com/advisories/GHSA-qw6h-vgh9-j6wx',
657 silly audit report       title: 'express vulnerable to XSS via response.redirect()',
657 silly audit report       severity: 'low',
657 silly audit report       vulnerable_versions: '<4.20.0',
657 silly audit report       cwe: [Array],
657 silly audit report       cvss: [Object]
657 silly audit report     },
657 silly audit report     {
657 silly audit report       id: 1111636,
657 silly audit report       url: 'https://github.com/advisories/GHSA-rv95-896h-c2vc',
657 silly audit report       title: 'Express.js Open Redirect in malformed URLs',
657 silly audit report       severity: 'moderate',
657 silly audit report       vulnerable_versions: '<4.19.2',
657 silly audit report       cwe: [Array],
657 silly audit report       cvss: [Object]
657 silly audit report     }
657 silly audit report   ],
657 silly audit report   'body-parser': [
657 silly audit report     {
657 silly audit report       id: 1099520,
657 silly audit report       url: 'https://github.com/advisories/GHSA-qwcr-r2fm-qrc7',
657 silly audit report       title: 'body-parser vulnerable to denial of service when url encoding is enabled',
657 silly audit report       severity: 'high',
657 silly audit report       vulnerable_versions: '<1.20.3',
657 silly audit report       cwe: [Array],
657 silly audit report       cvss: [Object]
657 silly audit report     }
657 silly audit report   ],
657 silly audit report   'form-data': [
657 silly audit report     {
657 silly audit report       id: 1109538,
657 silly audit report       url: 'https://github.com/advisories/GHSA-fjxv-7rqg-78g4',
657 silly audit report       title: 'form-data uses unsafe random function in form-data for choosing boundary',
657 silly audit report       severity: 'critical',
657 silly audit report       vulnerable_versions: '>=4.0.0 <4.0.4',
657 silly audit report       cwe: [Array],
657 silly audit report       cvss: [Object]
657 silly audit report     },
657 silly audit report     {
657 silly audit report       id: 1109540,
657 silly audit report       url: 'https://github.com/advisories/GHSA-fjxv-7rqg-78g4',
657 silly audit report       title: 'form-data uses unsafe random function in form-data for choosing boundary',
657 silly audit report       severity: 'critical',
657 silly audit report       vulnerable_versions: '<2.5.4',
657 silly audit report       cwe: [Array],
657 silly audit report       cvss: [Object]
657 silly audit report     },
657 silly audit report     {
657 silly audit report       id: 1120743,
657 silly audit report       url: 'https://github.com/advisories/GHSA-hmw2-7cc7-3qxx',
657 silly audit report       title: 'form-data: CRLF injection in form-data via unescaped multipart field names and filenames',
657 silly audit report       severity: 'high',
657 silly audit report       vulnerable_versions: '>=4.0.0 <4.0.6',
657 silly audit report       cwe: [Array],
657 silly audit report       cvss: [Object]
657 silly audit report     },
657 silly audit report     {
657 silly audit report       id: 1120745,
657 silly audit report       url: 'https://github.com/advisories/GHSA-hmw2-7cc7-3qxx',
657 silly audit report       title: 'form-data: CRLF injection in form-data via unescaped multipart field names and filenames',
657 silly audit report       severity: 'high',
657 silly audit report       vulnerable_versions: '<2.5.6',
657 silly audit report       cwe: [Array],
657 silly audit report       cvss: [Object]
657 silly audit report     }
657 silly audit report   ],
657 silly audit report   micromatch: [
657 silly audit report     {
657 silly audit report       id: 1098681,
657 silly audit report       url: 'https://github.com/advisories/GHSA-952p-6rrq-rcjv',
657 silly audit report       title: 'Regular Expression Denial of Service (ReDoS) in micromatch',
657 silly audit report       severity: 'moderate',
657 silly audit report       vulnerable_versions: '<4.0.8',
657 silly audit report       cwe: [Array],
657 silly audit report       cvss: [Object]
657 silly audit report     }
657 silly audit report   ],
657 silly audit report   mime: [
657 silly audit report     {
657 silly audit report       id: 1093780,
657 silly audit report       url: 'https://github.com/advisories/GHSA-wrvr-8mpx-r7pp',
657 silly audit report       title: 'mime Regular Expression Denial of Service when MIME lookup performed on untrusted user input',
657 silly audit report       severity: 'high',
657 silly audit report       vulnerable_versions: '<1.4.1',
657 silly audit report       cwe: [Array],
657 silly audit report       cvss: [Object]
657 silly audit report     }
657 silly audit report   ],
657 silly audit report   'path-to-regexp': [
657 silly audit report     {
657 silly audit report       id: 1101850,
657 silly audit report       url: 'https://github.com/advisories/GHSA-9wv6-86v2-598j',
657 silly audit report       title: 'path-to-regexp outputs backtracking regular expressions',
657 silly audit report       severity: 'high',
657 silly audit report       vulnerable_versions: '<0.1.10',
657 silly audit report       cwe: [Array],
657 silly audit report       cvss: [Object]
657 silly audit report     },
657 silly audit report     {
657 silly audit report       id: 1105199,
657 silly audit report       url: 'https://github.com/advisories/GHSA-rhx6-c78j-4q9w',
657 silly audit report       title: 'path-to-regexp contains a ReDoS',
657 silly audit report       severity: 'high',
657 silly audit report       vulnerable_versions: '<0.1.12',
657 silly audit report       cwe: [Array],
657 silly audit report       cvss: [Object]
657 silly audit report     },
657 silly audit report     {
657 silly audit report       id: 1115527,
657 silly audit report       url: 'https://github.com/advisories/GHSA-37ch-88jc-xwx2',
657 silly audit report       title: 'path-to-regexp vulnerable to Regular Expression Denial of Service via multiple route parameters',
657 silly audit report       severity: 'high',
657 silly audit report       vulnerable_versions: '<0.1.13',
657 silly audit report       cwe: [Array],
657 silly audit report       cvss: [Object]
657 silly audit report     }
657 silly audit report   ],
657 silly audit report   send: [
657 silly audit report     {
657 silly audit report       id: 1109556,
657 silly audit report       url: 'https://github.com/advisories/GHSA-m6fv-jmcg-4jfg',
657 silly audit report       title: 'send vulnerable to template injection that can lead to XSS',
657 silly audit report       severity: 'low',
657 silly audit report       vulnerable_versions: '<0.19.0',
657 silly audit report       cwe: [Array],
657 silly audit report       cvss: [Object]
657 silly audit report     }
657 silly audit report   ],
657 silly audit report   'cross-spawn': [
657 silly audit report     {
657 silly audit report       id: 1104663,
657 silly audit report       url: 'https://github.com/advisories/GHSA-3xgq-45jj-v275',
657 silly audit report       title: 'Regular Expression Denial of Service (ReDoS) in cross-spawn',
657 silly audit report       severity: 'high',
657 silly audit report       vulnerable_versions: '<6.0.6',
657 silly audit report       cwe: [Array],
657 silly audit report       cvss: [Object]
657 silly audit report     }
657 silly audit report   ],
657 silly audit report   diff: [
657 silly audit report     {
657 silly audit report       id: 1112705,
657 silly audit report       url: 'https://github.com/advisories/GHSA-73rr-hh4g-fpgx',
657 silly audit report       title: 'jsdiff has a Denial of Service vulnerability in parsePatch and applyPatch',
657 silly audit report       severity: 'low',
657 silly audit report       vulnerable_versions: '>=5.0.0 <5.2.2',
657 silly audit report       cwe: [Array],
657 silly audit report       cvss: [Object]
657 silly audit report     }
657 silly audit report   ],
657 silly audit report   'estree-util-value-to-estree': [
657 silly audit report     {
657 silly audit report       id: 1103822,
657 silly audit report       url: 'https://github.com/advisories/GHSA-f7f6-9jq7-3rqj',
657 silly audit report       title: 'estree-util-value-to-estree allows prototype pollution in generated ESTree',
657 silly audit report       severity: 'moderate',
657 silly audit report       vulnerable_versions: '<3.3.3',
657 silly audit report       cwe: [Array],
657 silly audit report       cvss: [Object]
657 silly audit report     }
657 silly audit report   ],
657 silly audit report   qs: [
657 silly audit report     {
657 silly audit report       id: 1113161,
657 silly audit report       url: 'https://github.com/advisories/GHSA-w7fw-mjwx-w883',
657 silly audit report       title: "qs's arrayLimit bypass in comma parsing allows denial of service",
657 silly audit report       severity: 'low',
657 silly audit report       vulnerable_versions: '>=6.7.0 <=6.14.1',
657 silly audit report       cwe: [Array],
657 silly audit report       cvss: [Object]
657 silly audit report     },
657 silly audit report     {
657 silly audit report       id: 1113719,
657 silly audit report       url: 'https://github.com/advisories/GHSA-6rw7-vpxm-498p',
657 silly audit report       title: "qs's arrayLimit bypass in its bracket notation allows DoS via memory exhaustion",
657 silly audit report       severity: 'moderate',
657 silly audit report       vulnerable_versions: '<6.14.1',
657 silly audit report       cwe: [Array],
657 silly audit report       cvss: [Object]
657 silly audit report     }
657 silly audit report   ],
657 silly audit report   'serve-static': [
657 silly audit report     {
657 silly audit report       id: 1100528,
657 silly audit report       url: 'https://github.com/advisories/GHSA-cm22-4g7w-348p',
657 silly audit report       title: 'serve-static vulnerable to template injection that can lead to XSS',
657 silly audit report       severity: 'low',
657 silly audit report       vulnerable_versions: '<1.16.0',
657 silly audit report       cwe: [Array],
657 silly audit report       cvss: [Object]
657 silly audit report     }
657 silly audit report   ],
657 silly audit report   h3: [
657 silly audit report     {
657 silly audit report       id: 1114875,
657 silly audit report       url: 'https://github.com/advisories/GHSA-wr4h-v87w-p3r7',
657 silly audit report       title: 'h3 has a Path Traversal via Percent-Encoded Dot Segments in serveStatic Allows Arbitrary File Read',
657 silly audit report       severity: 'moderate',
657 silly audit report       vulnerable_versions: '<1.15.6',
657 silly audit report       cwe: [Array],
657 silly audit report       cvss: [Object]
657 silly audit report     },
657 silly audit report     {
657 silly audit report       id: 1115114,
657 silly audit report       url: 'https://github.com/advisories/GHSA-4hxc-9384-m385',
657 silly audit report       title: 'h3: SSE Event Injection via Unsanitized Carriage Return (`\\r`) in EventStream Data and Comment Fields (Bypass of CVE Fix)',
657 silly audit report       severity: 'moderate',
657 silly audit report       vulnerable_versions: '<1.15.9',
657 silly audit report       cwe: [Array],
657 silly audit report       cvss: [Object]
657 silly audit report     },
657 silly audit report     {
657 silly audit report       id: 1115117,
657 silly audit report       url: 'https://github.com/advisories/GHSA-72gr-qfp7-vwhw',
657 silly audit report       title: 'h3: Double Decoding in `serveStatic` Bypasses `resolveDotSegments` Path Traversal Protection via `%252e%252e`',
657 silly audit report       severity: 'moderate',
657 silly audit report       vulnerable_versions: '<=1.15.8',
657 silly audit report       cwe: [Array],
657 silly audit report       cvss: [Object]
657 silly audit report     },
657 silly audit report     {
657 silly audit report       id: 1115161,
657 silly audit report       url: 'https://github.com/advisories/GHSA-22cc-p3c6-wpvm',
657 silly audit report       title: 'h3 has a Server-Sent Events Injection via Unsanitized Newlines in Event Stream Fields',
657 silly audit report       severity: 'high',
657 silly audit report       vulnerable_versions: '<1.15.6',
657 silly audit report       cwe: [Array],
657 silly audit report       cvss: [Object]
657 silly audit report     },
657 silly audit report     {
657 silly audit report       id: 1116543,
657 silly audit report       url: 'https://github.com/advisories/GHSA-mp2g-9vg9-f4cg',
657 silly audit report       title: 'h3 v1 has Request Smuggling (TE.TE) issue',
657 silly audit report       severity: 'high',
657 silly audit report       vulnerable_versions: '<=1.15.4',
657 silly audit report       cwe: [Array],
657 silly audit report       cvss: [Object]
657 silly audit report     }
657 silly audit report   ],
657 silly audit report   liquidjs: [
657 silly audit report     {
657 silly audit report       id: 1118680,
657 silly audit report       url: 'https://github.com/advisories/GHSA-4rc3-7j7w-m548',
657 silly audit report       title: 'liquidjs has a Denial of Service via circular block reference in layout',
657 silly audit report       severity: 'high',
657 silly audit report       vulnerable_versions: '<10.25.7',
657 silly audit report       cwe: [Array],
657 silly audit report       cvss: [Object]
657 silly audit report     },
657 silly audit report     {
657 silly audit report       id: 1119606,
657 silly audit report       url: 'https://github.com/advisories/GHSA-8xx9-69p8-7jp3',
657 silly audit report       title: 'LiquidJS has a renderLimit DoS guard bypass via empty `{% for %}` body',
657 silly audit report       severity: 'moderate',
657 silly audit report       vulnerable_versions: '<=10.25.7',
657 silly audit report       cwe: [Array],
657 silly audit report       cvss: [Object]
657 silly audit report     },
657 silly audit report     {
657 silly audit report       id: 1119607,
657 silly audit report       url: 'https://github.com/advisories/GHSA-2qv6-9wx5-cwv4',
657 silly audit report       title: "LiquidJS's strip_html filter bypass via newline characters in HTML tags enables XSS",
657 silly audit report       severity: 'moderate',
657 silly audit report       vulnerable_versions: '<=10.25.7',
657 silly audit report       cwe: [Array],
657 silly audit report       cvss: [Object]
657 silly audit report     },
657 silly audit report     {
657 silly audit report       id: 1119611,
657 silly audit report       url: 'https://github.com/advisories/GHSA-9x9p-qf8f-mvjg',
657 silly audit report       title: "LiquidJS's `{% render %}` tag silently bypasses per-render `ownPropertyOnly:true` via `Context.spawn()`",
657 silly audit report       severity: 'moderate',
657 silly audit report       vulnerable_versions: '<=10.25.7',
657 silly audit report       cwe: [Array],
657 silly audit report       cvss: [Object]
657 silly audit report     },
657 silly audit report     {
657 silly audit report       id: 1119621,
657 silly audit report       url: 'https://github.com/advisories/GHSA-hh27-hf48-9f5q',
657 silly audit report       title: 'LiquidJS has a memory and render limit bypass via unbounded width padding in `date` filter (strftime)',
657 silly audit report       severity: 'high',
657 silly audit report       vulnerable_versions: '<=10.25.7',
657 silly audit report       cwe: [Array],
657 silly audit report       cvss: [Object]
657 silly audit report     },
657 silly audit report     {
657 silly audit report       id: 1119622,
657 silly audit report       url: 'https://github.com/advisories/GHSA-r7g9-xpmj-5fcq',
657 silly audit report       title: 'LiquidJS Vulnerable to ReDoS via Quadratic Backtracking in `strip_html` Filter Regex',
657 silly audit report       severity: 'high',
657 silly audit report       vulnerable_versions: '<10.26.0',
657 silly audit report       cwe: [Array],
657 silly audit report       cvss: [Object]
657 silly audit report     },
657 silly audit report     {
657 silly audit report       id: 1119623,
657 silly audit report       url: 'https://github.com/advisories/GHSA-gf2q-c269-pqgc',
657 silly audit report       title: 'LiquidJS is Vulnerable to Remote Code Execution',
657 silly audit report       severity: 'critical',
657 silly audit report       vulnerable_versions: '<10.26.0',
657 silly audit report       cwe: [Array],
657 silly audit report       cvss: [Object]
657 silly audit report     },
657 silly audit report     {
657 silly audit report       id: 1114439,
657 silly audit report       url: 'https://github.com/advisories/GHSA-wmfp-5q7x-987x',
657 silly audit report       title: 'liquidjs has a path traversal fallback vulnerability',
657 silly audit report       severity: 'high',
657 silly audit report       vulnerable_versions: '<10.25.0',
657 silly audit report       cwe: [Array],
657 silly audit report       cvss: [Object]
657 silly audit report     },
657 silly audit report     {
657 silly audit report       id: 1115623,
657 silly audit report       url: 'https://github.com/advisories/GHSA-6q5m-63h6-5x4v',
657 silly audit report       title: 'LiquidJS has Exponential Memory Amplification through its replace_first Filter $& Pattern',
657 silly audit report       severity: 'high',
657 silly audit report       vulnerable_versions: '<=10.24.0',
657 silly audit report       cwe: [Array],
657 silly audit report       cvss: [Object]
657 silly audit report     },
657 silly audit report     {
657 silly audit report       id: 1115624,
657 silly audit report       url: 'https://github.com/advisories/GHSA-9r5m-9576-7f6x',
657 silly audit report       title: 'LiquidJS: memoryLimit Bypass through Negative Range Values Leads to Process Crash',
657 silly audit report       severity: 'high',
657 silly audit report       vulnerable_versions: '<=10.24.0',
657 silly audit report       cwe: [Array],
657 silly audit report       cvss: [Object]
657 silly audit report     },
657 silly audit report     {
657 silly audit report       id: 1116336,
657 silly audit report       url: 'https://github.com/advisories/GHSA-v273-448j-v4qj',
657 silly audit report       title: 'LiquidJS: `renderFile()` / `parseFile()` bypass configured `root` and allow arbitrary file read',
657 silly audit report       severity: 'moderate',
657 silly audit report       vulnerable_versions: '<=10.25.4',
657 silly audit report       cwe: [Array],
657 silly audit report       cvss: [Object]
657 silly audit report     },
657 silly audit report     {
657 silly audit report       id: 1116337,
657 silly audit report       url: 'https://github.com/advisories/GHSA-rv5g-f82m-qrvv',
657 silly audit report       title: 'LiquidJS: ownPropertyOnly bypass via sort_natural filter — prototype property information disclosure through sorting side-channel',
657 silly audit report       severity: 'moderate',
657 silly audit report       vulnerable_versions: '<=10.25.3',
657 silly audit report       cwe: [Array],
657 silly audit report       cvss: [Object]
657 silly audit report     },
657 silly audit report     {
657 silly audit report       id: 1116340,
657 silly audit report       url: 'https://github.com/advisories/GHSA-mmg9-6m6j-jqqx',
657 silly audit report       title: 'LiquidJS Has Memory Limit Bypass via Quadratic Amplification in `replace` Filter',
657 silly audit report       severity: 'low',
657 silly audit report       vulnerable_versions: '<=10.25.2',
657 silly audit report       cwe: [Array],
657 silly audit report       cvss: [Object]
657 silly audit report     },
657 silly audit report     {
657 silly audit report       id: 1116474,
657 silly audit report       url: 'https://github.com/advisories/GHSA-56p5-8mhr-2fph',
657 silly audit report       title: 'LiquidJS: Root restriction bypass for partial and layout loading through symlinked templates',
657 silly audit report       severity: 'high',
657 silly audit report       vulnerable_versions: '<=10.25.2',
657 silly audit report       cwe: [Array],
657 silly audit report       cvss: [Object]
657 silly audit report     }
657 silly audit report   ],
657 silly audit report   minimatch: [
657 silly audit report     {
657 silly audit report       id: 1113465,
657 silly audit report       url: 'https://github.com/advisories/GHSA-3ppc-4f35-3m26',
657 silly audit report       title: 'minimatch has a ReDoS via repeated wildcards with non-matching literal in pattern',
657 silly audit report       severity: 'high',
657 silly audit report       vulnerable_versions: '>=9.0.0 <9.0.6',
657 silly audit report       cwe: [Array],
657 silly audit report       cvss: [Object]
657 silly audit report     },
657 silly audit report     {
657 silly audit report       id: 1113544,
657 silly audit report       url: 'https://github.com/advisories/GHSA-7r86-cg39-jmmj',
657 silly audit report       title: 'minimatch has ReDoS: matchOne() combinatorial backtracking via multiple non-adjacent GLOBSTAR segments',
657 silly audit report       severity: 'high',
657 silly audit report       vulnerable_versions: '>=9.0.0 <9.0.7',
657 silly audit report       cwe: [Array],
657 silly audit report       cvss: [Object]
657 silly audit report     },
657 silly audit report     {
657 silly audit report       id: 1113552,
657 silly audit report       url: 'https://github.com/advisories/GHSA-23c5-xmqv-rm74',
657 silly audit report       title: 'minimatch ReDoS: nested *() extglobs generate catastrophically backtracking regular expressions',
657 silly audit report       severity: 'high',
657 silly audit report       vulnerable_versions: '>=9.0.0 <9.0.7',
657 silly audit report       cwe: [Array],
657 silly audit report       cvss: [Object]
657 silly audit report     }
657 silly audit report   ],
657 silly audit report   request: [
657 silly audit report     {
657 silly audit report       id: 1096727,
657 silly audit report       url: 'https://github.com/advisories/GHSA-p8p7-x288-28g6',
657 silly audit report       title: 'Server-Side Request Forgery in Request',
657 silly audit report       severity: 'moderate',
657 silly audit report       vulnerable_versions: '<=2.88.2',
657 silly audit report       cwe: [Array],
657 silly audit report       cvss: [Object]
657 silly audit report     }
657 silly audit report   ],
657 silly audit report   'tough-cookie': [
657 silly audit report     {
657 silly audit report       id: 1097682,
657 silly audit report       url: 'https://github.com/advisories/GHSA-72xf-g2v4-qvf3',
657 silly audit report       title: 'tough-cookie Prototype Pollution vulnerability',
657 silly audit report       severity: 'moderate',
657 silly audit report       vulnerable_versions: '<4.1.3',
657 silly audit report       cwe: [Array],
657 silly audit report       cvss: [Object]
657 silly audit report     }
657 silly audit report   ],
657 silly audit report   uuid: [
657 silly audit report     {
657 silly audit report       id: 1119441,
657 silly audit report       url: 'https://github.com/advisories/GHSA-w5hq-g745-h8pq',
657 silly audit report       title: 'uuid: Missing buffer bounds check in v3/v5/v6 when buf is provided',
657 silly audit report       severity: 'moderate',
657 silly audit report       vulnerable_versions: '<11.1.1',
657 silly audit report       cwe: [Array],
657 silly audit report       cvss: [Object]
657 silly audit report     }
657 silly audit report   ],
657 silly audit report   'simple-git': [
657 silly audit report     {
657 silly audit report       id: 1116607,
657 silly audit report       url: 'https://github.com/advisories/GHSA-jcxm-m3jx-f287',
657 silly audit report       title: 'simple-git Affected by Command Execution via Option-Parsing Bypass',
657 silly audit report       severity: 'high',
657 silly audit report       vulnerable_versions: '<3.32.0',
657 silly audit report       cwe: [Array],
657 silly audit report       cvss: [Object]
657 silly audit report     },
657 silly audit report     {
657 silly audit report       id: 1116612,
657 silly audit report       url: 'https://github.com/advisories/GHSA-r275-fr43-pm7q',
657 silly audit report       title: 'simple-git has blockUnsafeOperationsPlugin bypass via case-insensitive protocol.allow config key enables RCE',
657 silly audit report       severity: 'critical',
657 silly audit report       vulnerable_versions: '>=3.15.0 <3.32.3',
657 silly audit report       cwe: [Array],
657 silly audit report       cvss: [Object]
657 silly audit report     },
657 silly audit report     {
657 silly audit report       id: 1117673,
657 silly audit report       url: 'https://github.com/advisories/GHSA-hffm-xvc3-vprc',
657 silly audit report       title: 'simple-git is vulnerable to Remote Code Execution',
657 silly audit report       severity: 'high',
657 silly audit report       vulnerable_versions: '<3.36.0',
657 silly audit report       cwe: [Array],
657 silly audit report       cvss: [Object]
657 silly audit report     }
657 silly audit report   ],
657 silly audit report   tar: [
657 silly audit report     {
657 silly audit report       id: 1112659,
657 silly audit report       url: 'https://github.com/advisories/GHSA-34x7-hfp2-rc4v',
657 silly audit report       title: 'node-tar Vulnerable to Arbitrary File Creation/Overwrite via Hardlink Path Traversal',
657 silly audit report       severity: 'high',
657 silly audit report       vulnerable_versions: '<7.5.7',
657 silly audit report       cwe: [Array],
657 silly audit report       cvss: [Object]
657 silly audit report     },
657 silly audit report     {
657 silly audit report       id: 1113300,
657 silly audit report       url: 'https://github.com/advisories/GHSA-8qq5-rm4j-mr97',
657 silly audit report       title: 'node-tar is Vulnerable to Arbitrary File Overwrite and Symlink Poisoning via Insufficient Path Sanitization',
657 silly audit report       severity: 'high',
657 silly audit report       vulnerable_versions: '<=7.5.2',
657 silly audit report       cwe: [Array],
657 silly audit report       cvss: [Object]
657 silly audit report     },
657 silly audit report     {
657 silly audit report       id: 1113375,
657 silly audit report       url: 'https://github.com/advisories/GHSA-83g3-92jg-28cx',
657 silly audit report       title: 'Arbitrary File Read/Write via Hardlink Target Escape Through Symlink Chain in node-tar Extraction',
657 silly audit report       severity: 'high',
657 silly audit report       vulnerable_versions: '<7.5.8',
657 silly audit report       cwe: [Array],
657 silly audit report       cvss: [Object]
657 silly audit report     },
657 silly audit report     {
657 silly audit report       id: 1114200,
657 silly audit report       url: 'https://github.com/advisories/GHSA-qffp-2rhf-9h96',
657 silly audit report       title: 'tar has Hardlink Path Traversal via Drive-Relative Linkpath',
657 silly audit report       severity: 'high',
657 silly audit report       vulnerable_versions: '<=7.5.9',
657 silly audit report       cwe: [Array],
657 silly audit report       cvss: [Object]
657 silly audit report     },
657 silly audit report     {
657 silly audit report       id: 1114302,
657 silly audit report       url: 'https://github.com/advisories/GHSA-9ppj-qmqm-q256',
657 silly audit report       title: 'node-tar Symlink Path Traversal via Drive-Relative Linkpath',
657 silly audit report       severity: 'high',
657 silly audit report       vulnerable_versions: '<=7.5.10',
657 silly audit report       cwe: [Array],
657 silly audit report       cvss: [Object]
657 silly audit report     },
657 silly audit report     {
657 silly audit report       id: 1120782,
657 silly audit report       url: 'https://github.com/advisories/GHSA-vmf3-w455-68vh',
657 silly audit report       title: 'node-tar applies PAX size override to intermediary GNU long-name/long-link headers, causing tar parser interpretation differential (file smuggling)',
657 silly audit report       severity: 'moderate',
657 silly audit report       vulnerable_versions: '<=7.5.15',
657 silly audit report       cwe: [Array],
657 silly audit report       cvss: [Object]
657 silly audit report     },
657 silly audit report     {
657 silly audit report       id: 1114680,
657 silly audit report       url: 'https://github.com/advisories/GHSA-r6q2-hw4h-h46w',
657 silly audit report       title: 'Race Condition in node-tar Path Reservations via Unicode Ligature Collisions on macOS APFS',
657 silly audit report       severity: 'high',
657 silly audit report       vulnerable_versions: '<=7.5.3',
657 silly audit report       cwe: [Array],
657 silly audit report       cvss: [Object]
657 silly audit report     }
657 silly audit report   ],
657 silly audit report   'turbo-stream': [
657 silly audit report     {
657 silly audit report       id: 1120080,
657 silly audit report       url: 'https://github.com/advisories/GHSA-rxv8-25v2-qmq8',
657 silly audit report       title: 'React Router vulnerable to Denial of Service via reflected user input in single-fetch',
657 silly audit report       severity: 'high',
657 silly audit report       vulnerable_versions: '<3.0.0',
657 silly audit report       cwe: [Array],
657 silly audit report       cvss: [Object]
657 silly audit report     }
657 silly audit report   ]
657 silly audit report }
658 silly packumentCache corgi:https://registry.npmjs.org/lodash cache-miss
659 silly packumentCache corgi:https://registry.npmjs.org/js-yaml cache-miss
660 silly packumentCache corgi:https://registry.npmjs.org/@opentelemetry%2fcore cache-miss
661 silly packumentCache corgi:https://registry.npmjs.org/ws cache-miss
662 silly packumentCache corgi:https://registry.npmjs.org/cookie cache-miss
663 silly packumentCache corgi:https://registry.npmjs.org/esbuild cache-miss
664 silly packumentCache corgi:https://registry.npmjs.org/express cache-miss
665 silly packumentCache corgi:https://registry.npmjs.org/body-parser cache-miss
666 silly packumentCache corgi:https://registry.npmjs.org/form-data cache-miss
667 silly packumentCache corgi:https://registry.npmjs.org/micromatch cache-miss
668 silly packumentCache corgi:https://registry.npmjs.org/mime cache-miss
669 silly packumentCache corgi:https://registry.npmjs.org/path-to-regexp cache-miss
670 silly packumentCache corgi:https://registry.npmjs.org/send cache-miss
671 silly packumentCache corgi:https://registry.npmjs.org/cross-spawn cache-miss
672 silly packumentCache corgi:https://registry.npmjs.org/diff cache-miss
673 silly packumentCache corgi:https://registry.npmjs.org/estree-util-value-to-estree cache-miss
674 silly packumentCache corgi:https://registry.npmjs.org/qs cache-miss
675 silly packumentCache corgi:https://registry.npmjs.org/serve-static cache-miss
676 silly packumentCache corgi:https://registry.npmjs.org/h3 cache-miss
677 silly packumentCache corgi:https://registry.npmjs.org/liquidjs cache-miss
678 silly packumentCache corgi:https://registry.npmjs.org/minimatch cache-miss
679 silly packumentCache corgi:https://registry.npmjs.org/request cache-miss
680 silly packumentCache corgi:https://registry.npmjs.org/tough-cookie cache-miss
681 silly packumentCache corgi:https://registry.npmjs.org/uuid cache-miss
682 silly packumentCache corgi:https://registry.npmjs.org/simple-git cache-miss
683 silly packumentCache corgi:https://registry.npmjs.org/tar cache-miss
684 silly packumentCache corgi:https://registry.npmjs.org/turbo-stream cache-miss
685 http fetch GET 200 https://registry.npmjs.org/@types/pg/-/pg-8.20.0.tgz 526ms (cache miss)
686 http fetch GET 200 https://registry.npmjs.org/pg-pool/-/pg-pool-3.14.0.tgz 538ms (cache miss)
687 http fetch GET 200 https://registry.npmjs.org/@prisma/driver-adapter-utils/-/driver-adapter-utils-7.8.0.tgz 539ms (cache miss)
688 http fetch GET 200 https://registry.npmjs.org/pg-types/-/pg-types-2.2.0.tgz 546ms (cache miss)
689 http fetch GET 200 https://registry.npmjs.org/pg-connection-string/-/pg-connection-string-2.14.0.tgz 582ms (cache miss)
690 http fetch GET 200 https://registry.npmjs.org/form-data 209ms (cache revalidated)
691 silly packumentCache corgi:https://registry.npmjs.org/form-data set size:55002 disposed:false
692 http fetch GET 200 https://registry.npmjs.org/js-yaml 214ms (cache revalidated)
693 silly packumentCache corgi:https://registry.npmjs.org/js-yaml set size:65913 disposed:false
694 http fetch GET 200 https://registry.npmjs.org/mime 212ms (cache revalidated)
695 silly packumentCache corgi:https://registry.npmjs.org/mime set size:48115 disposed:false
696 http fetch GET 200 https://registry.npmjs.org/express 215ms (cache revalidated)
697 silly packumentCache corgi:https://registry.npmjs.org/express set size:339376 disposed:false
698 http fetch GET 200 https://registry.npmjs.org/cookie 220ms (cache revalidated)
699 silly packumentCache corgi:https://registry.npmjs.org/cookie set size:25657 disposed:false
700 http fetch GET 200 https://registry.npmjs.org/esbuild 222ms (cache revalidated)
701 silly packumentCache corgi:https://registry.npmjs.org/esbuild set size:887361 disposed:false
702 http fetch GET 200 https://registry.npmjs.org/path-to-regexp 228ms (cache revalidated)
703 silly packumentCache corgi:https://registry.npmjs.org/path-to-regexp set size:66575 disposed:false
704 http fetch GET 200 https://registry.npmjs.org/ws 232ms (cache revalidated)
705 silly packumentCache corgi:https://registry.npmjs.org/ws set size:199711 disposed:false
706 http fetch GET 200 https://registry.npmjs.org/lodash 235ms (cache revalidated)
707 silly packumentCache corgi:https://registry.npmjs.org/lodash set size:69555 disposed:false
708 http fetch GET 200 https://registry.npmjs.org/micromatch 234ms (cache revalidated)
709 silly packumentCache corgi:https://registry.npmjs.org/micromatch set size:71776 disposed:false
710 http fetch GET 200 https://registry.npmjs.org/body-parser 260ms (cache revalidated)
711 silly packumentCache corgi:https://registry.npmjs.org/body-parser set size:80054 disposed:false
712 http fetch GET 200 https://registry.npmjs.org/send 260ms (cache revalidated)
713 silly packumentCache corgi:https://registry.npmjs.org/send set size:63171 disposed:false
714 http fetch GET 200 https://registry.npmjs.org/@opentelemetry%2fcore 265ms (cache revalidated)
715 silly packumentCache corgi:https://registry.npmjs.org/@opentelemetry%2fcore set size:383875 disposed:false
716 http fetch GET 200 https://registry.npmjs.org/serve-static 264ms (cache revalidated)
717 silly packumentCache corgi:https://registry.npmjs.org/serve-static set size:58234 disposed:false
718 http fetch GET 200 https://registry.npmjs.org/qs 266ms (cache revalidated)
719 silly packumentCache corgi:https://registry.npmjs.org/qs set size:148003 disposed:false
720 http fetch GET 200 https://registry.npmjs.org/estree-util-value-to-estree 268ms (cache revalidated)
721 silly packumentCache corgi:https://registry.npmjs.org/estree-util-value-to-estree set size:27177 disposed:false
722 http fetch GET 200 https://registry.npmjs.org/cross-spawn 269ms (cache revalidated)
723 silly packumentCache corgi:https://registry.npmjs.org/cross-spawn set size:44626 disposed:false
724 http fetch GET 200 https://registry.npmjs.org/uuid 267ms (cache revalidated)
725 silly packumentCache corgi:https://registry.npmjs.org/uuid set size:82973 disposed:false
726 http fetch GET 200 https://registry.npmjs.org/tough-cookie 269ms (cache revalidated)
727 silly packumentCache corgi:https://registry.npmjs.org/tough-cookie set size:56308 disposed:false
728 http fetch GET 200 https://registry.npmjs.org/diff 272ms (cache revalidated)
729 silly packumentCache corgi:https://registry.npmjs.org/diff set size:67741 disposed:false
730 http fetch GET 200 https://registry.npmjs.org/request 272ms (cache revalidated)
731 silly packumentCache corgi:https://registry.npmjs.org/request set size:129997 disposed:false
732 http fetch GET 200 https://registry.npmjs.org/minimatch 274ms (cache revalidated)
733 silly packumentCache corgi:https://registry.npmjs.org/minimatch set size:168441 disposed:false
734 http fetch GET 200 https://registry.npmjs.org/pg-cloudflare/-/pg-cloudflare-1.4.0.tgz 665ms (cache miss)
735 http fetch GET 200 https://registry.npmjs.org/turbo-stream 292ms (cache revalidated)
736 silly packumentCache corgi:https://registry.npmjs.org/turbo-stream set size:20814 disposed:false
737 http fetch GET 200 https://registry.npmjs.org/tar 294ms (cache revalidated)
738 silly packumentCache corgi:https://registry.npmjs.org/tar set size:204996 disposed:false
739 http fetch GET 200 https://registry.npmjs.org/pg-protocol/-/pg-protocol-1.15.0.tgz 693ms (cache miss)
740 info run msgpackr-extract@3.0.4 install node_modules/msgpackr-extract node-gyp-build-optional-packages
741 http fetch GET 200 https://registry.npmjs.org/simple-git 476ms (cache revalidated)
742 silly packumentCache corgi:https://registry.npmjs.org/simple-git set size:332526 disposed:false
743 http fetch GET 200 https://registry.npmjs.org/liquidjs 485ms (cache revalidated)
744 silly packumentCache corgi:https://registry.npmjs.org/liquidjs set size:566215 disposed:false
745 http fetch GET 200 https://registry.npmjs.org/h3 497ms (cache revalidated)
746 silly packumentCache corgi:https://registry.npmjs.org/h3 set size:235478 disposed:false
747 silly packumentCache corgi:https://registry.npmjs.org/@shopify%2fcli-kit cache-miss
748 http fetch GET 200 https://registry.npmjs.org/@shopify%2fcli-kit 722ms (cache revalidated)
749 silly packumentCache corgi:https://registry.npmjs.org/@shopify%2fcli-kit set size:6538808 disposed:false
750 silly packumentCache corgi:https://registry.npmjs.org/@graphql-codegen%2fplugin-helpers cache-miss
751 info run msgpackr-extract@3.0.4 install { code: 1, signal: null }
752 verbose reify failed optional dependency C:\Users\Venugopal K J\Downloads\new-deskribe-ai-merged\new-deskribe-ai-merged\node_modules\msgpackr-extract
753 silly reify mark deleted [
753 silly reify   'C:\\Users\\Venugopal K J\\Downloads\\new-deskribe-ai-merged\\new-deskribe-ai-merged\\node_modules\\msgpackr-extract',
753 silly reify   'C:\\Users\\Venugopal K J\\Downloads\\new-deskribe-ai-merged\\new-deskribe-ai-merged\\node_modules\\.bin\\download-msgpackr-prebuilds',
753 silly reify   'C:\\Users\\Venugopal K J\\Downloads\\new-deskribe-ai-merged\\new-deskribe-ai-merged\\node_modules\\.bin\\download-msgpackr-prebuilds.cmd',
753 silly reify   'C:\\Users\\Venugopal K J\\Downloads\\new-deskribe-ai-merged\\new-deskribe-ai-merged\\node_modules\\.bin\\download-msgpackr-prebuilds.ps1'
753 silly reify ]
754 verbose reify failed optional dependency C:\Users\Venugopal K J\Downloads\new-deskribe-ai-merged\new-deskribe-ai-merged\node_modules\node-gyp-build-optional-packages
755 silly reify mark deleted [
755 silly reify   'C:\\Users\\Venugopal K J\\Downloads\\new-deskribe-ai-merged\\new-deskribe-ai-merged\\node_modules\\node-gyp-build-optional-packages',
755 silly reify   'C:\\Users\\Venugopal K J\\Downloads\\new-deskribe-ai-merged\\new-deskribe-ai-merged\\node_modules\\.bin\\node-gyp-build-optional-packages',
755 silly reify   'C:\\Users\\Venugopal K J\\Downloads\\new-deskribe-ai-merged\\new-deskribe-ai-merged\\node_modules\\.bin\\node-gyp-build-optional-packages.cmd',
755 silly reify   'C:\\Users\\Venugopal K J\\Downloads\\new-deskribe-ai-merged\\new-deskribe-ai-merged\\node_modules\\.bin\\node-gyp-build-optional-packages.ps1',
755 silly reify   'C:\\Users\\Venugopal K J\\Downloads\\new-deskribe-ai-merged\\new-deskribe-ai-merged\\node_modules\\.bin\\node-gyp-build-optional-packages-optional',
755 silly reify   'C:\\Users\\Venugopal K J\\Downloads\\new-deskribe-ai-merged\\new-deskribe-ai-merged\\node_modules\\.bin\\node-gyp-build-optional-packages-optional.cmd',
755 silly reify   'C:\\Users\\Venugopal K J\\Downloads\\new-deskribe-ai-merged\\new-deskribe-ai-merged\\node_modules\\.bin\\node-gyp-build-optional-packages-optional.ps1',
755 silly reify   'C:\\Users\\Venugopal K J\\Downloads\\new-deskribe-ai-merged\\new-deskribe-ai-merged\\node_modules\\.bin\\node-gyp-build-optional-packages-test',
755 silly reify   'C:\\Users\\Venugopal K J\\Downloads\\new-deskribe-ai-merged\\new-deskribe-ai-merged\\node_modules\\.bin\\node-gyp-build-optional-packages-test.cmd',
755 silly reify   'C:\\Users\\Venugopal K J\\Downloads\\new-deskribe-ai-merged\\new-deskribe-ai-merged\\node_modules\\.bin\\node-gyp-build-optional-packages-test.ps1'
755 silly reify ]
756 verbose reify failed optional dependency C:\Users\Venugopal K J\Downloads\new-deskribe-ai-merged\new-deskribe-ai-merged\node_modules\@msgpackr-extract\msgpackr-extract-darwin-arm64
757 silly reify mark deleted [
757 silly reify   'C:\\Users\\Venugopal K J\\Downloads\\new-deskribe-ai-merged\\new-deskribe-ai-merged\\node_modules\\@msgpackr-extract\\msgpackr-extract-darwin-arm64'
757 silly reify ]
758 verbose reify failed optional dependency C:\Users\Venugopal K J\Downloads\new-deskribe-ai-merged\new-deskribe-ai-merged\node_modules\@msgpackr-extract\msgpackr-extract-darwin-x64
759 silly reify mark deleted [
759 silly reify   'C:\\Users\\Venugopal K J\\Downloads\\new-deskribe-ai-merged\\new-deskribe-ai-merged\\node_modules\\@msgpackr-extract\\msgpackr-extract-darwin-x64'
759 silly reify ]
760 verbose reify failed optional dependency C:\Users\Venugopal K J\Downloads\new-deskribe-ai-merged\new-deskribe-ai-merged\node_modules\@msgpackr-extract\msgpackr-extract-linux-arm
761 silly reify mark deleted [
761 silly reify   'C:\\Users\\Venugopal K J\\Downloads\\new-deskribe-ai-merged\\new-deskribe-ai-merged\\node_modules\\@msgpackr-extract\\msgpackr-extract-linux-arm'
761 silly reify ]
762 verbose reify failed optional dependency C:\Users\Venugopal K J\Downloads\new-deskribe-ai-merged\new-deskribe-ai-merged\node_modules\@msgpackr-extract\msgpackr-extract-linux-arm64
763 silly reify mark deleted [
763 silly reify   'C:\\Users\\Venugopal K J\\Downloads\\new-deskribe-ai-merged\\new-deskribe-ai-merged\\node_modules\\@msgpackr-extract\\msgpackr-extract-linux-arm64'
763 silly reify ]
764 verbose reify failed optional dependency C:\Users\Venugopal K J\Downloads\new-deskribe-ai-merged\new-deskribe-ai-merged\node_modules\@msgpackr-extract\msgpackr-extract-linux-x64
765 silly reify mark deleted [
765 silly reify   'C:\\Users\\Venugopal K J\\Downloads\\new-deskribe-ai-merged\\new-deskribe-ai-merged\\node_modules\\@msgpackr-extract\\msgpackr-extract-linux-x64'
765 silly reify ]
766 verbose reify failed optional dependency C:\Users\Venugopal K J\Downloads\new-deskribe-ai-merged\new-deskribe-ai-merged\node_modules\@msgpackr-extract\msgpackr-extract-win32-x64
767 silly reify mark deleted [
767 silly reify   'C:\\Users\\Venugopal K J\\Downloads\\new-deskribe-ai-merged\\new-deskribe-ai-merged\\node_modules\\@msgpackr-extract\\msgpackr-extract-win32-x64'
767 silly reify ]
768 http fetch GET 200 https://registry.npmjs.org/@graphql-codegen%2fplugin-helpers 1024ms (cache revalidated)
769 silly packumentCache corgi:https://registry.npmjs.org/@graphql-codegen%2fplugin-helpers set size:9947435 disposed:false
770 silly packumentCache corgi:https://registry.npmjs.org/@opentelemetry%2fresources cache-miss
771 silly packumentCache corgi:https://registry.npmjs.org/@opentelemetry%2fsdk-metrics cache-miss
772 silly packumentCache corgi:https://registry.npmjs.org/@opentelemetry%2fexporter-metrics-otlp-http cache-miss
773 silly packumentCache corgi:https://registry.npmjs.org/@opentelemetry%2fotlp-exporter-base cache-miss
774 silly packumentCache corgi:https://registry.npmjs.org/@opentelemetry%2fotlp-transformer cache-miss
775 silly packumentCache corgi:https://registry.npmjs.org/@opentelemetry%2fsdk-logs cache-miss
776 silly packumentCache corgi:https://registry.npmjs.org/@opentelemetry%2fsdk-trace-base cache-miss
777 http fetch GET 200 https://registry.npmjs.org/@opentelemetry%2fsdk-metrics 113ms (cache revalidated)
778 silly packumentCache corgi:https://registry.npmjs.org/@opentelemetry%2fsdk-metrics set size:77591 disposed:false
779 http fetch GET 200 https://registry.npmjs.org/@opentelemetry%2fotlp-exporter-base 115ms (cache revalidated)
780 silly packumentCache corgi:https://registry.npmjs.org/@opentelemetry%2fotlp-exporter-base set size:104519 disposed:false
781 http fetch GET 200 https://registry.npmjs.org/@opentelemetry%2fsdk-logs 117ms (cache revalidated)
782 silly packumentCache corgi:https://registry.npmjs.org/@opentelemetry%2fsdk-logs set size:82314 disposed:false
783 http fetch GET 200 https://registry.npmjs.org/@opentelemetry%2fresources 122ms (cache revalidated)
784 silly packumentCache corgi:https://registry.npmjs.org/@opentelemetry%2fresources set size:344735 disposed:false
785 http fetch GET 200 https://registry.npmjs.org/@opentelemetry%2fotlp-transformer 271ms (cache revalidated)
786 silly packumentCache corgi:https://registry.npmjs.org/@opentelemetry%2fotlp-transformer set size:112040 disposed:false
787 http fetch GET 200 https://registry.npmjs.org/@opentelemetry%2fsdk-trace-base 277ms (cache revalidated)
788 silly packumentCache corgi:https://registry.npmjs.org/@opentelemetry%2fsdk-trace-base set size:139017 disposed:false
789 http fetch GET 200 https://registry.npmjs.org/@opentelemetry%2fexporter-metrics-otlp-http 303ms (cache revalidated)
790 silly packumentCache corgi:https://registry.npmjs.org/@opentelemetry%2fexporter-metrics-otlp-http set size:127997 disposed:false
791 silly packumentCache corgi:https://registry.npmjs.org/@shopify%2fapp cache-miss
792 http fetch GET 200 https://registry.npmjs.org/@shopify%2fapp 669ms (cache revalidated)
793 silly packumentCache corgi:https://registry.npmjs.org/@shopify%2fapp set size:1310545 disposed:false
794 silly packumentCache corgi:https://registry.npmjs.org/@luckycatfactory%2fesbuild-graphql-loader cache-miss
795 silly packumentCache corgi:https://registry.npmjs.org/@remix-run%2fdev cache-miss
796 silly packumentCache corgi:https://registry.npmjs.org/@vanilla-extract%2fintegration cache-miss
797 silly packumentCache corgi:https://registry.npmjs.org/esbuild-plugins-node-modules-polyfill cache-miss
798 http fetch GET 200 https://registry.npmjs.org/@vanilla-extract%2fintegration 231ms (cache revalidated)
799 silly packumentCache corgi:https://registry.npmjs.org/@vanilla-extract%2fintegration set size:218151 disposed:false
800 http fetch GET 200 https://registry.npmjs.org/esbuild-plugins-node-modules-polyfill 261ms (cache revalidated)
801 silly packumentCache corgi:https://registry.npmjs.org/esbuild-plugins-node-modules-polyfill set size:674049 disposed:false
802 http fetch GET 200 https://registry.npmjs.org/@luckycatfactory%2fesbuild-graphql-loader 613ms (cache revalidated)
803 silly packumentCache corgi:https://registry.npmjs.org/@luckycatfactory%2fesbuild-graphql-loader set size:33744 disposed:false
804 http fetch GET 200 https://registry.npmjs.org/@remix-run%2fdev 681ms (cache revalidated)
805 silly packumentCache corgi:https://registry.npmjs.org/@remix-run%2fdev set size:3287516 disposed:false
806 silly packumentCache corgi:https://registry.npmjs.org/@shopify%2fcli cache-miss
807 http fetch GET 200 https://registry.npmjs.org/@shopify%2fcli 452ms (cache revalidated)
808 silly packumentCache corgi:https://registry.npmjs.org/@shopify%2fcli set size:3603117 disposed:false
809 silly packumentCache corgi:https://registry.npmjs.org/force cache-miss
810 http fetch GET 200 https://registry.npmjs.org/force 342ms (cache revalidated)
811 silly packumentCache corgi:https://registry.npmjs.org/force set size:1871 disposed:false
812 silly packumentCache corgi:https://registry.npmjs.org/execa cache-miss
813 http fetch GET 200 https://registry.npmjs.org/execa 58ms (cache revalidated)
814 silly packumentCache corgi:https://registry.npmjs.org/execa set size:88813 disposed:false
815 silly packumentCache corgi:https://registry.npmjs.org/uvu cache-miss
816 http fetch GET 200 https://registry.npmjs.org/uvu 345ms (cache revalidated)
817 silly packumentCache corgi:https://registry.npmjs.org/uvu set size:79888 disposed:false
818 silly packumentCache corgi:https://registry.npmjs.org/remark-mdx-frontmatter cache-miss
819 http fetch GET 200 https://registry.npmjs.org/remark-mdx-frontmatter 72ms (cache revalidated)
820 silly packumentCache corgi:https://registry.npmjs.org/remark-mdx-frontmatter set size:26447 disposed:false
821 silly packumentCache corgi:https://registry.npmjs.org/@eslint%2feslintrc cache-miss
822 silly packumentCache corgi:https://registry.npmjs.org/@humanwhocodes%2fconfig-array cache-miss
823 silly packumentCache corgi:https://registry.npmjs.org/@shopify%2ftheme-check-common cache-miss
824 silly packumentCache corgi:https://registry.npmjs.org/glob cache-miss
825 silly packumentCache corgi:https://registry.npmjs.org/eslint cache-miss
826 silly packumentCache corgi:https://registry.npmjs.org/eslint-plugin-import cache-miss
827 silly packumentCache corgi:https://registry.npmjs.org/eslint-plugin-jsx-a11y cache-miss
828 silly packumentCache corgi:https://registry.npmjs.org/eslint-plugin-node cache-miss
829 silly packumentCache corgi:https://registry.npmjs.org/eslint-plugin-react cache-miss
830 silly packumentCache corgi:https://registry.npmjs.org/filelist cache-miss
831 silly packumentCache corgi:https://registry.npmjs.org/graphql-config cache-miss
832 silly packumentCache corgi:https://registry.npmjs.org/readdir-glob cache-miss
833 http fetch GET 200 https://registry.npmjs.org/eslint 111ms (cache revalidated)
834 silly packumentCache corgi:https://registry.npmjs.org/eslint set size:1166243 disposed:false
835 http fetch GET 200 https://registry.npmjs.org/filelist 127ms (cache revalidated)
836 silly packumentCache corgi:https://registry.npmjs.org/filelist set size:11409 disposed:false
837 http fetch GET 200 https://registry.npmjs.org/readdir-glob 128ms (cache revalidated)
838 silly packumentCache corgi:https://registry.npmjs.org/readdir-glob set size:12111 disposed:false
839 http fetch GET 200 https://registry.npmjs.org/eslint-plugin-node 130ms (cache revalidated)
840 silly packumentCache corgi:https://registry.npmjs.org/eslint-plugin-node set size:65154 disposed:false
841 http fetch GET 200 https://registry.npmjs.org/eslint-plugin-import 132ms (cache revalidated)
842 silly packumentCache corgi:https://registry.npmjs.org/eslint-plugin-import set size:238396 disposed:false
843 http fetch GET 200 https://registry.npmjs.org/eslint-plugin-jsx-a11y 135ms (cache revalidated)
844 silly packumentCache corgi:https://registry.npmjs.org/eslint-plugin-jsx-a11y set size:108835 disposed:false
845 http fetch GET 200 https://registry.npmjs.org/eslint-plugin-react 136ms (cache revalidated)
846 silly packumentCache corgi:https://registry.npmjs.org/eslint-plugin-react set size:309843 disposed:false
847 http fetch GET 200 https://registry.npmjs.org/@humanwhocodes%2fconfig-array 143ms (cache revalidated)
848 silly packumentCache corgi:https://registry.npmjs.org/@humanwhocodes%2fconfig-array set size:69299 disposed:false
849 http fetch GET 200 https://registry.npmjs.org/glob 143ms (cache revalidated)
850 silly packumentCache corgi:https://registry.npmjs.org/glob set size:199194 disposed:false
851 http fetch GET 200 https://registry.npmjs.org/@eslint%2feslintrc 149ms (cache revalidated)
852 silly packumentCache corgi:https://registry.npmjs.org/@eslint%2feslintrc set size:83205 disposed:false
853 http fetch GET 200 https://registry.npmjs.org/graphql-config 304ms (cache revalidated)
854 silly packumentCache corgi:https://registry.npmjs.org/graphql-config set size:758216 disposed:false
855 http fetch GET 200 https://registry.npmjs.org/@shopify%2ftheme-check-common 721ms (cache revalidated)
856 silly packumentCache corgi:https://registry.npmjs.org/@shopify%2ftheme-check-common set size:72642 disposed:false
857 silly packumentCache corgi:https://registry.npmjs.org/cacache cache-miss
858 http fetch GET 200 https://registry.npmjs.org/cacache 63ms (cache revalidated)
859 silly packumentCache corgi:https://registry.npmjs.org/cacache set size:158807 disposed:false
860 silly packumentCache corgi:https://registry.npmjs.org/@remix-run%2freact cache-miss
861 silly packumentCache corgi:https://registry.npmjs.org/@remix-run%2fserver-runtime cache-miss
862 http fetch GET 200 https://registry.npmjs.org/@remix-run%2fserver-runtime 470ms (cache revalidated)
863 silly packumentCache corgi:https://registry.npmjs.org/@remix-run%2fserver-runtime set size:1622572 disposed:false
864 http fetch GET 200 https://registry.npmjs.org/@remix-run%2freact 662ms (cache revalidated)
865 silly packumentCache corgi:https://registry.npmjs.org/@remix-run%2freact set size:1661131 disposed:false
866 silly packumentCache corgi:https://registry.npmjs.org/@shopify%2fcreate-app cache-miss
867 silly packumentCache corgi:https://registry.npmjs.org/@shopify%2fplugin-cloudflare cache-miss
868 http fetch GET 200 https://registry.npmjs.org/@shopify%2fcreate-app 276ms (cache revalidated)
869 silly packumentCache corgi:https://registry.npmjs.org/@shopify%2fcreate-app set size:2755751 disposed:false
870 http fetch GET 200 https://registry.npmjs.org/@shopify%2fplugin-cloudflare 670ms (cache revalidated)
871 silly packumentCache corgi:https://registry.npmjs.org/@shopify%2fplugin-cloudflare set size:2208153 disposed:false
872 silly packumentCache corgi:https://registry.npmjs.org/@graphql-codegen%2fadd cache-miss
873 silly packumentCache corgi:https://registry.npmjs.org/@graphql-codegen%2fcli cache-miss
874 silly packumentCache corgi:https://registry.npmjs.org/@graphql-codegen%2fclient-preset cache-miss
875 silly packumentCache corgi:https://registry.npmjs.org/@graphql-codegen%2fschema-ast cache-miss
876 silly packumentCache corgi:https://registry.npmjs.org/@graphql-codegen%2ftypescript cache-miss
877 silly packumentCache corgi:https://registry.npmjs.org/@graphql-codegen%2fcore cache-miss
878 silly packumentCache corgi:https://registry.npmjs.org/@graphql-codegen%2fgql-tag-operations cache-miss
879 silly packumentCache corgi:https://registry.npmjs.org/@graphql-codegen%2fvisitor-plugin-common cache-miss
880 silly packumentCache corgi:https://registry.npmjs.org/@graphql-codegen%2fintrospection cache-miss
881 silly packumentCache corgi:https://registry.npmjs.org/@graphql-codegen%2ftyped-document-node cache-miss
882 silly packumentCache corgi:https://registry.npmjs.org/@graphql-codegen%2ftypescript-operations cache-miss
883 http fetch GET 200 https://registry.npmjs.org/@graphql-codegen%2fschema-ast 280ms (cache revalidated)
884 silly packumentCache corgi:https://registry.npmjs.org/@graphql-codegen%2fschema-ast set size:8684604 disposed:false
885 http fetch GET 200 https://registry.npmjs.org/@graphql-codegen%2fgql-tag-operations 507ms (cache revalidated)
886 silly packumentCache corgi:https://registry.npmjs.org/@graphql-codegen%2fgql-tag-operations set size:4011654 disposed:false
887 http fetch GET 200 https://registry.npmjs.org/@graphql-codegen%2fclient-preset 582ms (cache revalidated)
888 silly packumentCache corgi:https://registry.npmjs.org/@graphql-codegen%2fclient-preset set size:5120546 disposed:false
889 http fetch GET 200 https://registry.npmjs.org/@graphql-codegen%2fintrospection 668ms (cache revalidated)
890 silly packumentCache corgi:https://registry.npmjs.org/@graphql-codegen%2fintrospection set size:8840520 disposed:false
891 http fetch GET 200 https://registry.npmjs.org/@graphql-codegen%2ftyped-document-node 868ms (cache revalidated)
892 silly packumentCache corgi:https://registry.npmjs.org/@graphql-codegen%2ftyped-document-node set size:4075573 disposed:false
893 http fetch GET 200 https://registry.npmjs.org/@graphql-codegen%2fadd 952ms (cache revalidated)
894 silly packumentCache corgi:https://registry.npmjs.org/@graphql-codegen%2fadd set size:7992670 disposed:false
895 http fetch GET 200 https://registry.npmjs.org/@graphql-codegen%2ftypescript-operations 1085ms (cache revalidated)
896 silly packumentCache corgi:https://registry.npmjs.org/@graphql-codegen%2ftypescript-operations set size:11554328 disposed:false
897 http fetch GET 200 https://registry.npmjs.org/@graphql-codegen%2fcore 1273ms (cache revalidated)
898 silly packumentCache corgi:https://registry.npmjs.org/@graphql-codegen%2fcore set size:8749549 disposed:false
899 http fetch GET 200 https://registry.npmjs.org/@graphql-codegen%2fvisitor-plugin-common 1441ms (cache revalidated)
900 silly packumentCache corgi:https://registry.npmjs.org/@graphql-codegen%2fvisitor-plugin-common set size:12068720 disposed:false
901 http fetch GET 200 https://registry.npmjs.org/@graphql-codegen%2fcli 1687ms (cache revalidated)
902 silly packumentCache corgi:https://registry.npmjs.org/@graphql-codegen%2fcli set size:17033084 disposed:false
903 http fetch GET 200 https://registry.npmjs.org/@graphql-codegen%2ftypescript 1895ms (cache revalidated)
904 silly packumentCache corgi:https://registry.npmjs.org/@graphql-codegen%2ftypescript set size:11024066 disposed:false
905 silly packumentCache corgi:https://registry.npmjs.org/@remix-run%2ffs-routes cache-miss
906 silly packumentCache corgi:https://registry.npmjs.org/@remix-run%2froute-config cache-miss
907 http fetch GET 200 https://registry.npmjs.org/@remix-run%2froute-config 662ms (cache revalidated)
908 silly packumentCache corgi:https://registry.npmjs.org/@remix-run%2froute-config set size:56119 disposed:false
909 http fetch GET 200 https://registry.npmjs.org/@remix-run%2ffs-routes 718ms (cache revalidated)
910 silly packumentCache corgi:https://registry.npmjs.org/@remix-run%2ffs-routes set size:56058 disposed:false
911 silly packumentCache corgi:https://registry.npmjs.org/pid-from-port cache-miss
912 http fetch GET 200 https://registry.npmjs.org/pid-from-port 57ms (cache revalidated)
913 silly packumentCache corgi:https://registry.npmjs.org/pid-from-port set size:3922 disposed:false
914 silly packumentCache corgi:https://registry.npmjs.org/@babel%2feslint-parser cache-miss
915 silly packumentCache corgi:https://registry.npmjs.org/@eslint-community%2feslint-utils cache-miss
916 silly packumentCache corgi:https://registry.npmjs.org/@remix-run%2feslint-config cache-miss
917 silly packumentCache corgi:https://registry.npmjs.org/@typescript-eslint%2feslint-plugin cache-miss
918 silly packumentCache corgi:https://registry.npmjs.org/@typescript-eslint%2fparser cache-miss
919 silly packumentCache corgi:https://registry.npmjs.org/@typescript-eslint%2ftype-utils cache-miss
920 silly packumentCache corgi:https://registry.npmjs.org/@typescript-eslint%2futils cache-miss
921 silly packumentCache corgi:https://registry.npmjs.org/eslint-config-prettier cache-miss
922 silly packumentCache corgi:https://registry.npmjs.org/eslint-import-resolver-typescript cache-miss
923 silly packumentCache corgi:https://registry.npmjs.org/eslint-plugin-es cache-miss
924 silly packumentCache corgi:https://registry.npmjs.org/eslint-plugin-jest cache-miss
925 silly packumentCache corgi:https://registry.npmjs.org/eslint-plugin-jest-dom cache-miss
926 silly packumentCache corgi:https://registry.npmjs.org/eslint-plugin-react-hooks cache-miss
927 silly packumentCache corgi:https://registry.npmjs.org/eslint-plugin-testing-library cache-miss
928 http fetch GET 200 https://registry.npmjs.org/eslint-plugin-jest 93ms (cache revalidated)
929 silly packumentCache corgi:https://registry.npmjs.org/eslint-plugin-jest set size:798183 disposed:false
930 http fetch GET 200 https://registry.npmjs.org/eslint-config-prettier 104ms (cache revalidated)
931 silly packumentCache corgi:https://registry.npmjs.org/eslint-config-prettier set size:119192 disposed:false
932 http fetch GET 200 https://registry.npmjs.org/@eslint-community%2feslint-utils 107ms (cache revalidated)
933 silly packumentCache corgi:https://registry.npmjs.org/@eslint-community%2feslint-utils set size:44347 disposed:false
934 http fetch GET 200 https://registry.npmjs.org/eslint-plugin-es 107ms (cache revalidated)
935 silly packumentCache corgi:https://registry.npmjs.org/eslint-plugin-es set size:23770 disposed:false
936 http fetch GET 200 https://registry.npmjs.org/eslint-plugin-testing-library 108ms (cache revalidated)
937 silly packumentCache corgi:https://registry.npmjs.org/eslint-plugin-testing-library set size:461697 disposed:false
938 http fetch GET 200 https://registry.npmjs.org/@typescript-eslint%2futils 128ms (cache revalidated)
939 silly packumentCache corgi:https://registry.npmjs.org/@typescript-eslint%2futils set size:4752511 disposed:false
940 http fetch GET 200 https://registry.npmjs.org/eslint-plugin-react-hooks 194ms (cache revalidated)
941 silly packumentCache corgi:https://registry.npmjs.org/eslint-plugin-react-hooks set size:4259571 disposed:false
942 http fetch GET 200 https://registry.npmjs.org/@babel%2feslint-parser 255ms (cache revalidated)
943 silly packumentCache corgi:https://registry.npmjs.org/@babel%2feslint-parser set size:123313 disposed:false
944 http fetch GET 200 https://registry.npmjs.org/@typescript-eslint%2fparser 280ms (cache revalidated)
945 silly packumentCache corgi:https://registry.npmjs.org/@typescript-eslint%2fparser set size:8135035 disposed:false
946 http fetch GET 200 https://registry.npmjs.org/@typescript-eslint%2feslint-plugin 423ms (cache revalidated)
947 silly packumentCache corgi:https://registry.npmjs.org/@typescript-eslint%2feslint-plugin set size:9705520 disposed:false
948 http fetch GET 200 https://registry.npmjs.org/eslint-plugin-jest-dom 589ms (cache revalidated)
949 silly packumentCache corgi:https://registry.npmjs.org/eslint-plugin-jest-dom set size:102603 disposed:false
950 http fetch GET 200 https://registry.npmjs.org/eslint-import-resolver-typescript 593ms (cache revalidated)
951 silly packumentCache corgi:https://registry.npmjs.org/eslint-import-resolver-typescript set size:139765 disposed:false
952 http fetch GET 200 https://registry.npmjs.org/@typescript-eslint%2ftype-utils 608ms (cache revalidated)
953 silly packumentCache corgi:https://registry.npmjs.org/@typescript-eslint%2ftype-utils set size:4760453 disposed:false
954 http fetch GET 200 https://registry.npmjs.org/@remix-run%2feslint-config 704ms (cache revalidated)
955 silly packumentCache corgi:https://registry.npmjs.org/@remix-run%2feslint-config set size:2238731 disposed:false
956 silly packumentCache corgi:https://registry.npmjs.org/jake cache-miss
957 http fetch GET 200 https://registry.npmjs.org/jake 57ms (cache revalidated)
958 silly packumentCache corgi:https://registry.npmjs.org/jake set size:134590 disposed:false
959 silly packumentCache corgi:https://registry.npmjs.org/archiver cache-miss
960 http fetch GET 200 https://registry.npmjs.org/archiver 261ms (cache revalidated)
961 silly packumentCache corgi:https://registry.npmjs.org/archiver set size:81778 disposed:false
962 silly packumentCache corgi:https://registry.npmjs.org/@shopify%2ftheme-check-node cache-miss
963 silly packumentCache corgi:https://registry.npmjs.org/archiver-utils cache-miss
964 silly packumentCache corgi:https://registry.npmjs.org/@npmcli%2fpackage-json cache-miss
965 silly packumentCache corgi:https://registry.npmjs.org/rimraf cache-miss
966 http fetch GET 200 https://registry.npmjs.org/rimraf 58ms (cache revalidated)
967 silly packumentCache corgi:https://registry.npmjs.org/rimraf set size:87794 disposed:false
968 http fetch GET 200 https://registry.npmjs.org/archiver-utils 261ms (cache revalidated)
969 silly packumentCache corgi:https://registry.npmjs.org/archiver-utils set size:14649 disposed:false
970 http fetch GET 200 https://registry.npmjs.org/@npmcli%2fpackage-json 497ms (cache revalidated)
971 silly packumentCache corgi:https://registry.npmjs.org/@npmcli%2fpackage-json set size:32660 disposed:false
972 http fetch GET 200 https://registry.npmjs.org/@shopify%2ftheme-check-node 692ms (cache revalidated)
973 silly packumentCache corgi:https://registry.npmjs.org/@shopify%2ftheme-check-node set size:61396 disposed:false
974 silly packumentCache corgi:https://registry.npmjs.org/@shopify%2ftheme-check-docs-updater cache-miss
975 http fetch GET 200 https://registry.npmjs.org/@shopify%2ftheme-check-docs-updater 218ms (cache revalidated)
976 silly packumentCache corgi:https://registry.npmjs.org/@shopify%2ftheme-check-docs-updater set size:64045 disposed:false
977 silly packumentCache corgi:https://registry.npmjs.org/@remix-run%2fnode cache-miss
978 silly packumentCache corgi:https://registry.npmjs.org/@shopify%2fshopify-app-remix cache-miss
979 http fetch GET 200 https://registry.npmjs.org/@remix-run%2fnode 667ms (cache revalidated)
980 silly packumentCache corgi:https://registry.npmjs.org/@remix-run%2fnode set size:1683020 disposed:false
981 http fetch GET 200 https://registry.npmjs.org/@shopify%2fshopify-app-remix 697ms (cache revalidated)
982 silly packumentCache corgi:https://registry.npmjs.org/@shopify%2fshopify-app-remix set size:89456 disposed:false
983 silly packumentCache corgi:https://registry.npmjs.org/@shopify%2fapi-codegen-preset cache-miss
984 http fetch GET 200 https://registry.npmjs.org/@shopify%2fapi-codegen-preset 664ms (cache revalidated)
985 silly packumentCache corgi:https://registry.npmjs.org/@shopify%2fapi-codegen-preset set size:22698 disposed:false
986 silly packumentCache corgi:https://registry.npmjs.org/@shopify%2fgraphql-codegen cache-miss
987 http fetch GET 200 https://registry.npmjs.org/@shopify%2fgraphql-codegen 702ms (cache revalidated)
988 silly packumentCache corgi:https://registry.npmjs.org/@shopify%2fgraphql-codegen set size:3705 disposed:false
989 silly packumentCache corgi:https://registry.npmjs.org/kill-port-process cache-miss
990 http cache https://registry.npmjs.org/kill-port-process 11ms (cache hit)
991 silly packumentCache corgi:https://registry.npmjs.org/kill-port-process set size:37601 disposed:false
992 silly packumentCache corgi:https://registry.npmjs.org/zip-stream cache-miss
993 http cache https://registry.npmjs.org/zip-stream 7ms (cache hit)
994 silly packumentCache corgi:https://registry.npmjs.org/zip-stream set size:54176 disposed:false
995 silly packumentCache corgi:https://registry.npmjs.org/@remix-run%2fexpress cache-miss
996 silly packumentCache corgi:https://registry.npmjs.org/@remix-run%2fserve cache-miss
997 http cache https://registry.npmjs.org/@remix-run%2fserve 39ms (cache hit)
998 silly packumentCache corgi:https://registry.npmjs.org/@remix-run%2fserve set size:1556682 disposed:false
999 http cache https://registry.npmjs.org/@remix-run%2fexpress 57ms (cache hit)
1000 silly packumentCache corgi:https://registry.npmjs.org/@remix-run%2fexpress set size:1533940 disposed:false
1001 silly ADD node_modules/split2
1002 silly ADD node_modules/postgres-interval
1003 silly ADD node_modules/postgres-date
1004 silly ADD node_modules/postgres-bytea
1005 silly ADD node_modules/pg-int8
1006 silly ADD node_modules/pgpass
1007 silly ADD node_modules/pg-pool
1008 silly ADD node_modules/pg-connection-string
1009 silly ADD node_modules/pg-cloudflare
1010 silly ADD node_modules/pg-types
1011 silly ADD node_modules/pg-types/node_modules/postgres-array
1012 silly ADD node_modules/pg-protocol
1013 silly ADD node_modules/postgres-array
1014 silly ADD node_modules/@types/pg
1015 silly ADD node_modules/@prisma/driver-adapter-utils
1016 silly ADD node_modules/@prisma/driver-adapter-utils/node_modules/@prisma/debug
1017 silly ADD node_modules/pg
1018 silly ADD node_modules/@prisma/adapter-pg
1019 silly ADD
1020 silly ADD
1021 verbose cwd C:\Users\Venugopal K J\Downloads\new-deskribe-ai-merged\new-deskribe-ai-merged
1022 verbose os Windows_NT 10.0.26200
1023 verbose node v24.16.0
1024 verbose npm  v11.11.1
1025 verbose exit 0
1026 info ok
